REPORTER_LAB,PARTNER_LAB,PRODUCT_LAB,FLOW_LAB,STAT_PROCEDURE_LAB,PERIOD_LAB,INDICATORS_LAB,INDICATOR_VALUE
"Austria","Belgium (incl. Luxembourg 'LU' -> 1998)","Total","IMPORT","Total","Jan.-Dec. 2024","VALUE_IN_EUR",4773729748
"Austria","Belgium (incl. Luxembourg 'LU' -> 1998)","Total","IMPORT","Total","Jan.-Dec. 2024","VALUE_IN_EUR_MIRROR",5428910103
"Austria","Belgium (incl. Luxembourg 'LU' -> 1998)","Total","EXPORT","Total","Jan.-Dec. 2024","VALUE_IN_EUR",3508895098
"Austria","Belgium (incl. Luxembourg 'LU' -> 1998)","Total","EXPORT","Total","Jan.-Dec. 2024","VALUE_IN_EUR_MIRROR",3969205130
"Austria","Bulgaria","Total","IMPORT","Total","Jan.-Dec. 2024","VALUE_IN_EUR",710405414
"Austria","Bulgaria","Total","IMPORT","Total","Jan.-Dec. 2024","VALUE_IN_EUR_MIRROR",679037449
"Austria","Bulgaria","Total","EXPORT","Total","Jan.-Dec. 2024","VALUE_IN_EUR",1219446974
"Austria","Bulgaria","Total","EXPORT","Total","Jan.-Dec. 2024","VALUE_IN_EUR_MIRROR",1221375598
"Austria","Cyprus","Total","IMPORT","Total","Jan.-Dec. 2024","VALUE_IN_EUR",25967571
"Austria","Cyprus","Total","IMPORT","Total","Jan.-Dec. 2024","VALUE_IN_EUR_MIRROR",17031068
"Austria","Cyprus","Total","EXPORT","Total","Jan.-Dec. 2024","VALUE_IN_EUR",110303935
"Austria","Cyprus","Total","EXPORT","Total","Jan.-Dec. 2024","VALUE_IN_EUR_MIRROR",80746678
"Austria","Czechia","Total","IMPORT","Total","Jan.-Dec. 2025","VALUE_IN_EUR_MIRROR",10073964618
"Austria","Czechia","Total","IMPORT","Total","Jan.-Dec. 2024","VALUE_IN_EUR",10019444952
"Austria","Czechia","Total","IMPORT","Total","Jan.-Dec. 2024","VALUE_IN_EUR_MIRROR",9643655674
"Austria","Czechia","Total","EXPORT","Total","Jan.-Dec. 2025","VALUE_IN_EUR_MIRROR",8096018627
"Austria","Czechia","Total","EXPORT","Total","Jan.-Dec. 2024","VALUE_IN_EUR",6798104027
"Austria","Czechia","Total","EXPORT","Total","Jan.-Dec. 2024","VALUE_IN_EUR_MIRROR",7628122066
"Austria","Germany (incl. German Democratic Republic 'DD' from 1991)","Total","IMPORT","Total","Jan.-Dec. 2024","VALUE_IN_EUR",77334657575
"Austria","Germany (incl. German Democratic Republic 'DD' from 1991)","Total","IMPORT","Total","Jan.-Dec. 2024","VALUE_IN_EUR_MIRROR",76350100453
"Austria","Germany (incl. German Democratic Republic 'DD' from 1991)","Total","EXPORT","Total","Jan.-Dec. 2024","VALUE_IN_EUR",57703652599
"Austria","Germany (incl. German Democratic Republic 'DD' from 1991)","Total","EXPORT","Total","Jan.-Dec. 2024","VALUE_IN_EUR_MIRROR",57777056664
"Austria","Denmark","Total","IMPORT","Total","Jan.-Dec. 2024","VALUE_IN_EUR",942009720
"Austria","Denmark","Total","IMPORT","Total","Jan.-Dec. 2024","VALUE_IN_EUR_MIRROR",858329898
"Austria","Denmark","Total","EXPORT","Total","Jan.-Dec. 2024","VALUE_IN_EUR",1070882723
"Austria","Denmark","Total","EXPORT","Total","Jan.-Dec. 2024","VALUE_IN_EUR_MIRROR",998144386
"Austria","Estonia","Total","IMPORT","Total","Jan.-Dec. 2025","VALUE_IN_EUR_MIRROR",103648442
"Austria","Estonia","Total","IMPORT","Total","Jan.-Dec. 2024","VALUE_IN_EUR",81782241
"Austria","Estonia","Total","IMPORT","Total","Jan.-Dec. 2024","VALUE_IN_EUR_MIRROR",90103531
"Austria","Estonia","Total","EXPORT","Total","Jan.-Dec. 2025","VALUE_IN_EUR_MIRROR",249780886
"Austria","Estonia","Total","EXPORT","Total","Jan.-Dec. 2024","VALUE_IN_EUR",222097456
"Austria","Estonia","Total","EXPORT","Total","Jan.-Dec. 2024","VALUE_IN_EUR_MIRROR",208669081
"Austria","Spain (incl. Canary Islands 'XB' from 1997)","Total","IMPORT","Total","Jan.-Dec. 2025","VALUE_IN_EUR_MIRROR",2907693364
"Austria","Spain (incl. Canary Islands 'XB' from 1997)","Total","IMPORT","Total","Jan.-Dec. 2024","VALUE_IN_EUR",2833943669
"Austria","Spain (incl. Canary Islands 'XB' from 1997)","Total","IMPORT","Total","Jan.-Dec. 2024","VALUE_IN_EUR_MIRROR",2873641041
"Austria","Spain (incl. Canary Islands 'XB' from 1997)","Total","EXPORT","Total","Jan.-Dec. 2025","VALUE_IN_EUR_MIRROR",3470359642
"Austria","Spain (incl. Canary Islands 'XB' from 1997)","Total","EXPORT","Total","Jan.-Dec. 2024","VALUE_IN_EUR",3396512576
"Austria","Spain (incl. Canary Islands 'XB' from 1997)","Total","EXPORT","Total","Jan.-Dec. 2024","VALUE_IN_EUR_MIRROR",3596865888
"Austria","Finland","Total","IMPORT","Total","Jan.-Dec. 2024","VALUE_IN_EUR",536471431
"Austria","Finland","Total","IMPORT","Total","Jan.-Dec. 2024","VALUE_IN_EUR_MIRROR",496381215
"Austria","Finland","Total","EXPORT","Total","Jan.-Dec. 2024","VALUE_IN_EUR",667100782
"Austria","Finland","Total","EXPORT","Total","Jan.-Dec. 2024","VALUE_IN_EUR_MIRROR",740868117
"Austria","France (incl. Saint Barthélemy 'BL' -> 2012; incl. French Guiana 'GF', Guadeloupe 'GP', Martinique 'MQ', Réunion 'RE' from 1997; incl. Mayotte 'YT' from 2014)","Total","IMPORT","Total","Jan.-Dec. 2024","VALUE_IN_EUR",4899755911
"Austria","France (incl. Saint Barthélemy 'BL' -> 2012; incl. French Guiana 'GF', Guadeloupe 'GP', Martinique 'MQ', Réunion 'RE' from 1997; incl. Mayotte 'YT' from 2014)","Total","IMPORT","Total","Jan.-Dec. 2024","VALUE_IN_EUR_MIRROR",5183144406
"Austria","France (incl. Saint Barthélemy 'BL' -> 2012; incl. French Guiana 'GF', Guadeloupe 'GP', Martinique 'MQ', Réunion 'RE' from 1997; incl. Mayotte 'YT' from 2014)","Total","EXPORT","Total","Jan.-Dec. 2024","VALUE_IN_EUR",7157232095
"Austria","France (incl. Saint Barthélemy 'BL' -> 2012; incl. French Guiana 'GF', Guadeloupe 'GP', Martinique 'MQ', Réunion 'RE' from 1997; incl. Mayotte 'YT' from 2014)","Total","EXPORT","Total","Jan.-Dec. 2024","VALUE_IN_EUR_MIRROR",7069186074
"Austria","Greece","Total","IMPORT","Total","Jan.-Dec. 2025","VALUE_IN_EUR_MIRROR",544161356
"Austria","Greece","Total","IMPORT","Total","Jan.-Dec. 2024","VALUE_IN_EUR",331762828
"Austria","Greece","Total","IMPORT","Total","Jan.-Dec. 2024","VALUE_IN_EUR_MIRROR",549876796
"Austria","Greece","Total","EXPORT","Total","Jan.-Dec. 2025","VALUE_IN_EUR_MIRROR",902705230
"Austria","Greece","Total","EXPORT","Total","Jan.-Dec. 2024","VALUE_IN_EUR",791783711
"Austria","Greece","Total","EXPORT","Total","Jan.-Dec. 2024","VALUE_IN_EUR_MIRROR",950073670
"Austria","Croatia","Total","IMPORT","Total","Jan.-Dec. 2024","VALUE_IN_EUR",1056761354
"Austria","Croatia","Total","IMPORT","Total","Jan.-Dec. 2024","VALUE_IN_EUR_MIRROR",1217665219
"Austria","Croatia","Total","EXPORT","Total","Jan.-Dec. 2024","VALUE_IN_EUR",2003887404
"Austria","Croatia","Total","EXPORT","Total","Jan.-Dec. 2024","VALUE_IN_EUR_MIRROR",2261740516
"Austria","Hungary","Total","IMPORT","Total","Jan.-Dec. 2025","VALUE_IN_EUR_MIRROR",6106965339
"Austria","Hungary","Total","IMPORT","Total","Jan.-Dec. 2024","VALUE_IN_EUR",5259791693
"Austria","Hungary","Total","IMPORT","Total","Jan.-Dec. 2024","VALUE_IN_EUR_MIRROR",6105403615
"Austria","Hungary","Total","EXPORT","Total","Jan.-Dec. 2025","VALUE_IN_EUR_MIRROR",8266972554
"Austria","Hungary","Total","EXPORT","Total","Jan.-Dec. 2024","VALUE_IN_EUR",6986291466
"Austria","Hungary","Total","EXPORT","Total","Jan.-Dec. 2024","VALUE_IN_EUR_MIRROR",7989160022
"Austria","Ireland (Eire)","Total","IMPORT","Total","Jan.-Dec. 2025","VALUE_IN_EUR_MIRROR",488335101
"Austria","Ireland (Eire)","Total","IMPORT","Total","Jan.-Dec. 2024","VALUE_IN_EUR",707068380
"Austria","Ireland (Eire)","Total","IMPORT","Total","Jan.-Dec. 2024","VALUE_IN_EUR_MIRROR",534022230
"Austria","Ireland (Eire)","Total","EXPORT","Total","Jan.-Dec. 2025","VALUE_IN_EUR_MIRROR",491465685
"Austria","Ireland (Eire)","Total","EXPORT","Total","Jan.-Dec. 2024","VALUE_IN_EUR",668176621
"Austria","Ireland (Eire)","Total","EXPORT","Total","Jan.-Dec. 2024","VALUE_IN_EUR_MIRROR",651563674
"Austria","Italy (incl. San Marino 'SM' -> 1993)","Total","IMPORT","Total","Jan.-Dec. 2024","VALUE_IN_EUR",12407577875
"Austria","Italy (incl. San Marino 'SM' -> 1993)","Total","IMPORT","Total","Jan.-Dec. 2024","VALUE_IN_EUR_MIRROR",12540388324
"Austria","Italy (incl. San Marino 'SM' -> 1993)","Total","EXPORT","Total","Jan.-Dec. 2024","VALUE_IN_EUR",11935448188
"Austria","Italy (incl. San Marino 'SM' -> 1993)","Total","EXPORT","Total","Jan.-Dec. 2024","VALUE_IN_EUR_MIRROR",12498157450
"Austria","Lithuania","Total","IMPORT","Total","Jan.-Dec. 2025","VALUE_IN_EUR_MIRROR",320826672
"Austria","Lithuania","Total","IMPORT","Total","Jan.-Dec. 2024","VALUE_IN_EUR",242949958
"Austria","Lithuania","Total","IMPORT","Total","Jan.-Dec. 2024","VALUE_IN_EUR_MIRROR",275869266
"Austria","Lithuania","Total","EXPORT","Total","Jan.-Dec. 2025","VALUE_IN_EUR_MIRROR",525484503
"Austria","Lithuania","Total","EXPORT","Total","Jan.-Dec. 2024","VALUE_IN_EUR",455023691
"Austria","Lithuania","Total","EXPORT","Total","Jan.-Dec. 2024","VALUE_IN_EUR_MIRROR",463600443
"Austria","Luxembourg","Total","IMPORT","Total","Jan.-Dec. 2024","VALUE_IN_EUR",551070734
"Austria","Luxembourg","Total","IMPORT","Total","Jan.-Dec. 2024","VALUE_IN_EUR_MIRROR",296475778
"Austria","Luxembourg","Total","EXPORT","Total","Jan.-Dec. 2024","VALUE_IN_EUR",221820741
"Austria","Luxembourg","Total","EXPORT","Total","Jan.-Dec. 2024","VALUE_IN_EUR_MIRROR",241544787
"Austria","Latvia","Total","IMPORT","Total","Jan.-Dec. 2025","VALUE_IN_EUR_MIRROR",110537759
"Austria","Latvia","Total","IMPORT","Total","Jan.-Dec. 2024","VALUE_IN_EUR",89689974
"Austria","Latvia","Total","IMPORT","Total","Jan.-Dec. 2024","VALUE_IN_EUR_MIRROR",116126017
"Austria","Latvia","Total","EXPORT","Total","Jan.-Dec. 2025","VALUE_IN_EUR_MIRROR",237911635
"Austria","Latvia","Total","EXPORT","Total","Jan.-Dec. 2024","VALUE_IN_EUR",198459364
"Austria","Latvia","Total","EXPORT","Total","Jan.-Dec. 2024","VALUE_IN_EUR_MIRROR",218782573
"Austria","Malta","Total","IMPORT","Total","Jan.-Dec. 2024","VALUE_IN_EUR",17389150
"Austria","Malta","Total","IMPORT","Total","Jan.-Dec. 2024","VALUE_IN_EUR_MIRROR",18083504
"Austria","Malta","Total","EXPORT","Total","Jan.-Dec. 2024","VALUE_IN_EUR",37291407
"Austria","Malta","Total","EXPORT","Total","Jan.-Dec. 2024","VALUE_IN_EUR_MIRROR",29599773
"Austria","Netherlands","Total","IMPORT","Total","Jan.-Dec. 2024","VALUE_IN_EUR",10223901483
"Austria","Netherlands","Total","IMPORT","Total","Jan.-Dec. 2024","VALUE_IN_EUR_MIRROR",10927900314
"Austria","Netherlands","Total","EXPORT","Total","Jan.-Dec. 2024","VALUE_IN_EUR",3647328156
"Austria","Netherlands","Total","EXPORT","Total","Jan.-Dec. 2024","VALUE_IN_EUR_MIRROR",3787054882
"Austria","Poland","Total","IMPORT","Total","Jan.-Dec. 2024","VALUE_IN_EUR",6329568295
"Austria","Poland","Total","IMPORT","Total","Jan.-Dec. 2024","VALUE_IN_EUR_MIRROR",7222229268
"Austria","Poland","Total","EXPORT","Total","Jan.-Dec. 2024","VALUE_IN_EUR",7736710205
"Austria","Poland","Total","EXPORT","Total","Jan.-Dec. 2024","VALUE_IN_EUR_MIRROR",7325242540
"Austria","Portugal","Total","IMPORT","Total","Jan.-Dec. 2025","VALUE_IN_EUR_MIRROR",485576406
"Austria","Portugal","Total","IMPORT","Total","Jan.-Dec. 2024","VALUE_IN_EUR",368735535
"Austria","Portugal","Total","IMPORT","Total","Jan.-Dec. 2024","VALUE_IN_EUR_MIRROR",459574330
"Austria","Portugal","Total","EXPORT","Total","Jan.-Dec. 2025","VALUE_IN_EUR_MIRROR",594207965
"Austria","Portugal","Total","EXPORT","Total","Jan.-Dec. 2024","VALUE_IN_EUR",590836377
"Austria","Portugal","Total","EXPORT","Total","Jan.-Dec. 2024","VALUE_IN_EUR_MIRROR",714454830
"Austria","Romania","Total","IMPORT","Total","Jan.-Dec. 2024","VALUE_IN_EUR",1809121831
"Austria","Romania","Total","IMPORT","Total","Jan.-Dec. 2024","VALUE_IN_EUR_MIRROR",1884833168
"Austria","Romania","Total","EXPORT","Total","Jan.-Dec. 2024","VALUE_IN_EUR",3721379891
"Austria","Romania","Total","EXPORT","Total","Jan.-Dec. 2024","VALUE_IN_EUR_MIRROR",3904939183
"Austria","Sweden","Total","IMPORT","Total","Jan.-Dec. 2024","VALUE_IN_EUR",2081940630
"Austria","Sweden","Total","IMPORT","Total","Jan.-Dec. 2024","VALUE_IN_EUR_MIRROR",1897383010
"Austria","Sweden","Total","EXPORT","Total","Jan.-Dec. 2024","VALUE_IN_EUR",1797108226
"Austria","Sweden","Total","EXPORT","Total","Jan.-Dec. 2024","VALUE_IN_EUR_MIRROR",1992969214
"Austria","Slovenia","Total","IMPORT","Total","Jan.-Dec. 2024","VALUE_IN_EUR",3348757318
"Austria","Slovenia","Total","IMPORT","Total","Jan.-Dec. 2024","VALUE_IN_EUR_MIRROR",3357106667
"Austria","Slovenia","Total","EXPORT","Total","Jan.-Dec. 2024","VALUE_IN_EUR",4129867057
"Austria","Slovenia","Total","EXPORT","Total","Jan.-Dec. 2024","VALUE_IN_EUR_MIRROR",4134602538
"Austria","Slovakia","Total","IMPORT","Total","Jan.-Dec. 2024","VALUE_IN_EUR",6101570624
"Austria","Slovakia","Total","IMPORT","Total","Jan.-Dec. 2024","VALUE_IN_EUR_MIRROR",5703946614
"Austria","Slovakia","Total","EXPORT","Total","Jan.-Dec. 2024","VALUE_IN_EUR",7887490270
"Austria","Slovakia","Total","EXPORT","Total","Jan.-Dec. 2024","VALUE_IN_EUR_MIRROR",8562990078
"Belgium (incl. Luxembourg 'LU' -> 1998)","Austria","Total","IMPORT","Total","Jan.-Dec. 2024","VALUE_IN_EUR",3969205130
"Belgium (incl. Luxembourg 'LU' -> 1998)","Austria","Total","IMPORT","Total","Jan.-Dec. 2024","VALUE_IN_EUR_MIRROR",3508895098
"Belgium (incl. Luxembourg 'LU' -> 1998)","Austria","Total","EXPORT","Total","Jan.-Dec. 2024","VALUE_IN_EUR",5428910103
"Belgium (incl. Luxembourg 'LU' -> 1998)","Austria","Total","EXPORT","Total","Jan.-Dec. 2024","VALUE_IN_EUR_MIRROR",4773729748
"Belgium (incl. Luxembourg 'LU' -> 1998)","Bulgaria","Total","IMPORT","Total","Jan.-Dec. 2024","VALUE_IN_EUR",1043792735
"Belgium (incl. Luxembourg 'LU' -> 1998)","Bulgaria","Total","IMPORT","Total","Jan.-Dec. 2024","VALUE_IN_EUR_MIRROR",933774787
"Belgium (incl. Luxembourg 'LU' -> 1998)","Bulgaria","Total","EXPORT","Total","Jan.-Dec. 2024","VALUE_IN_EUR",1291837989
"Belgium (incl. Luxembourg 'LU' -> 1998)","Bulgaria","Total","EXPORT","Total","Jan.-Dec. 2024","VALUE_IN_EUR_MIRROR",989839380
"Belgium (incl. Luxembourg 'LU' -> 1998)","Cyprus","Total","IMPORT","Total","Jan.-Dec. 2024","VALUE_IN_EUR",37398762
"Belgium (incl. Luxembourg 'LU' -> 1998)","Cyprus","Total","IMPORT","Total","Jan.-Dec. 2024","VALUE_IN_EUR_MIRROR",23003669
"Belgium (incl. Luxembourg 'LU' -> 1998)","Cyprus","Total","EXPORT","Total","Jan.-Dec. 2024","VALUE_IN_EUR",273919634
"Belgium (incl. Luxembourg 'LU' -> 1998)","Cyprus","Total","EXPORT","Total","Jan.-Dec. 2024","VALUE_IN_EUR_MIRROR",220293729
"Belgium (incl. Luxembourg 'LU' -> 1998)","Czechia","Total","IMPORT","Total","Jan.-Dec. 2025","VALUE_IN_EUR_MIRROR",5515699911
"Belgium (incl. Luxembourg 'LU' -> 1998)","Czechia","Total","IMPORT","Total","Jan.-Dec. 2024","VALUE_IN_EUR",4980693911
"Belgium (incl. Luxembourg 'LU' -> 1998)","Czechia","Total","IMPORT","Total","Jan.-Dec. 2024","VALUE_IN_EUR_MIRROR",5286073405
"Belgium (incl. Luxembourg 'LU' -> 1998)","Czechia","Total","EXPORT","Total","Jan.-Dec. 2025","VALUE_IN_EUR_MIRROR",5107375682
"Belgium (incl. Luxembourg 'LU' -> 1998)","Czechia","Total","EXPORT","Total","Jan.-Dec. 2024","VALUE_IN_EUR",5234997253
"Belgium (incl. Luxembourg 'LU' -> 1998)","Czechia","Total","EXPORT","Total","Jan.-Dec. 2024","VALUE_IN_EUR_MIRROR",5046458038
"Belgium (incl. Luxembourg 'LU' -> 1998)","Germany (incl. German Democratic Republic 'DD' from 1991)","Total","IMPORT","Total","Jan.-Dec. 2024","VALUE_IN_EUR",59565080638
"Belgium (incl. Luxembourg 'LU' -> 1998)","Germany (incl. German Democratic Republic 'DD' from 1991)","Total","IMPORT","Total","Jan.-Dec. 2024","VALUE_IN_EUR_MIRROR",58377876256
"Belgium (incl. Luxembourg 'LU' -> 1998)","Germany (incl. German Democratic Republic 'DD' from 1991)","Total","EXPORT","Total","Jan.-Dec. 2024","VALUE_IN_EUR",92298774509
"Belgium (incl. Luxembourg 'LU' -> 1998)","Germany (incl. German Democratic Republic 'DD' from 1991)","Total","EXPORT","Total","Jan.-Dec. 2024","VALUE_IN_EUR_MIRROR",77527834222
"Belgium (incl. Luxembourg 'LU' -> 1998)","Denmark","Total","IMPORT","Total","Jan.-Dec. 2024","VALUE_IN_EUR",2238430501
"Belgium (incl. Luxembourg 'LU' -> 1998)","Denmark","Total","IMPORT","Total","Jan.-Dec. 2024","VALUE_IN_EUR_MIRROR",2250320518
"Belgium (incl. Luxembourg 'LU' -> 1998)","Denmark","Total","EXPORT","Total","Jan.-Dec. 2024","VALUE_IN_EUR",4415201361
"Belgium (incl. Luxembourg 'LU' -> 1998)","Denmark","Total","EXPORT","Total","Jan.-Dec. 2024","VALUE_IN_EUR_MIRROR",3770531328
"Belgium (incl. Luxembourg 'LU' -> 1998)","Estonia","Total","IMPORT","Total","Jan.-Dec. 2025","VALUE_IN_EUR_MIRROR",303160125
"Belgium (incl. Luxembourg 'LU' -> 1998)","Estonia","Total","IMPORT","Total","Jan.-Dec. 2024","VALUE_IN_EUR",396369969
"Belgium (incl. Luxembourg 'LU' -> 1998)","Estonia","Total","IMPORT","Total","Jan.-Dec. 2024","VALUE_IN_EUR_MIRROR",258761081
"Belgium (incl. Luxembourg 'LU' -> 1998)","Estonia","Total","EXPORT","Total","Jan.-Dec. 2025","VALUE_IN_EUR_MIRROR",428550674
"Belgium (incl. Luxembourg 'LU' -> 1998)","Estonia","Total","EXPORT","Total","Jan.-Dec. 2024","VALUE_IN_EUR",684831912
"Belgium (incl. Luxembourg 'LU' -> 1998)","Estonia","Total","EXPORT","Total","Jan.-Dec. 2024","VALUE_IN_EUR_MIRROR",405622749
"Belgium (incl. Luxembourg 'LU' -> 1998)","Spain (incl. Canary Islands 'XB' from 1997)","Total","IMPORT","Total","Jan.-Dec. 2025","VALUE_IN_EUR_MIRROR",12774152539
"Belgium (incl. Luxembourg 'LU' -> 1998)","Spain (incl. Canary Islands 'XB' from 1997)","Total","IMPORT","Total","Jan.-Dec. 2024","VALUE_IN_EUR",12679246793
"Belgium (incl. Luxembourg 'LU' -> 1998)","Spain (incl. Canary Islands 'XB' from 1997)","Total","IMPORT","Total","Jan.-Dec. 2024","VALUE_IN_EUR_MIRROR",12546808428
"Belgium (incl. Luxembourg 'LU' -> 1998)","Spain (incl. Canary Islands 'XB' from 1997)","Total","EXPORT","Total","Jan.-Dec. 2025","VALUE_IN_EUR_MIRROR",16981743392
"Belgium (incl. Luxembourg 'LU' -> 1998)","Spain (incl. Canary Islands 'XB' from 1997)","Total","EXPORT","Total","Jan.-Dec. 2024","VALUE_IN_EUR",17447802238
"Belgium (incl. Luxembourg 'LU' -> 1998)","Spain (incl. Canary Islands 'XB' from 1997)","Total","EXPORT","Total","Jan.-Dec. 2024","VALUE_IN_EUR_MIRROR",16012902956
"Belgium (incl. Luxembourg 'LU' -> 1998)","Finland","Total","IMPORT","Total","Jan.-Dec. 2024","VALUE_IN_EUR",2871964250
"Belgium (incl. Luxembourg 'LU' -> 1998)","Finland","Total","IMPORT","Total","Jan.-Dec. 2024","VALUE_IN_EUR_MIRROR",2526564506
"Belgium (incl. Luxembourg 'LU' -> 1998)","Finland","Total","EXPORT","Total","Jan.-Dec. 2024","VALUE_IN_EUR",2875216551
"Belgium (incl. Luxembourg 'LU' -> 1998)","Finland","Total","EXPORT","Total","Jan.-Dec. 2024","VALUE_IN_EUR_MIRROR",2825225782
"Belgium (incl. Luxembourg 'LU' -> 1998)","France (incl. Saint Barthélemy 'BL' -> 2012; incl. French Guiana 'GF', Guadeloupe 'GP', Martinique 'MQ', Réunion 'RE' from 1997; incl. Mayotte 'YT' from 2014)","Total","IMPORT","Total","Jan.-Dec. 2024","VALUE_IN_EUR",49620019194
"Belgium (incl. Luxembourg 'LU' -> 1998)","France (incl. Saint Barthélemy 'BL' -> 2012; incl. French Guiana 'GF', Guadeloupe 'GP', Martinique 'MQ', Réunion 'RE' from 1997; incl. Mayotte 'YT' from 2014)","Total","IMPORT","Total","Jan.-Dec. 2024","VALUE_IN_EUR_MIRROR",45679289629
"Belgium (incl. Luxembourg 'LU' -> 1998)","France (incl. Saint Barthélemy 'BL' -> 2012; incl. French Guiana 'GF', Guadeloupe 'GP', Martinique 'MQ', Réunion 'RE' from 1997; incl. Mayotte 'YT' from 2014)","Total","EXPORT","Total","Jan.-Dec. 2024","VALUE_IN_EUR",68349101960
"Belgium (incl. Luxembourg 'LU' -> 1998)","France (incl. Saint Barthélemy 'BL' -> 2012; incl. French Guiana 'GF', Guadeloupe 'GP', Martinique 'MQ', Réunion 'RE' from 1997; incl. Mayotte 'YT' from 2014)","Total","EXPORT","Total","Jan.-Dec. 2024","VALUE_IN_EUR_MIRROR",73261977422
"Belgium (incl. Luxembourg 'LU' -> 1998)","Greece","Total","IMPORT","Total","Jan.-Dec. 2025","VALUE_IN_EUR_MIRROR",687021990
"Belgium (incl. Luxembourg 'LU' -> 1998)","Greece","Total","IMPORT","Total","Jan.-Dec. 2024","VALUE_IN_EUR",609504601
"Belgium (incl. Luxembourg 'LU' -> 1998)","Greece","Total","IMPORT","Total","Jan.-Dec. 2024","VALUE_IN_EUR_MIRROR",693847338
"Belgium (incl. Luxembourg 'LU' -> 1998)","Greece","Total","EXPORT","Total","Jan.-Dec. 2025","VALUE_IN_EUR_MIRROR",2392301271
"Belgium (incl. Luxembourg 'LU' -> 1998)","Greece","Total","EXPORT","Total","Jan.-Dec. 2024","VALUE_IN_EUR",2584856438
"Belgium (incl. Luxembourg 'LU' -> 1998)","Greece","Total","EXPORT","Total","Jan.-Dec. 2024","VALUE_IN_EUR_MIRROR",2267396786
"Belgium (incl. Luxembourg 'LU' -> 1998)","Croatia","Total","IMPORT","Total","Jan.-Dec. 2024","VALUE_IN_EUR",214686684
"Belgium (incl. Luxembourg 'LU' -> 1998)","Croatia","Total","IMPORT","Total","Jan.-Dec. 2024","VALUE_IN_EUR_MIRROR",270499196
"Belgium (incl. Luxembourg 'LU' -> 1998)","Croatia","Total","EXPORT","Total","Jan.-Dec. 2024","VALUE_IN_EUR",695684113
"Belgium (incl. Luxembourg 'LU' -> 1998)","Croatia","Total","EXPORT","Total","Jan.-Dec. 2024","VALUE_IN_EUR_MIRROR",677924474
"Belgium (incl. Luxembourg 'LU' -> 1998)","Hungary","Total","IMPORT","Total","Jan.-Dec. 2025","VALUE_IN_EUR_MIRROR",2398957162
"Belgium (incl. Luxembourg 'LU' -> 1998)","Hungary","Total","IMPORT","Total","Jan.-Dec. 2024","VALUE_IN_EUR",2808494099
"Belgium (incl. Luxembourg 'LU' -> 1998)","Hungary","Total","IMPORT","Total","Jan.-Dec. 2024","VALUE_IN_EUR_MIRROR",3086865215
"Belgium (incl. Luxembourg 'LU' -> 1998)","Hungary","Total","EXPORT","Total","Jan.-Dec. 2025","VALUE_IN_EUR_MIRROR",3061665600
"Belgium (incl. Luxembourg 'LU' -> 1998)","Hungary","Total","EXPORT","Total","Jan.-Dec. 2024","VALUE_IN_EUR",3586740783
"Belgium (incl. Luxembourg 'LU' -> 1998)","Hungary","Total","EXPORT","Total","Jan.-Dec. 2024","VALUE_IN_EUR_MIRROR",3165806097
"Belgium (incl. Luxembourg 'LU' -> 1998)","Ireland (Eire)","Total","IMPORT","Total","Jan.-Dec. 2025","VALUE_IN_EUR_MIRROR",15931684521
"Belgium (incl. Luxembourg 'LU' -> 1998)","Ireland (Eire)","Total","IMPORT","Total","Jan.-Dec. 2024","VALUE_IN_EUR",18357181328
"Belgium (incl. Luxembourg 'LU' -> 1998)","Ireland (Eire)","Total","IMPORT","Total","Jan.-Dec. 2024","VALUE_IN_EUR_MIRROR",17079716061
"Belgium (incl. Luxembourg 'LU' -> 1998)","Ireland (Eire)","Total","EXPORT","Total","Jan.-Dec. 2025","VALUE_IN_EUR_MIRROR",5396473032
"Belgium (incl. Luxembourg 'LU' -> 1998)","Ireland (Eire)","Total","EXPORT","Total","Jan.-Dec. 2024","VALUE_IN_EUR",5230756362
"Belgium (incl. Luxembourg 'LU' -> 1998)","Ireland (Eire)","Total","EXPORT","Total","Jan.-Dec. 2024","VALUE_IN_EUR_MIRROR",4363670082
"Belgium (incl. Luxembourg 'LU' -> 1998)","Italy (incl. San Marino 'SM' -> 1993)","Total","IMPORT","Total","Jan.-Dec. 2024","VALUE_IN_EUR",18735007957
"Belgium (incl. Luxembourg 'LU' -> 1998)","Italy (incl. San Marino 'SM' -> 1993)","Total","IMPORT","Total","Jan.-Dec. 2024","VALUE_IN_EUR_MIRROR",19195391577
"Belgium (incl. Luxembourg 'LU' -> 1998)","Italy (incl. San Marino 'SM' -> 1993)","Total","EXPORT","Total","Jan.-Dec. 2024","VALUE_IN_EUR",25067943051
"Belgium (incl. Luxembourg 'LU' -> 1998)","Italy (incl. San Marino 'SM' -> 1993)","Total","EXPORT","Total","Jan.-Dec. 2024","VALUE_IN_EUR_MIRROR",25301552631
"Belgium (incl. Luxembourg 'LU' -> 1998)","Lithuania","Total","IMPORT","Total","Jan.-Dec. 2025","VALUE_IN_EUR_MIRROR",571490133
"Belgium (incl. Luxembourg 'LU' -> 1998)","Lithuania","Total","IMPORT","Total","Jan.-Dec. 2024","VALUE_IN_EUR",456145297
"Belgium (incl. Luxembourg 'LU' -> 1998)","Lithuania","Total","IMPORT","Total","Jan.-Dec. 2024","VALUE_IN_EUR_MIRROR",499174954
"Belgium (incl. Luxembourg 'LU' -> 1998)","Lithuania","Total","EXPORT","Total","Jan.-Dec. 2025","VALUE_IN_EUR_MIRROR",1005258927
"Belgium (incl. Luxembourg 'LU' -> 1998)","Lithuania","Total","EXPORT","Total","Jan.-Dec. 2024","VALUE_IN_EUR",1219234498
"Belgium (incl. Luxembourg 'LU' -> 1998)","Lithuania","Total","EXPORT","Total","Jan.-Dec. 2024","VALUE_IN_EUR_MIRROR",1060982524
"Belgium (incl. Luxembourg 'LU' -> 1998)","Luxembourg","Total","IMPORT","Total","Jan.-Dec. 2024","VALUE_IN_EUR",1804400101
"Belgium (incl. Luxembourg 'LU' -> 1998)","Luxembourg","Total","IMPORT","Total","Jan.-Dec. 2024","VALUE_IN_EUR_MIRROR",1906264138
"Belgium (incl. Luxembourg 'LU' -> 1998)","Luxembourg","Total","EXPORT","Total","Jan.-Dec. 2024","VALUE_IN_EUR",7531905913
"Belgium (incl. Luxembourg 'LU' -> 1998)","Luxembourg","Total","EXPORT","Total","Jan.-Dec. 2024","VALUE_IN_EUR_MIRROR",7932559697
"Belgium (incl. Luxembourg 'LU' -> 1998)","Latvia","Total","IMPORT","Total","Jan.-Dec. 2025","VALUE_IN_EUR_MIRROR",264397541
"Belgium (incl. Luxembourg 'LU' -> 1998)","Latvia","Total","IMPORT","Total","Jan.-Dec. 2024","VALUE_IN_EUR",179520500
"Belgium (incl. Luxembourg 'LU' -> 1998)","Latvia","Total","IMPORT","Total","Jan.-Dec. 2024","VALUE_IN_EUR_MIRROR",286324334
"Belgium (incl. Luxembourg 'LU' -> 1998)","Latvia","Total","EXPORT","Total","Jan.-Dec. 2025","VALUE_IN_EUR_MIRROR",442698703
"Belgium (incl. Luxembourg 'LU' -> 1998)","Latvia","Total","EXPORT","Total","Jan.-Dec. 2024","VALUE_IN_EUR",472930583
"Belgium (incl. Luxembourg 'LU' -> 1998)","Latvia","Total","EXPORT","Total","Jan.-Dec. 2024","VALUE_IN_EUR_MIRROR",457053705
"Belgium (incl. Luxembourg 'LU' -> 1998)","Malta","Total","IMPORT","Total","Jan.-Dec. 2024","VALUE_IN_EUR",118732938
"Belgium (incl. Luxembourg 'LU' -> 1998)","Malta","Total","IMPORT","Total","Jan.-Dec. 2024","VALUE_IN_EUR_MIRROR",23723518
"Belgium (incl. Luxembourg 'LU' -> 1998)","Malta","Total","EXPORT","Total","Jan.-Dec. 2024","VALUE_IN_EUR",231159214
"Belgium (incl. Luxembourg 'LU' -> 1998)","Malta","Total","EXPORT","Total","Jan.-Dec. 2024","VALUE_IN_EUR_MIRROR",155143546
"Belgium (incl. Luxembourg 'LU' -> 1998)","Netherlands","Total","IMPORT","Total","Jan.-Dec. 2024","VALUE_IN_EUR",99965443743
"Belgium (incl. Luxembourg 'LU' -> 1998)","Netherlands","Total","IMPORT","Total","Jan.-Dec. 2024","VALUE_IN_EUR_MIRROR",98262785212
"Belgium (incl. Luxembourg 'LU' -> 1998)","Netherlands","Total","EXPORT","Total","Jan.-Dec. 2024","VALUE_IN_EUR",67110312825
"Belgium (incl. Luxembourg 'LU' -> 1998)","Netherlands","Total","EXPORT","Total","Jan.-Dec. 2024","VALUE_IN_EUR_MIRROR",60832933652
"Belgium (incl. Luxembourg 'LU' -> 1998)","Poland","Total","IMPORT","Total","Jan.-Dec. 2024","VALUE_IN_EUR",7323468430
"Belgium (incl. Luxembourg 'LU' -> 1998)","Poland","Total","IMPORT","Total","Jan.-Dec. 2024","VALUE_IN_EUR_MIRROR",7868237705
"Belgium (incl. Luxembourg 'LU' -> 1998)","Poland","Total","EXPORT","Total","Jan.-Dec. 2024","VALUE_IN_EUR",14434345608
"Belgium (incl. Luxembourg 'LU' -> 1998)","Poland","Total","EXPORT","Total","Jan.-Dec. 2024","VALUE_IN_EUR_MIRROR",14380813235
"Belgium (incl. Luxembourg 'LU' -> 1998)","Portugal","Total","IMPORT","Total","Jan.-Dec. 2025","VALUE_IN_EUR_MIRROR",2038308110
"Belgium (incl. Luxembourg 'LU' -> 1998)","Portugal","Total","IMPORT","Total","Jan.-Dec. 2024","VALUE_IN_EUR",1988712574
"Belgium (incl. Luxembourg 'LU' -> 1998)","Portugal","Total","IMPORT","Total","Jan.-Dec. 2024","VALUE_IN_EUR_MIRROR",2020888584
"Belgium (incl. Luxembourg 'LU' -> 1998)","Portugal","Total","EXPORT","Total","Jan.-Dec. 2025","VALUE_IN_EUR_MIRROR",3698803770
"Belgium (incl. Luxembourg 'LU' -> 1998)","Portugal","Total","EXPORT","Total","Jan.-Dec. 2024","VALUE_IN_EUR",3449619853
"Belgium (incl. Luxembourg 'LU' -> 1998)","Portugal","Total","EXPORT","Total","Jan.-Dec. 2024","VALUE_IN_EUR_MIRROR",3374032561
"Belgium (incl. Luxembourg 'LU' -> 1998)","Romania","Total","IMPORT","Total","Jan.-Dec. 2024","VALUE_IN_EUR",1612895755
"Belgium (incl. Luxembourg 'LU' -> 1998)","Romania","Total","IMPORT","Total","Jan.-Dec. 2024","VALUE_IN_EUR_MIRROR",1875542263
"Belgium (incl. Luxembourg 'LU' -> 1998)","Romania","Total","EXPORT","Total","Jan.-Dec. 2024","VALUE_IN_EUR",3398925110
"Belgium (incl. Luxembourg 'LU' -> 1998)","Romania","Total","EXPORT","Total","Jan.-Dec. 2024","VALUE_IN_EUR_MIRROR",3134271593
"Belgium (incl. Luxembourg 'LU' -> 1998)","Sweden","Total","IMPORT","Total","Jan.-Dec. 2024","VALUE_IN_EUR",9743296959
"Belgium (incl. Luxembourg 'LU' -> 1998)","Sweden","Total","IMPORT","Total","Jan.-Dec. 2024","VALUE_IN_EUR_MIRROR",8581268461
"Belgium (incl. Luxembourg 'LU' -> 1998)","Sweden","Total","EXPORT","Total","Jan.-Dec. 2024","VALUE_IN_EUR",9278765825
"Belgium (incl. Luxembourg 'LU' -> 1998)","Sweden","Total","EXPORT","Total","Jan.-Dec. 2024","VALUE_IN_EUR_MIRROR",8400877567
"Belgium (incl. Luxembourg 'LU' -> 1998)","Slovenia","Total","IMPORT","Total","Jan.-Dec. 2024","VALUE_IN_EUR",394586871
"Belgium (incl. Luxembourg 'LU' -> 1998)","Slovenia","Total","IMPORT","Total","Jan.-Dec. 2024","VALUE_IN_EUR_MIRROR",450488460
"Belgium (incl. Luxembourg 'LU' -> 1998)","Slovenia","Total","EXPORT","Total","Jan.-Dec. 2024","VALUE_IN_EUR",993767611
"Belgium (incl. Luxembourg 'LU' -> 1998)","Slovenia","Total","EXPORT","Total","Jan.-Dec. 2024","VALUE_IN_EUR_MIRROR",944756579
"Belgium (incl. Luxembourg 'LU' -> 1998)","Slovakia","Total","IMPORT","Total","Jan.-Dec. 2024","VALUE_IN_EUR",1582919957
"Belgium (incl. Luxembourg 'LU' -> 1998)","Slovakia","Total","IMPORT","Total","Jan.-Dec. 2024","VALUE_IN_EUR_MIRROR",1415293433
"Belgium (incl. Luxembourg 'LU' -> 1998)","Slovakia","Total","EXPORT","Total","Jan.-Dec. 2024","VALUE_IN_EUR",1670063639
"Belgium (incl. Luxembourg 'LU' -> 1998)","Slovakia","Total","EXPORT","Total","Jan.-Dec. 2024","VALUE_IN_EUR_MIRROR",1441796860
"Bulgaria","Austria","Total","IMPORT","Total","Jan.-Dec. 2024","VALUE_IN_EUR",1221375598
"Bulgaria","Austria","Total","IMPORT","Total","Jan.-Dec. 2024","VALUE_IN_EUR_MIRROR",1219446974
"Bulgaria","Austria","Total","EXPORT","Total","Jan.-Dec. 2024","VALUE_IN_EUR",679037449
"Bulgaria","Austria","Total","EXPORT","Total","Jan.-Dec. 2024","VALUE_IN_EUR_MIRROR",710405414
"Bulgaria","Belgium (incl. Luxembourg 'LU' -> 1998)","Total","IMPORT","Total","Jan.-Dec. 2024","VALUE_IN_EUR",989839380
"Bulgaria","Belgium (incl. Luxembourg 'LU' -> 1998)","Total","IMPORT","Total","Jan.-Dec. 2024","VALUE_IN_EUR_MIRROR",1291837989
"Bulgaria","Belgium (incl. Luxembourg 'LU' -> 1998)","Total","EXPORT","Total","Jan.-Dec. 2024","VALUE_IN_EUR",933774787
"Bulgaria","Belgium (incl. Luxembourg 'LU' -> 1998)","Total","EXPORT","Total","Jan.-Dec. 2024","VALUE_IN_EUR_MIRROR",1043792735
"Bulgaria","Cyprus","Total","IMPORT","Total","Jan.-Dec. 2024","VALUE_IN_EUR",96436235
"Bulgaria","Cyprus","Total","IMPORT","Total","Jan.-Dec. 2024","VALUE_IN_EUR_MIRROR",19320815
"Bulgaria","Cyprus","Total","EXPORT","Total","Jan.-Dec. 2024","VALUE_IN_EUR",130885052
"Bulgaria","Cyprus","Total","EXPORT","Total","Jan.-Dec. 2024","VALUE_IN_EUR_MIRROR",95248364
"Bulgaria","Czechia","Total","IMPORT","Total","Jan.-Dec. 2025","VALUE_IN_EUR_MIRROR",1631056310
"Bulgaria","Czechia","Total","IMPORT","Total","Jan.-Dec. 2024","VALUE_IN_EUR",1227341133
"Bulgaria","Czechia","Total","IMPORT","Total","Jan.-Dec. 2024","VALUE_IN_EUR_MIRROR",1420116293
"Bulgaria","Czechia","Total","EXPORT","Total","Jan.-Dec. 2025","VALUE_IN_EUR_MIRROR",1488233630
"Bulgaria","Czechia","Total","EXPORT","Total","Jan.-Dec. 2024","VALUE_IN_EUR",822233470
"Bulgaria","Czechia","Total","EXPORT","Total","Jan.-Dec. 2024","VALUE_IN_EUR_MIRROR",1306259971
"Bulgaria","Germany (incl. German Democratic Republic 'DD' from 1991)","Total","IMPORT","Total","Jan.-Dec. 2024","VALUE_IN_EUR",5770164866
"Bulgaria","Germany (incl. German Democratic Republic 'DD' from 1991)","Total","IMPORT","Total","Jan.-Dec. 2024","VALUE_IN_EUR_MIRROR",5906901906
"Bulgaria","Germany (incl. German Democratic Republic 'DD' from 1991)","Total","EXPORT","Total","Jan.-Dec. 2024","VALUE_IN_EUR",6612332246
"Bulgaria","Germany (incl. German Democratic Republic 'DD' from 1991)","Total","EXPORT","Total","Jan.-Dec. 2024","VALUE_IN_EUR_MIRROR",6381060088
"Bulgaria","Denmark","Total","IMPORT","Total","Jan.-Dec. 2024","VALUE_IN_EUR",258882431
"Bulgaria","Denmark","Total","IMPORT","Total","Jan.-Dec. 2024","VALUE_IN_EUR_MIRROR",232955496
"Bulgaria","Denmark","Total","EXPORT","Total","Jan.-Dec. 2024","VALUE_IN_EUR",196946552
"Bulgaria","Denmark","Total","EXPORT","Total","Jan.-Dec. 2024","VALUE_IN_EUR_MIRROR",209414221
"Bulgaria","Estonia","Total","IMPORT","Total","Jan.-Dec. 2025","VALUE_IN_EUR_MIRROR",364856146
"Bulgaria","Estonia","Total","IMPORT","Total","Jan.-Dec. 2024","VALUE_IN_EUR",166368473
"Bulgaria","Estonia","Total","IMPORT","Total","Jan.-Dec. 2024","VALUE_IN_EUR_MIRROR",221042557
"Bulgaria","Estonia","Total","EXPORT","Total","Jan.-Dec. 2025","VALUE_IN_EUR_MIRROR",55652470
"Bulgaria","Estonia","Total","EXPORT","Total","Jan.-Dec. 2024","VALUE_IN_EUR",35755346
"Bulgaria","Estonia","Total","EXPORT","Total","Jan.-Dec. 2024","VALUE_IN_EUR_MIRROR",28492986
"Bulgaria","Spain (incl. Canary Islands 'XB' from 1997)","Total","IMPORT","Total","Jan.-Dec. 2025","VALUE_IN_EUR_MIRROR",1117361853
"Bulgaria","Spain (incl. Canary Islands 'XB' from 1997)","Total","IMPORT","Total","Jan.-Dec. 2024","VALUE_IN_EUR",836803669
"Bulgaria","Spain (incl. Canary Islands 'XB' from 1997)","Total","IMPORT","Total","Jan.-Dec. 2024","VALUE_IN_EUR_MIRROR",1068241579
"Bulgaria","Spain (incl. Canary Islands 'XB' from 1997)","Total","EXPORT","Total","Jan.-Dec. 2025","VALUE_IN_EUR_MIRROR",968365188
"Bulgaria","Spain (incl. Canary Islands 'XB' from 1997)","Total","EXPORT","Total","Jan.-Dec. 2024","VALUE_IN_EUR",835204777
"Bulgaria","Spain (incl. Canary Islands 'XB' from 1997)","Total","EXPORT","Total","Jan.-Dec. 2024","VALUE_IN_EUR_MIRROR",991763868
"Bulgaria","Finland","Total","IMPORT","Total","Jan.-Dec. 2024","VALUE_IN_EUR",114980217
"Bulgaria","Finland","Total","IMPORT","Total","Jan.-Dec. 2024","VALUE_IN_EUR_MIRROR",121100242
"Bulgaria","Finland","Total","EXPORT","Total","Jan.-Dec. 2024","VALUE_IN_EUR",86490241
"Bulgaria","Finland","Total","EXPORT","Total","Jan.-Dec. 2024","VALUE_IN_EUR_MIRROR",89273689
"Bulgaria","France (incl. Saint Barthélemy 'BL' -> 2012; incl. French Guiana 'GF', Guadeloupe 'GP', Martinique 'MQ', Réunion 'RE' from 1997; incl. Mayotte 'YT' from 2014)","Total","IMPORT","Total","Jan.-Dec. 2024","VALUE_IN_EUR",1181487491
"Bulgaria","France (incl. Saint Barthélemy 'BL' -> 2012; incl. French Guiana 'GF', Guadeloupe 'GP', Martinique 'MQ', Réunion 'RE' from 1997; incl. Mayotte 'YT' from 2014)","Total","IMPORT","Total","Jan.-Dec. 2024","VALUE_IN_EUR_MIRROR",1160172270
"Bulgaria","France (incl. Saint Barthélemy 'BL' -> 2012; incl. French Guiana 'GF', Guadeloupe 'GP', Martinique 'MQ', Réunion 'RE' from 1997; incl. Mayotte 'YT' from 2014)","Total","EXPORT","Total","Jan.-Dec. 2024","VALUE_IN_EUR",1413155889
"Bulgaria","France (incl. Saint Barthélemy 'BL' -> 2012; incl. French Guiana 'GF', Guadeloupe 'GP', Martinique 'MQ', Réunion 'RE' from 1997; incl. Mayotte 'YT' from 2014)","Total","EXPORT","Total","Jan.-Dec. 2024","VALUE_IN_EUR_MIRROR",1323896538
"Bulgaria","Greece","Total","IMPORT","Total","Jan.-Dec. 2025","VALUE_IN_EUR_MIRROR",3151731427
"Bulgaria","Greece","Total","IMPORT","Total","Jan.-Dec. 2024","VALUE_IN_EUR",2942289839
"Bulgaria","Greece","Total","IMPORT","Total","Jan.-Dec. 2024","VALUE_IN_EUR_MIRROR",2945168870
"Bulgaria","Greece","Total","EXPORT","Total","Jan.-Dec. 2025","VALUE_IN_EUR_MIRROR",2891060487
"Bulgaria","Greece","Total","EXPORT","Total","Jan.-Dec. 2024","VALUE_IN_EUR",2634916703
"Bulgaria","Greece","Total","EXPORT","Total","Jan.-Dec. 2024","VALUE_IN_EUR_MIRROR",2751865970
"Bulgaria","Croatia","Total","IMPORT","Total","Jan.-Dec. 2024","VALUE_IN_EUR",167765497
"Bulgaria","Croatia","Total","IMPORT","Total","Jan.-Dec. 2024","VALUE_IN_EUR_MIRROR",192384458
"Bulgaria","Croatia","Total","EXPORT","Total","Jan.-Dec. 2024","VALUE_IN_EUR",509572004
"Bulgaria","Croatia","Total","EXPORT","Total","Jan.-Dec. 2024","VALUE_IN_EUR_MIRROR",540608904
"Bulgaria","Hungary","Total","IMPORT","Total","Jan.-Dec. 2025","VALUE_IN_EUR_MIRROR",1718381482
"Bulgaria","Hungary","Total","IMPORT","Total","Jan.-Dec. 2024","VALUE_IN_EUR",1704296563
"Bulgaria","Hungary","Total","IMPORT","Total","Jan.-Dec. 2024","VALUE_IN_EUR_MIRROR",1729768503
"Bulgaria","Hungary","Total","EXPORT","Total","Jan.-Dec. 2025","VALUE_IN_EUR_MIRROR",617908568
"Bulgaria","Hungary","Total","EXPORT","Total","Jan.-Dec. 2024","VALUE_IN_EUR",588709651
"Bulgaria","Hungary","Total","EXPORT","Total","Jan.-Dec. 2024","VALUE_IN_EUR_MIRROR",597495744
"Bulgaria","Ireland (Eire)","Total","IMPORT","Total","Jan.-Dec. 2025","VALUE_IN_EUR_MIRROR",184419834
"Bulgaria","Ireland (Eire)","Total","IMPORT","Total","Jan.-Dec. 2024","VALUE_IN_EUR",226234338
"Bulgaria","Ireland (Eire)","Total","IMPORT","Total","Jan.-Dec. 2024","VALUE_IN_EUR_MIRROR",149668679
"Bulgaria","Ireland (Eire)","Total","EXPORT","Total","Jan.-Dec. 2025","VALUE_IN_EUR_MIRROR",107560441
"Bulgaria","Ireland (Eire)","Total","EXPORT","Total","Jan.-Dec. 2024","VALUE_IN_EUR",128597902
"Bulgaria","Ireland (Eire)","Total","EXPORT","Total","Jan.-Dec. 2024","VALUE_IN_EUR_MIRROR",72727976
"Bulgaria","Italy (incl. San Marino 'SM' -> 1993)","Total","IMPORT","Total","Jan.-Dec. 2024","VALUE_IN_EUR",2872644775
"Bulgaria","Italy (incl. San Marino 'SM' -> 1993)","Total","IMPORT","Total","Jan.-Dec. 2024","VALUE_IN_EUR_MIRROR",3333694027
"Bulgaria","Italy (incl. San Marino 'SM' -> 1993)","Total","EXPORT","Total","Jan.-Dec. 2024","VALUE_IN_EUR",2994720295
"Bulgaria","Italy (incl. San Marino 'SM' -> 1993)","Total","EXPORT","Total","Jan.-Dec. 2024","VALUE_IN_EUR_MIRROR",3364977886
"Bulgaria","Lithuania","Total","IMPORT","Total","Jan.-Dec. 2025","VALUE_IN_EUR_MIRROR",170277811
"Bulgaria","Lithuania","Total","IMPORT","Total","Jan.-Dec. 2024","VALUE_IN_EUR",135011109
"Bulgaria","Lithuania","Total","IMPORT","Total","Jan.-Dec. 2024","VALUE_IN_EUR_MIRROR",184921165
"Bulgaria","Lithuania","Total","EXPORT","Total","Jan.-Dec. 2025","VALUE_IN_EUR_MIRROR",114383821
"Bulgaria","Lithuania","Total","EXPORT","Total","Jan.-Dec. 2024","VALUE_IN_EUR",105998003
"Bulgaria","Lithuania","Total","EXPORT","Total","Jan.-Dec. 2024","VALUE_IN_EUR_MIRROR",108107276
"Bulgaria","Luxembourg","Total","IMPORT","Total","Jan.-Dec. 2024","VALUE_IN_EUR",35939445
"Bulgaria","Luxembourg","Total","IMPORT","Total","Jan.-Dec. 2024","VALUE_IN_EUR_MIRROR",38013394
"Bulgaria","Luxembourg","Total","EXPORT","Total","Jan.-Dec. 2024","VALUE_IN_EUR",15003055
"Bulgaria","Luxembourg","Total","EXPORT","Total","Jan.-Dec. 2024","VALUE_IN_EUR_MIRROR",8006082
"Bulgaria","Latvia","Total","IMPORT","Total","Jan.-Dec. 2025","VALUE_IN_EUR_MIRROR",72419571
"Bulgaria","Latvia","Total","IMPORT","Total","Jan.-Dec. 2024","VALUE_IN_EUR",44210885
"Bulgaria","Latvia","Total","IMPORT","Total","Jan.-Dec. 2024","VALUE_IN_EUR_MIRROR",66891919
"Bulgaria","Latvia","Total","EXPORT","Total","Jan.-Dec. 2025","VALUE_IN_EUR_MIRROR",81891556
"Bulgaria","Latvia","Total","EXPORT","Total","Jan.-Dec. 2024","VALUE_IN_EUR",46142975
"Bulgaria","Latvia","Total","EXPORT","Total","Jan.-Dec. 2024","VALUE_IN_EUR_MIRROR",55322929
"Bulgaria","Malta","Total","IMPORT","Total","Jan.-Dec. 2024","VALUE_IN_EUR",10139629
"Bulgaria","Malta","Total","IMPORT","Total","Jan.-Dec. 2024","VALUE_IN_EUR_MIRROR",7505728
"Bulgaria","Malta","Total","EXPORT","Total","Jan.-Dec. 2024","VALUE_IN_EUR",17678033
"Bulgaria","Malta","Total","EXPORT","Total","Jan.-Dec. 2024","VALUE_IN_EUR_MIRROR",31953182
"Bulgaria","Netherlands","Total","IMPORT","Total","Jan.-Dec. 2024","VALUE_IN_EUR",1865817321
"Bulgaria","Netherlands","Total","IMPORT","Total","Jan.-Dec. 2024","VALUE_IN_EUR_MIRROR",2170625642
"Bulgaria","Netherlands","Total","EXPORT","Total","Jan.-Dec. 2024","VALUE_IN_EUR",765505813
"Bulgaria","Netherlands","Total","EXPORT","Total","Jan.-Dec. 2024","VALUE_IN_EUR_MIRROR",884033495
"Bulgaria","Poland","Total","IMPORT","Total","Jan.-Dec. 2024","VALUE_IN_EUR",1891916145
"Bulgaria","Poland","Total","IMPORT","Total","Jan.-Dec. 2024","VALUE_IN_EUR_MIRROR",2209694950
"Bulgaria","Poland","Total","EXPORT","Total","Jan.-Dec. 2024","VALUE_IN_EUR",1107530819
"Bulgaria","Poland","Total","EXPORT","Total","Jan.-Dec. 2024","VALUE_IN_EUR_MIRROR",2781965995
"Bulgaria","Portugal","Total","IMPORT","Total","Jan.-Dec. 2025","VALUE_IN_EUR_MIRROR",110293998
"Bulgaria","Portugal","Total","IMPORT","Total","Jan.-Dec. 2024","VALUE_IN_EUR",110266758
"Bulgaria","Portugal","Total","IMPORT","Total","Jan.-Dec. 2024","VALUE_IN_EUR_MIRROR",134386908
"Bulgaria","Portugal","Total","EXPORT","Total","Jan.-Dec. 2025","VALUE_IN_EUR_MIRROR",136956232
"Bulgaria","Portugal","Total","EXPORT","Total","Jan.-Dec. 2024","VALUE_IN_EUR",127000355
"Bulgaria","Portugal","Total","EXPORT","Total","Jan.-Dec. 2024","VALUE_IN_EUR_MIRROR",143456693
"Bulgaria","Romania","Total","IMPORT","Total","Jan.-Dec. 2024","VALUE_IN_EUR",4115098326
"Bulgaria","Romania","Total","IMPORT","Total","Jan.-Dec. 2024","VALUE_IN_EUR_MIRROR",4106614952
"Bulgaria","Romania","Total","EXPORT","Total","Jan.-Dec. 2024","VALUE_IN_EUR",4366181463
"Bulgaria","Romania","Total","EXPORT","Total","Jan.-Dec. 2024","VALUE_IN_EUR_MIRROR",5644773362
"Bulgaria","Sweden","Total","IMPORT","Total","Jan.-Dec. 2024","VALUE_IN_EUR",294918674
"Bulgaria","Sweden","Total","IMPORT","Total","Jan.-Dec. 2024","VALUE_IN_EUR_MIRROR",368119258
"Bulgaria","Sweden","Total","EXPORT","Total","Jan.-Dec. 2024","VALUE_IN_EUR",360628417
"Bulgaria","Sweden","Total","EXPORT","Total","Jan.-Dec. 2024","VALUE_IN_EUR_MIRROR",319894532
"Bulgaria","Slovenia","Total","IMPORT","Total","Jan.-Dec. 2024","VALUE_IN_EUR",463392588
"Bulgaria","Slovenia","Total","IMPORT","Total","Jan.-Dec. 2024","VALUE_IN_EUR_MIRROR",483045024
"Bulgaria","Slovenia","Total","EXPORT","Total","Jan.-Dec. 2024","VALUE_IN_EUR",252494113
"Bulgaria","Slovenia","Total","EXPORT","Total","Jan.-Dec. 2024","VALUE_IN_EUR_MIRROR",204182578
"Bulgaria","Slovakia","Total","IMPORT","Total","Jan.-Dec. 2024","VALUE_IN_EUR",616682167
"Bulgaria","Slovakia","Total","IMPORT","Total","Jan.-Dec. 2024","VALUE_IN_EUR_MIRROR",833870801
"Bulgaria","Slovakia","Total","EXPORT","Total","Jan.-Dec. 2024","VALUE_IN_EUR",450515854
"Bulgaria","Slovakia","Total","EXPORT","Total","Jan.-Dec. 2024","VALUE_IN_EUR_MIRROR",504363257
"Cyprus","Austria","Total","IMPORT","Total","Jan.-Dec. 2024","VALUE_IN_EUR",80746678
"Cyprus","Austria","Total","IMPORT","Total","Jan.-Dec. 2024","VALUE_IN_EUR_MIRROR",110303935
"Cyprus","Austria","Total","EXPORT","Total","Jan.-Dec. 2024","VALUE_IN_EUR",17031068
"Cyprus","Austria","Total","EXPORT","Total","Jan.-Dec. 2024","VALUE_IN_EUR_MIRROR",25967571
"Cyprus","Belgium (incl. Luxembourg 'LU' -> 1998)","Total","IMPORT","Total","Jan.-Dec. 2024","VALUE_IN_EUR",220293729
"Cyprus","Belgium (incl. Luxembourg 'LU' -> 1998)","Total","IMPORT","Total","Jan.-Dec. 2024","VALUE_IN_EUR_MIRROR",273919634
"Cyprus","Belgium (incl. Luxembourg 'LU' -> 1998)","Total","EXPORT","Total","Jan.-Dec. 2024","VALUE_IN_EUR",23003669
"Cyprus","Belgium (incl. Luxembourg 'LU' -> 1998)","Total","EXPORT","Total","Jan.-Dec. 2024","VALUE_IN_EUR_MIRROR",37398762
"Cyprus","Bulgaria","Total","IMPORT","Total","Jan.-Dec. 2024","VALUE_IN_EUR",95248364
"Cyprus","Bulgaria","Total","IMPORT","Total","Jan.-Dec. 2024","VALUE_IN_EUR_MIRROR",130885052
"Cyprus","Bulgaria","Total","EXPORT","Total","Jan.-Dec. 2024","VALUE_IN_EUR",19320815
"Cyprus","Bulgaria","Total","EXPORT","Total","Jan.-Dec. 2024","VALUE_IN_EUR_MIRROR",96436235
"Cyprus","Czechia","Total","IMPORT","Total","Jan.-Dec. 2025","VALUE_IN_EUR_MIRROR",110190070
"Cyprus","Czechia","Total","IMPORT","Total","Jan.-Dec. 2024","VALUE_IN_EUR",75979801
"Cyprus","Czechia","Total","IMPORT","Total","Jan.-Dec. 2024","VALUE_IN_EUR_MIRROR",102023801
"Cyprus","Czechia","Total","EXPORT","Total","Jan.-Dec. 2025","VALUE_IN_EUR_MIRROR",51901125
"Cyprus","Czechia","Total","EXPORT","Total","Jan.-Dec. 2024","VALUE_IN_EUR",29422990
"Cyprus","Czechia","Total","EXPORT","Total","Jan.-Dec. 2024","VALUE_IN_EUR_MIRROR",54467159
"Cyprus","Germany (incl. German Democratic Republic 'DD' from 1991)","Total","IMPORT","Total","Jan.-Dec. 2024","VALUE_IN_EUR",729652103
"Cyprus","Germany (incl. German Democratic Republic 'DD' from 1991)","Total","IMPORT","Total","Jan.-Dec. 2024","VALUE_IN_EUR_MIRROR",844172286
"Cyprus","Germany (incl. German Democratic Republic 'DD' from 1991)","Total","EXPORT","Total","Jan.-Dec. 2024","VALUE_IN_EUR",92108148
"Cyprus","Germany (incl. German Democratic Republic 'DD' from 1991)","Total","EXPORT","Total","Jan.-Dec. 2024","VALUE_IN_EUR_MIRROR",168160890
"Cyprus","Denmark","Total","IMPORT","Total","Jan.-Dec. 2024","VALUE_IN_EUR",68505742
"Cyprus","Denmark","Total","IMPORT","Total","Jan.-Dec. 2024","VALUE_IN_EUR_MIRROR",86052714
"Cyprus","Denmark","Total","EXPORT","Total","Jan.-Dec. 2024","VALUE_IN_EUR",31698963
"Cyprus","Denmark","Total","EXPORT","Total","Jan.-Dec. 2024","VALUE_IN_EUR_MIRROR",19385202
"Cyprus","Estonia","Total","IMPORT","Total","Jan.-Dec. 2025","VALUE_IN_EUR_MIRROR",15340757
"Cyprus","Estonia","Total","IMPORT","Total","Jan.-Dec. 2024","VALUE_IN_EUR",5459477
"Cyprus","Estonia","Total","IMPORT","Total","Jan.-Dec. 2024","VALUE_IN_EUR_MIRROR",13406523
"Cyprus","Estonia","Total","EXPORT","Total","Jan.-Dec. 2025","VALUE_IN_EUR_MIRROR",7549433
"Cyprus","Estonia","Total","EXPORT","Total","Jan.-Dec. 2024","VALUE_IN_EUR",13494894
"Cyprus","Estonia","Total","EXPORT","Total","Jan.-Dec. 2024","VALUE_IN_EUR_MIRROR",8140769
"Cyprus","Spain (incl. Canary Islands 'XB' from 1997)","Total","IMPORT","Total","Jan.-Dec. 2025","VALUE_IN_EUR_MIRROR",611428286
"Cyprus","Spain (incl. Canary Islands 'XB' from 1997)","Total","IMPORT","Total","Jan.-Dec. 2024","VALUE_IN_EUR",614314945
"Cyprus","Spain (incl. Canary Islands 'XB' from 1997)","Total","IMPORT","Total","Jan.-Dec. 2024","VALUE_IN_EUR_MIRROR",693705503
"Cyprus","Spain (incl. Canary Islands 'XB' from 1997)","Total","EXPORT","Total","Jan.-Dec. 2025","VALUE_IN_EUR_MIRROR",79389865
"Cyprus","Spain (incl. Canary Islands 'XB' from 1997)","Total","EXPORT","Total","Jan.-Dec. 2024","VALUE_IN_EUR",30578188
"Cyprus","Spain (incl. Canary Islands 'XB' from 1997)","Total","EXPORT","Total","Jan.-Dec. 2024","VALUE_IN_EUR_MIRROR",58956374
"Cyprus","Finland","Total","IMPORT","Total","Jan.-Dec. 2024","VALUE_IN_EUR",29920211
"Cyprus","Finland","Total","IMPORT","Total","Jan.-Dec. 2024","VALUE_IN_EUR_MIRROR",28419610
"Cyprus","Finland","Total","EXPORT","Total","Jan.-Dec. 2024","VALUE_IN_EUR",10455527
"Cyprus","Finland","Total","EXPORT","Total","Jan.-Dec. 2024","VALUE_IN_EUR_MIRROR",22668702
"Cyprus","France (incl. Saint Barthélemy 'BL' -> 2012; incl. French Guiana 'GF', Guadeloupe 'GP', Martinique 'MQ', Réunion 'RE' from 1997; incl. Mayotte 'YT' from 2014)","Total","IMPORT","Total","Jan.-Dec. 2024","VALUE_IN_EUR",267264654
"Cyprus","France (incl. Saint Barthélemy 'BL' -> 2012; incl. French Guiana 'GF', Guadeloupe 'GP', Martinique 'MQ', Réunion 'RE' from 1997; incl. Mayotte 'YT' from 2014)","Total","IMPORT","Total","Jan.-Dec. 2024","VALUE_IN_EUR_MIRROR",328643152
"Cyprus","France (incl. Saint Barthélemy 'BL' -> 2012; incl. French Guiana 'GF', Guadeloupe 'GP', Martinique 'MQ', Réunion 'RE' from 1997; incl. Mayotte 'YT' from 2014)","Total","EXPORT","Total","Jan.-Dec. 2024","VALUE_IN_EUR",81630599
"Cyprus","France (incl. Saint Barthélemy 'BL' -> 2012; incl. French Guiana 'GF', Guadeloupe 'GP', Martinique 'MQ', Réunion 'RE' from 1997; incl. Mayotte 'YT' from 2014)","Total","EXPORT","Total","Jan.-Dec. 2024","VALUE_IN_EUR_MIRROR",116327995
"Cyprus","Greece","Total","IMPORT","Total","Jan.-Dec. 2025","VALUE_IN_EUR_MIRROR",3299898353
"Cyprus","Greece","Total","IMPORT","Total","Jan.-Dec. 2024","VALUE_IN_EUR",2988914324
"Cyprus","Greece","Total","IMPORT","Total","Jan.-Dec. 2024","VALUE_IN_EUR_MIRROR",3317002810
"Cyprus","Greece","Total","EXPORT","Total","Jan.-Dec. 2025","VALUE_IN_EUR_MIRROR",583961284
"Cyprus","Greece","Total","EXPORT","Total","Jan.-Dec. 2024","VALUE_IN_EUR",335505660
"Cyprus","Greece","Total","EXPORT","Total","Jan.-Dec. 2024","VALUE_IN_EUR_MIRROR",614295222
"Cyprus","Croatia","Total","IMPORT","Total","Jan.-Dec. 2024","VALUE_IN_EUR",27074692
"Cyprus","Croatia","Total","IMPORT","Total","Jan.-Dec. 2024","VALUE_IN_EUR_MIRROR",26823522
"Cyprus","Croatia","Total","EXPORT","Total","Jan.-Dec. 2024","VALUE_IN_EUR",8013827
"Cyprus","Croatia","Total","EXPORT","Total","Jan.-Dec. 2024","VALUE_IN_EUR_MIRROR",18222079
"Cyprus","Hungary","Total","IMPORT","Total","Jan.-Dec. 2025","VALUE_IN_EUR_MIRROR",68360775
"Cyprus","Hungary","Total","IMPORT","Total","Jan.-Dec. 2024","VALUE_IN_EUR",47455827
"Cyprus","Hungary","Total","IMPORT","Total","Jan.-Dec. 2024","VALUE_IN_EUR_MIRROR",83516929
"Cyprus","Hungary","Total","EXPORT","Total","Jan.-Dec. 2025","VALUE_IN_EUR_MIRROR",40546990
"Cyprus","Hungary","Total","EXPORT","Total","Jan.-Dec. 2024","VALUE_IN_EUR",12594336
"Cyprus","Hungary","Total","EXPORT","Total","Jan.-Dec. 2024","VALUE_IN_EUR_MIRROR",38417510
"Cyprus","Ireland (Eire)","Total","IMPORT","Total","Jan.-Dec. 2025","VALUE_IN_EUR_MIRROR",94495355
"Cyprus","Ireland (Eire)","Total","IMPORT","Total","Jan.-Dec. 2024","VALUE_IN_EUR",130270705
"Cyprus","Ireland (Eire)","Total","IMPORT","Total","Jan.-Dec. 2024","VALUE_IN_EUR_MIRROR",94663348
"Cyprus","Ireland (Eire)","Total","EXPORT","Total","Jan.-Dec. 2025","VALUE_IN_EUR_MIRROR",15384440
"Cyprus","Ireland (Eire)","Total","EXPORT","Total","Jan.-Dec. 2024","VALUE_IN_EUR",39009515
"Cyprus","Ireland (Eire)","Total","EXPORT","Total","Jan.-Dec. 2024","VALUE_IN_EUR_MIRROR",17126597
"Cyprus","Italy (incl. San Marino 'SM' -> 1993)","Total","IMPORT","Total","Jan.-Dec. 2024","VALUE_IN_EUR",968476921
"Cyprus","Italy (incl. San Marino 'SM' -> 1993)","Total","IMPORT","Total","Jan.-Dec. 2024","VALUE_IN_EUR_MIRROR",1023296323
"Cyprus","Italy (incl. San Marino 'SM' -> 1993)","Total","EXPORT","Total","Jan.-Dec. 2024","VALUE_IN_EUR",43440985
"Cyprus","Italy (incl. San Marino 'SM' -> 1993)","Total","EXPORT","Total","Jan.-Dec. 2024","VALUE_IN_EUR_MIRROR",179934545
"Cyprus","Lithuania","Total","IMPORT","Total","Jan.-Dec. 2025","VALUE_IN_EUR_MIRROR",27032700
"Cyprus","Lithuania","Total","IMPORT","Total","Jan.-Dec. 2024","VALUE_IN_EUR",13689760
"Cyprus","Lithuania","Total","IMPORT","Total","Jan.-Dec. 2024","VALUE_IN_EUR_MIRROR",22544690
"Cyprus","Lithuania","Total","EXPORT","Total","Jan.-Dec. 2025","VALUE_IN_EUR_MIRROR",17174741
"Cyprus","Lithuania","Total","EXPORT","Total","Jan.-Dec. 2024","VALUE_IN_EUR",8772677
"Cyprus","Lithuania","Total","EXPORT","Total","Jan.-Dec. 2024","VALUE_IN_EUR_MIRROR",10804337
"Cyprus","Luxembourg","Total","IMPORT","Total","Jan.-Dec. 2024","VALUE_IN_EUR",8032597
"Cyprus","Luxembourg","Total","IMPORT","Total","Jan.-Dec. 2024","VALUE_IN_EUR_MIRROR",5385321
"Cyprus","Luxembourg","Total","EXPORT","Total","Jan.-Dec. 2024","VALUE_IN_EUR",3351
"Cyprus","Luxembourg","Total","EXPORT","Total","Jan.-Dec. 2024","VALUE_IN_EUR_MIRROR",2483935
"Cyprus","Latvia","Total","IMPORT","Total","Jan.-Dec. 2025","VALUE_IN_EUR_MIRROR",47294222
"Cyprus","Latvia","Total","IMPORT","Total","Jan.-Dec. 2024","VALUE_IN_EUR",8620079
"Cyprus","Latvia","Total","IMPORT","Total","Jan.-Dec. 2024","VALUE_IN_EUR_MIRROR",22116323
"Cyprus","Latvia","Total","EXPORT","Total","Jan.-Dec. 2025","VALUE_IN_EUR_MIRROR",41700821
"Cyprus","Latvia","Total","EXPORT","Total","Jan.-Dec. 2024","VALUE_IN_EUR",4333905
"Cyprus","Latvia","Total","EXPORT","Total","Jan.-Dec. 2024","VALUE_IN_EUR_MIRROR",16281153
"Cyprus","Malta","Total","IMPORT","Total","Jan.-Dec. 2024","VALUE_IN_EUR",23888244
"Cyprus","Malta","Total","IMPORT","Total","Jan.-Dec. 2024","VALUE_IN_EUR_MIRROR",23763118
"Cyprus","Malta","Total","EXPORT","Total","Jan.-Dec. 2024","VALUE_IN_EUR",37393403
"Cyprus","Malta","Total","EXPORT","Total","Jan.-Dec. 2024","VALUE_IN_EUR_MIRROR",11264973
"Cyprus","Netherlands","Total","IMPORT","Total","Jan.-Dec. 2024","VALUE_IN_EUR",535007637
"Cyprus","Netherlands","Total","IMPORT","Total","Jan.-Dec. 2024","VALUE_IN_EUR_MIRROR",623484239
"Cyprus","Netherlands","Total","EXPORT","Total","Jan.-Dec. 2024","VALUE_IN_EUR",59168588
"Cyprus","Netherlands","Total","EXPORT","Total","Jan.-Dec. 2024","VALUE_IN_EUR_MIRROR",89401688
"Cyprus","Poland","Total","IMPORT","Total","Jan.-Dec. 2024","VALUE_IN_EUR",103555383
"Cyprus","Poland","Total","IMPORT","Total","Jan.-Dec. 2024","VALUE_IN_EUR_MIRROR",233497330
"Cyprus","Poland","Total","EXPORT","Total","Jan.-Dec. 2024","VALUE_IN_EUR",26199948
"Cyprus","Poland","Total","EXPORT","Total","Jan.-Dec. 2024","VALUE_IN_EUR_MIRROR",165527253
"Cyprus","Portugal","Total","IMPORT","Total","Jan.-Dec. 2025","VALUE_IN_EUR_MIRROR",68323056
"Cyprus","Portugal","Total","IMPORT","Total","Jan.-Dec. 2024","VALUE_IN_EUR",34237161
"Cyprus","Portugal","Total","IMPORT","Total","Jan.-Dec. 2024","VALUE_IN_EUR_MIRROR",60991415
"Cyprus","Portugal","Total","EXPORT","Total","Jan.-Dec. 2025","VALUE_IN_EUR_MIRROR",13415765
"Cyprus","Portugal","Total","EXPORT","Total","Jan.-Dec. 2024","VALUE_IN_EUR",10341508
"Cyprus","Portugal","Total","EXPORT","Total","Jan.-Dec. 2024","VALUE_IN_EUR_MIRROR",11963257
"Cyprus","Romania","Total","IMPORT","Total","Jan.-Dec. 2024","VALUE_IN_EUR",79817749
"Cyprus","Romania","Total","IMPORT","Total","Jan.-Dec. 2024","VALUE_IN_EUR_MIRROR",97563959
"Cyprus","Romania","Total","EXPORT","Total","Jan.-Dec. 2024","VALUE_IN_EUR",46167350
"Cyprus","Romania","Total","EXPORT","Total","Jan.-Dec. 2024","VALUE_IN_EUR_MIRROR",90972139
"Cyprus","Sweden","Total","IMPORT","Total","Jan.-Dec. 2024","VALUE_IN_EUR",118612802
"Cyprus","Sweden","Total","IMPORT","Total","Jan.-Dec. 2024","VALUE_IN_EUR_MIRROR",40342650
"Cyprus","Sweden","Total","EXPORT","Total","Jan.-Dec. 2024","VALUE_IN_EUR",66152240
"Cyprus","Sweden","Total","EXPORT","Total","Jan.-Dec. 2024","VALUE_IN_EUR_MIRROR",65322355
"Cyprus","Slovenia","Total","IMPORT","Total","Jan.-Dec. 2024","VALUE_IN_EUR",27565830
"Cyprus","Slovenia","Total","IMPORT","Total","Jan.-Dec. 2024","VALUE_IN_EUR_MIRROR",33704808
"Cyprus","Slovenia","Total","EXPORT","Total","Jan.-Dec. 2024","VALUE_IN_EUR",17282764
"Cyprus","Slovenia","Total","EXPORT","Total","Jan.-Dec. 2024","VALUE_IN_EUR_MIRROR",34009128
"Cyprus","Slovakia","Total","IMPORT","Total","Jan.-Dec. 2024","VALUE_IN_EUR",56136532
"Cyprus","Slovakia","Total","IMPORT","Total","Jan.-Dec. 2024","VALUE_IN_EUR_MIRROR",58291568
"Cyprus","Slovakia","Total","EXPORT","Total","Jan.-Dec. 2024","VALUE_IN_EUR",15261538
"Cyprus","Slovakia","Total","EXPORT","Total","Jan.-Dec. 2024","VALUE_IN_EUR_MIRROR",42625408
"Czechia","Austria","Total","IMPORT","Total","Jan.-Dec. 2025","VALUE_IN_EUR",8096018627
"Czechia","Austria","Total","IMPORT","Total","Jan.-Dec. 2024","VALUE_IN_EUR",7628122066
"Czechia","Austria","Total","IMPORT","Total","Jan.-Dec. 2024","VALUE_IN_EUR_MIRROR",6798104027
"Czechia","Austria","Total","EXPORT","Total","Jan.-Dec. 2025","VALUE_IN_EUR",10073964618
"Czechia","Austria","Total","EXPORT","Total","Jan.-Dec. 2024","VALUE_IN_EUR",9643655674
"Czechia","Austria","Total","EXPORT","Total","Jan.-Dec. 2024","VALUE_IN_EUR_MIRROR",10019444952
"Czechia","Belgium (incl. Luxembourg 'LU' -> 1998)","Total","IMPORT","Total","Jan.-Dec. 2025","VALUE_IN_EUR",5107375682
"Czechia","Belgium (incl. Luxembourg 'LU' -> 1998)","Total","IMPORT","Total","Jan.-Dec. 2024","VALUE_IN_EUR",5046458038
"Czechia","Belgium (incl. Luxembourg 'LU' -> 1998)","Total","IMPORT","Total","Jan.-Dec. 2024","VALUE_IN_EUR_MIRROR",5234997253
"Czechia","Belgium (incl. Luxembourg 'LU' -> 1998)","Total","EXPORT","Total","Jan.-Dec. 2025","VALUE_IN_EUR",5515699911
"Czechia","Belgium (incl. Luxembourg 'LU' -> 1998)","Total","EXPORT","Total","Jan.-Dec. 2024","VALUE_IN_EUR",5286073405
"Czechia","Belgium (incl. Luxembourg 'LU' -> 1998)","Total","EXPORT","Total","Jan.-Dec. 2024","VALUE_IN_EUR_MIRROR",4980693911
"Czechia","Bulgaria","Total","IMPORT","Total","Jan.-Dec. 2025","VALUE_IN_EUR",1488233630
"Czechia","Bulgaria","Total","IMPORT","Total","Jan.-Dec. 2024","VALUE_IN_EUR",1306259971
"Czechia","Bulgaria","Total","IMPORT","Total","Jan.-Dec. 2024","VALUE_IN_EUR_MIRROR",822233470
"Czechia","Bulgaria","Total","EXPORT","Total","Jan.-Dec. 2025","VALUE_IN_EUR",1631056310
"Czechia","Bulgaria","Total","EXPORT","Total","Jan.-Dec. 2024","VALUE_IN_EUR",1420116293
"Czechia","Bulgaria","Total","EXPORT","Total","Jan.-Dec. 2024","VALUE_IN_EUR_MIRROR",1227341133
"Czechia","Cyprus","Total","IMPORT","Total","Jan.-Dec. 2025","VALUE_IN_EUR",51901125
"Czechia","Cyprus","Total","IMPORT","Total","Jan.-Dec. 2024","VALUE_IN_EUR",54467159
"Czechia","Cyprus","Total","IMPORT","Total","Jan.-Dec. 2024","VALUE_IN_EUR_MIRROR",29422990
"Czechia","Cyprus","Total","EXPORT","Total","Jan.-Dec. 2025","VALUE_IN_EUR",110190070
"Czechia","Cyprus","Total","EXPORT","Total","Jan.-Dec. 2024","VALUE_IN_EUR",102023801
"Czechia","Cyprus","Total","EXPORT","Total","Jan.-Dec. 2024","VALUE_IN_EUR_MIRROR",75979801
"Czechia","Germany (incl. German Democratic Republic 'DD' from 1991)","Total","IMPORT","Total","Jan.-Dec. 2025","VALUE_IN_EUR",58129972469
"Czechia","Germany (incl. German Democratic Republic 'DD' from 1991)","Total","IMPORT","Total","Jan.-Dec. 2024","VALUE_IN_EUR",54914243747
"Czechia","Germany (incl. German Democratic Republic 'DD' from 1991)","Total","IMPORT","Total","Jan.-Dec. 2024","VALUE_IN_EUR_MIRROR",51024005163
"Czechia","Germany (incl. German Democratic Republic 'DD' from 1991)","Total","EXPORT","Total","Jan.-Dec. 2025","VALUE_IN_EUR",79346485329
"Czechia","Germany (incl. German Democratic Republic 'DD' from 1991)","Total","EXPORT","Total","Jan.-Dec. 2024","VALUE_IN_EUR",78253953190
"Czechia","Germany (incl. German Democratic Republic 'DD' from 1991)","Total","EXPORT","Total","Jan.-Dec. 2024","VALUE_IN_EUR_MIRROR",72750381681
"Czechia","Denmark","Total","IMPORT","Total","Jan.-Dec. 2025","VALUE_IN_EUR",1597259192
"Czechia","Denmark","Total","IMPORT","Total","Jan.-Dec. 2024","VALUE_IN_EUR",1574528253
"Czechia","Denmark","Total","IMPORT","Total","Jan.-Dec. 2024","VALUE_IN_EUR_MIRROR",1401558479
"Czechia","Denmark","Total","EXPORT","Total","Jan.-Dec. 2025","VALUE_IN_EUR",3196534686
"Czechia","Denmark","Total","EXPORT","Total","Jan.-Dec. 2024","VALUE_IN_EUR",2392692397
"Czechia","Denmark","Total","EXPORT","Total","Jan.-Dec. 2024","VALUE_IN_EUR_MIRROR",2105948590
"Czechia","Estonia","Total","IMPORT","Total","Jan.-Dec. 2025","VALUE_IN_EUR",189178281
"Czechia","Estonia","Total","IMPORT","Total","Jan.-Dec. 2025","VALUE_IN_EUR_MIRROR",157685413
"Czechia","Estonia","Total","IMPORT","Total","Jan.-Dec. 2024","VALUE_IN_EUR",204633746
"Czechia","Estonia","Total","IMPORT","Total","Jan.-Dec. 2024","VALUE_IN_EUR_MIRROR",169569453
"Czechia","Estonia","Total","EXPORT","Total","Jan.-Dec. 2025","VALUE_IN_EUR",679256282
"Czechia","Estonia","Total","EXPORT","Total","Jan.-Dec. 2025","VALUE_IN_EUR_MIRROR",627613427
"Czechia","Estonia","Total","EXPORT","Total","Jan.-Dec. 2024","VALUE_IN_EUR",663280949
"Czechia","Estonia","Total","EXPORT","Total","Jan.-Dec. 2024","VALUE_IN_EUR_MIRROR",483205092
"Czechia","Spain (incl. Canary Islands 'XB' from 1997)","Total","IMPORT","Total","Jan.-Dec. 2025","VALUE_IN_EUR",3987974834
"Czechia","Spain (incl. Canary Islands 'XB' from 1997)","Total","IMPORT","Total","Jan.-Dec. 2025","VALUE_IN_EUR_MIRROR",4155584600
"Czechia","Spain (incl. Canary Islands 'XB' from 1997)","Total","IMPORT","Total","Jan.-Dec. 2024","VALUE_IN_EUR",3890987896
"Czechia","Spain (incl. Canary Islands 'XB' from 1997)","Total","IMPORT","Total","Jan.-Dec. 2024","VALUE_IN_EUR_MIRROR",4007559855
"Czechia","Spain (incl. Canary Islands 'XB' from 1997)","Total","EXPORT","Total","Jan.-Dec. 2025","VALUE_IN_EUR",6364267693
"Czechia","Spain (incl. Canary Islands 'XB' from 1997)","Total","EXPORT","Total","Jan.-Dec. 2025","VALUE_IN_EUR_MIRROR",6092131047
"Czechia","Spain (incl. Canary Islands 'XB' from 1997)","Total","EXPORT","Total","Jan.-Dec. 2024","VALUE_IN_EUR",6055469537
"Czechia","Spain (incl. Canary Islands 'XB' from 1997)","Total","EXPORT","Total","Jan.-Dec. 2024","VALUE_IN_EUR_MIRROR",5883292144
"Czechia","Finland","Total","IMPORT","Total","Jan.-Dec. 2025","VALUE_IN_EUR",662239932
"Czechia","Finland","Total","IMPORT","Total","Jan.-Dec. 2024","VALUE_IN_EUR",636824125
"Czechia","Finland","Total","IMPORT","Total","Jan.-Dec. 2024","VALUE_IN_EUR_MIRROR",602499137
"Czechia","Finland","Total","EXPORT","Total","Jan.-Dec. 2025","VALUE_IN_EUR",1017274482
"Czechia","Finland","Total","EXPORT","Total","Jan.-Dec. 2024","VALUE_IN_EUR",987544837
"Czechia","Finland","Total","EXPORT","Total","Jan.-Dec. 2024","VALUE_IN_EUR_MIRROR",929380095
"Czechia","France (incl. Saint Barthélemy 'BL' -> 2012; incl. French Guiana 'GF', Guadeloupe 'GP', Martinique 'MQ', Réunion 'RE' from 1997; incl. Mayotte 'YT' from 2014)","Total","IMPORT","Total","Jan.-Dec. 2025","VALUE_IN_EUR",6942241715
"Czechia","France (incl. Saint Barthélemy 'BL' -> 2012; incl. French Guiana 'GF', Guadeloupe 'GP', Martinique 'MQ', Réunion 'RE' from 1997; incl. Mayotte 'YT' from 2014)","Total","IMPORT","Total","Jan.-Dec. 2024","VALUE_IN_EUR",6548753421
"Czechia","France (incl. Saint Barthélemy 'BL' -> 2012; incl. French Guiana 'GF', Guadeloupe 'GP', Martinique 'MQ', Réunion 'RE' from 1997; incl. Mayotte 'YT' from 2014)","Total","IMPORT","Total","Jan.-Dec. 2024","VALUE_IN_EUR_MIRROR",6459894623
"Czechia","France (incl. Saint Barthélemy 'BL' -> 2012; incl. French Guiana 'GF', Guadeloupe 'GP', Martinique 'MQ', Réunion 'RE' from 1997; incl. Mayotte 'YT' from 2014)","Total","EXPORT","Total","Jan.-Dec. 2025","VALUE_IN_EUR",12206955880
"Czechia","France (incl. Saint Barthélemy 'BL' -> 2012; incl. French Guiana 'GF', Guadeloupe 'GP', Martinique 'MQ', Réunion 'RE' from 1997; incl. Mayotte 'YT' from 2014)","Total","EXPORT","Total","Jan.-Dec. 2024","VALUE_IN_EUR",11184234526
"Czechia","France (incl. Saint Barthélemy 'BL' -> 2012; incl. French Guiana 'GF', Guadeloupe 'GP', Martinique 'MQ', Réunion 'RE' from 1997; incl. Mayotte 'YT' from 2014)","Total","EXPORT","Total","Jan.-Dec. 2024","VALUE_IN_EUR_MIRROR",9914274670
"Czechia","Greece","Total","IMPORT","Total","Jan.-Dec. 2025","VALUE_IN_EUR",407437719
"Czechia","Greece","Total","IMPORT","Total","Jan.-Dec. 2025","VALUE_IN_EUR_MIRROR",404987184
"Czechia","Greece","Total","IMPORT","Total","Jan.-Dec. 2024","VALUE_IN_EUR",362142068
"Czechia","Greece","Total","IMPORT","Total","Jan.-Dec. 2024","VALUE_IN_EUR_MIRROR",398867710
"Czechia","Greece","Total","EXPORT","Total","Jan.-Dec. 2025","VALUE_IN_EUR",715048733
"Czechia","Greece","Total","EXPORT","Total","Jan.-Dec. 2025","VALUE_IN_EUR_MIRROR",778455172
"Czechia","Greece","Total","EXPORT","Total","Jan.-Dec. 2024","VALUE_IN_EUR",643648457
"Czechia","Greece","Total","EXPORT","Total","Jan.-Dec. 2024","VALUE_IN_EUR_MIRROR",719678611
"Czechia","Croatia","Total","IMPORT","Total","Jan.-Dec. 2025","VALUE_IN_EUR",422879583
"Czechia","Croatia","Total","IMPORT","Total","Jan.-Dec. 2024","VALUE_IN_EUR",373901326
"Czechia","Croatia","Total","IMPORT","Total","Jan.-Dec. 2024","VALUE_IN_EUR_MIRROR",386731358
"Czechia","Croatia","Total","EXPORT","Total","Jan.-Dec. 2025","VALUE_IN_EUR",1156429642
"Czechia","Croatia","Total","EXPORT","Total","Jan.-Dec. 2024","VALUE_IN_EUR",1025896174
"Czechia","Croatia","Total","EXPORT","Total","Jan.-Dec. 2024","VALUE_IN_EUR_MIRROR",1024252658
"Czechia","Hungary","Total","IMPORT","Total","Jan.-Dec. 2025","VALUE_IN_EUR",6147857824
"Czechia","Hungary","Total","IMPORT","Total","Jan.-Dec. 2025","VALUE_IN_EUR_MIRROR",6333579526
"Czechia","Hungary","Total","IMPORT","Total","Jan.-Dec. 2024","VALUE_IN_EUR",5965277644
"Czechia","Hungary","Total","IMPORT","Total","Jan.-Dec. 2024","VALUE_IN_EUR_MIRROR",6315521296
"Czechia","Hungary","Total","EXPORT","Total","Jan.-Dec. 2025","VALUE_IN_EUR",7729926491
"Czechia","Hungary","Total","EXPORT","Total","Jan.-Dec. 2025","VALUE_IN_EUR_MIRROR",7254938515
"Czechia","Hungary","Total","EXPORT","Total","Jan.-Dec. 2024","VALUE_IN_EUR",8423757794
"Czechia","Hungary","Total","EXPORT","Total","Jan.-Dec. 2024","VALUE_IN_EUR_MIRROR",7803532945
"Czechia","Ireland (Eire)","Total","IMPORT","Total","Jan.-Dec. 2025","VALUE_IN_EUR",1764157970
"Czechia","Ireland (Eire)","Total","IMPORT","Total","Jan.-Dec. 2025","VALUE_IN_EUR_MIRROR",603276613
"Czechia","Ireland (Eire)","Total","IMPORT","Total","Jan.-Dec. 2024","VALUE_IN_EUR",1555908457
"Czechia","Ireland (Eire)","Total","IMPORT","Total","Jan.-Dec. 2024","VALUE_IN_EUR_MIRROR",513159839
"Czechia","Ireland (Eire)","Total","EXPORT","Total","Jan.-Dec. 2025","VALUE_IN_EUR",1379509718
"Czechia","Ireland (Eire)","Total","EXPORT","Total","Jan.-Dec. 2025","VALUE_IN_EUR_MIRROR",1648823324
"Czechia","Ireland (Eire)","Total","EXPORT","Total","Jan.-Dec. 2024","VALUE_IN_EUR",1534427408
"Czechia","Ireland (Eire)","Total","EXPORT","Total","Jan.-Dec. 2024","VALUE_IN_EUR_MIRROR",1600212857
"Czechia","Italy (incl. San Marino 'SM' -> 1993)","Total","IMPORT","Total","Jan.-Dec. 2025","VALUE_IN_EUR",8328168854
"Czechia","Italy (incl. San Marino 'SM' -> 1993)","Total","IMPORT","Total","Jan.-Dec. 2024","VALUE_IN_EUR",8244546858
"Czechia","Italy (incl. San Marino 'SM' -> 1993)","Total","IMPORT","Total","Jan.-Dec. 2024","VALUE_IN_EUR_MIRROR",8168227756
"Czechia","Italy (incl. San Marino 'SM' -> 1993)","Total","EXPORT","Total","Jan.-Dec. 2025","VALUE_IN_EUR",9661189696
"Czechia","Italy (incl. San Marino 'SM' -> 1993)","Total","EXPORT","Total","Jan.-Dec. 2024","VALUE_IN_EUR",9407076366
"Czechia","Italy (incl. San Marino 'SM' -> 1993)","Total","EXPORT","Total","Jan.-Dec. 2024","VALUE_IN_EUR_MIRROR",8857079483
"Czechia","Lithuania","Total","IMPORT","Total","Jan.-Dec. 2025","VALUE_IN_EUR",498710044
"Czechia","Lithuania","Total","IMPORT","Total","Jan.-Dec. 2025","VALUE_IN_EUR_MIRROR",541742623
"Czechia","Lithuania","Total","IMPORT","Total","Jan.-Dec. 2024","VALUE_IN_EUR",508883198
"Czechia","Lithuania","Total","IMPORT","Total","Jan.-Dec. 2024","VALUE_IN_EUR_MIRROR",513010058
"Czechia","Lithuania","Total","EXPORT","Total","Jan.-Dec. 2025","VALUE_IN_EUR",983846457
"Czechia","Lithuania","Total","EXPORT","Total","Jan.-Dec. 2025","VALUE_IN_EUR_MIRROR",983426883
"Czechia","Lithuania","Total","EXPORT","Total","Jan.-Dec. 2024","VALUE_IN_EUR",1078445581
"Czechia","Lithuania","Total","EXPORT","Total","Jan.-Dec. 2024","VALUE_IN_EUR_MIRROR",987803234
"Czechia","Luxembourg","Total","IMPORT","Total","Jan.-Dec. 2025","VALUE_IN_EUR",406367191
"Czechia","Luxembourg","Total","IMPORT","Total","Jan.-Dec. 2024","VALUE_IN_EUR",377063924
"Czechia","Luxembourg","Total","IMPORT","Total","Jan.-Dec. 2024","VALUE_IN_EUR_MIRROR",163010013
"Czechia","Luxembourg","Total","EXPORT","Total","Jan.-Dec. 2025","VALUE_IN_EUR",409086041
"Czechia","Luxembourg","Total","EXPORT","Total","Jan.-Dec. 2024","VALUE_IN_EUR",424144750
"Czechia","Luxembourg","Total","EXPORT","Total","Jan.-Dec. 2024","VALUE_IN_EUR_MIRROR",249179075
"Czechia","Latvia","Total","IMPORT","Total","Jan.-Dec. 2025","VALUE_IN_EUR",235545975
"Czechia","Latvia","Total","IMPORT","Total","Jan.-Dec. 2025","VALUE_IN_EUR_MIRROR",239436391
"Czechia","Latvia","Total","IMPORT","Total","Jan.-Dec. 2024","VALUE_IN_EUR",196475119
"Czechia","Latvia","Total","IMPORT","Total","Jan.-Dec. 2024","VALUE_IN_EUR_MIRROR",220112745
"Czechia","Latvia","Total","EXPORT","Total","Jan.-Dec. 2025","VALUE_IN_EUR",348294551
"Czechia","Latvia","Total","EXPORT","Total","Jan.-Dec. 2025","VALUE_IN_EUR_MIRROR",316194866
"Czechia","Latvia","Total","EXPORT","Total","Jan.-Dec. 2024","VALUE_IN_EUR",479445341
"Czechia","Latvia","Total","EXPORT","Total","Jan.-Dec. 2024","VALUE_IN_EUR_MIRROR",421819928
"Czechia","Malta","Total","IMPORT","Total","Jan.-Dec. 2025","VALUE_IN_EUR",44538296
"Czechia","Malta","Total","IMPORT","Total","Jan.-Dec. 2024","VALUE_IN_EUR",107585279
"Czechia","Malta","Total","IMPORT","Total","Jan.-Dec. 2024","VALUE_IN_EUR_MIRROR",21941508
"Czechia","Malta","Total","EXPORT","Total","Jan.-Dec. 2025","VALUE_IN_EUR",44563544
"Czechia","Malta","Total","EXPORT","Total","Jan.-Dec. 2024","VALUE_IN_EUR",39695879
"Czechia","Malta","Total","EXPORT","Total","Jan.-Dec. 2024","VALUE_IN_EUR_MIRROR",17901150
"Czechia","Netherlands","Total","IMPORT","Total","Jan.-Dec. 2025","VALUE_IN_EUR",13987999869
"Czechia","Netherlands","Total","IMPORT","Total","Jan.-Dec. 2024","VALUE_IN_EUR",12834122487
"Czechia","Netherlands","Total","IMPORT","Total","Jan.-Dec. 2024","VALUE_IN_EUR_MIRROR",13623680474
"Czechia","Netherlands","Total","EXPORT","Total","Jan.-Dec. 2025","VALUE_IN_EUR",7885889586
"Czechia","Netherlands","Total","EXPORT","Total","Jan.-Dec. 2024","VALUE_IN_EUR",7894769861
"Czechia","Netherlands","Total","EXPORT","Total","Jan.-Dec. 2024","VALUE_IN_EUR_MIRROR",8703182487
"Czechia","Poland","Total","IMPORT","Total","Jan.-Dec. 2025","VALUE_IN_EUR",21208880823
"Czechia","Poland","Total","IMPORT","Total","Jan.-Dec. 2024","VALUE_IN_EUR",20224807568
"Czechia","Poland","Total","IMPORT","Total","Jan.-Dec. 2024","VALUE_IN_EUR_MIRROR",21730233919
"Czechia","Poland","Total","EXPORT","Total","Jan.-Dec. 2025","VALUE_IN_EUR",18349520309
"Czechia","Poland","Total","EXPORT","Total","Jan.-Dec. 2024","VALUE_IN_EUR",18100846490
"Czechia","Poland","Total","EXPORT","Total","Jan.-Dec. 2024","VALUE_IN_EUR_MIRROR",15280510375
"Czechia","Portugal","Total","IMPORT","Total","Jan.-Dec. 2025","VALUE_IN_EUR",616720069
"Czechia","Portugal","Total","IMPORT","Total","Jan.-Dec. 2025","VALUE_IN_EUR_MIRROR",691854395
"Czechia","Portugal","Total","IMPORT","Total","Jan.-Dec. 2024","VALUE_IN_EUR",631392111
"Czechia","Portugal","Total","IMPORT","Total","Jan.-Dec. 2024","VALUE_IN_EUR_MIRROR",668987650
"Czechia","Portugal","Total","EXPORT","Total","Jan.-Dec. 2025","VALUE_IN_EUR",1073288873
"Czechia","Portugal","Total","EXPORT","Total","Jan.-Dec. 2025","VALUE_IN_EUR_MIRROR",915297332
"Czechia","Portugal","Total","EXPORT","Total","Jan.-Dec. 2024","VALUE_IN_EUR",955195912
"Czechia","Portugal","Total","EXPORT","Total","Jan.-Dec. 2024","VALUE_IN_EUR_MIRROR",849028904
"Czechia","Romania","Total","IMPORT","Total","Jan.-Dec. 2025","VALUE_IN_EUR",2991331341
"Czechia","Romania","Total","IMPORT","Total","Jan.-Dec. 2024","VALUE_IN_EUR",2942787951
"Czechia","Romania","Total","IMPORT","Total","Jan.-Dec. 2024","VALUE_IN_EUR_MIRROR",3086687784
"Czechia","Romania","Total","EXPORT","Total","Jan.-Dec. 2025","VALUE_IN_EUR",3970251466
"Czechia","Romania","Total","EXPORT","Total","Jan.-Dec. 2024","VALUE_IN_EUR",3828402193
"Czechia","Romania","Total","EXPORT","Total","Jan.-Dec. 2024","VALUE_IN_EUR_MIRROR",3632410652
"Czechia","Sweden","Total","IMPORT","Total","Jan.-Dec. 2025","VALUE_IN_EUR",1784423153
"Czechia","Sweden","Total","IMPORT","Total","Jan.-Dec. 2024","VALUE_IN_EUR",1779602681
"Czechia","Sweden","Total","IMPORT","Total","Jan.-Dec. 2024","VALUE_IN_EUR_MIRROR",1582262705
"Czechia","Sweden","Total","EXPORT","Total","Jan.-Dec. 2025","VALUE_IN_EUR",3893833866
"Czechia","Sweden","Total","EXPORT","Total","Jan.-Dec. 2024","VALUE_IN_EUR",3653354062
"Czechia","Sweden","Total","EXPORT","Total","Jan.-Dec. 2024","VALUE_IN_EUR_MIRROR",3372806049
"Czechia","Slovenia","Total","IMPORT","Total","Jan.-Dec. 2025","VALUE_IN_EUR",1551212660
"Czechia","Slovenia","Total","IMPORT","Total","Jan.-Dec. 2024","VALUE_IN_EUR",1550718234
"Czechia","Slovenia","Total","IMPORT","Total","Jan.-Dec. 2024","VALUE_IN_EUR_MIRROR",1729248186
"Czechia","Slovenia","Total","EXPORT","Total","Jan.-Dec. 2025","VALUE_IN_EUR",1155416998
"Czechia","Slovenia","Total","EXPORT","Total","Jan.-Dec. 2024","VALUE_IN_EUR",1236822446
"Czechia","Slovenia","Total","EXPORT","Total","Jan.-Dec. 2024","VALUE_IN_EUR_MIRROR",948409973
"Czechia","Slovakia","Total","IMPORT","Total","Jan.-Dec. 2025","VALUE_IN_EUR",13353625302
"Czechia","Slovakia","Total","IMPORT","Total","Jan.-Dec. 2024","VALUE_IN_EUR",13134095662
"Czechia","Slovakia","Total","IMPORT","Total","Jan.-Dec. 2024","VALUE_IN_EUR_MIRROR",13026758171
"Czechia","Slovakia","Total","EXPORT","Total","Jan.-Dec. 2025","VALUE_IN_EUR",18856004423
"Czechia","Slovakia","Total","EXPORT","Total","Jan.-Dec. 2024","VALUE_IN_EUR",18080717753
"Czechia","Slovakia","Total","EXPORT","Total","Jan.-Dec. 2024","VALUE_IN_EUR_MIRROR",18473370288
"Germany (incl. German Democratic Republic 'DD' from 1991)","Austria","Total","IMPORT","Total","Jan.-Dec. 2024","VALUE_IN_EUR",57777056664
"Germany (incl. German Democratic Republic 'DD' from 1991)","Austria","Total","IMPORT","Total","Jan.-Dec. 2024","VALUE_IN_EUR_MIRROR",57703652599
"Germany (incl. German Democratic Republic 'DD' from 1991)","Austria","Total","EXPORT","Total","Jan.-Dec. 2024","VALUE_IN_EUR",76350100453
"Germany (incl. German Democratic Republic 'DD' from 1991)","Austria","Total","EXPORT","Total","Jan.-Dec. 2024","VALUE_IN_EUR_MIRROR",77334657575
"Germany (incl. German Democratic Republic 'DD' from 1991)","Belgium (incl. Luxembourg 'LU' -> 1998)","Total","IMPORT","Total","Jan.-Dec. 2024","VALUE_IN_EUR",77527834222
"Germany (incl. German Democratic Republic 'DD' from 1991)","Belgium (incl. Luxembourg 'LU' -> 1998)","Total","IMPORT","Total","Jan.-Dec. 2024","VALUE_IN_EUR_MIRROR",92298774509
"Germany (incl. German Democratic Republic 'DD' from 1991)","Belgium (incl. Luxembourg 'LU' -> 1998)","Total","EXPORT","Total","Jan.-Dec. 2024","VALUE_IN_EUR",58377876256
"Germany (incl. German Democratic Republic 'DD' from 1991)","Belgium (incl. Luxembourg 'LU' -> 1998)","Total","EXPORT","Total","Jan.-Dec. 2024","VALUE_IN_EUR_MIRROR",59565080638
"Germany (incl. German Democratic Republic 'DD' from 1991)","Bulgaria","Total","IMPORT","Total","Jan.-Dec. 2024","VALUE_IN_EUR",6381060088
"Germany (incl. German Democratic Republic 'DD' from 1991)","Bulgaria","Total","IMPORT","Total","Jan.-Dec. 2024","VALUE_IN_EUR_MIRROR",6612332246
"Germany (incl. German Democratic Republic 'DD' from 1991)","Bulgaria","Total","EXPORT","Total","Jan.-Dec. 2024","VALUE_IN_EUR",5906901906
"Germany (incl. German Democratic Republic 'DD' from 1991)","Bulgaria","Total","EXPORT","Total","Jan.-Dec. 2024","VALUE_IN_EUR_MIRROR",5770164866
"Germany (incl. German Democratic Republic 'DD' from 1991)","Cyprus","Total","IMPORT","Total","Jan.-Dec. 2024","VALUE_IN_EUR",168160890
"Germany (incl. German Democratic Republic 'DD' from 1991)","Cyprus","Total","IMPORT","Total","Jan.-Dec. 2024","VALUE_IN_EUR_MIRROR",92108148
"Germany (incl. German Democratic Republic 'DD' from 1991)","Cyprus","Total","EXPORT","Total","Jan.-Dec. 2024","VALUE_IN_EUR",844172286
"Germany (incl. German Democratic Republic 'DD' from 1991)","Cyprus","Total","EXPORT","Total","Jan.-Dec. 2024","VALUE_IN_EUR_MIRROR",729652103
"Germany (incl. German Democratic Republic 'DD' from 1991)","Czechia","Total","IMPORT","Total","Jan.-Dec. 2025","VALUE_IN_EUR_MIRROR",79346485329
"Germany (incl. German Democratic Republic 'DD' from 1991)","Czechia","Total","IMPORT","Total","Jan.-Dec. 2024","VALUE_IN_EUR",72750381681
"Germany (incl. German Democratic Republic 'DD' from 1991)","Czechia","Total","IMPORT","Total","Jan.-Dec. 2024","VALUE_IN_EUR_MIRROR",78253953190
"Germany (incl. German Democratic Republic 'DD' from 1991)","Czechia","Total","EXPORT","Total","Jan.-Dec. 2025","VALUE_IN_EUR_MIRROR",58129972469
"Germany (incl. German Democratic Republic 'DD' from 1991)","Czechia","Total","EXPORT","Total","Jan.-Dec. 2024","VALUE_IN_EUR",51024005163
"Germany (incl. German Democratic Republic 'DD' from 1991)","Czechia","Total","EXPORT","Total","Jan.-Dec. 2024","VALUE_IN_EUR_MIRROR",54914243747
"Germany (incl. German Democratic Republic 'DD' from 1991)","Denmark","Total","IMPORT","Total","Jan.-Dec. 2024","VALUE_IN_EUR",17812787673
"Germany (incl. German Democratic Republic 'DD' from 1991)","Denmark","Total","IMPORT","Total","Jan.-Dec. 2024","VALUE_IN_EUR_MIRROR",18244794459
"Germany (incl. German Democratic Republic 'DD' from 1991)","Denmark","Total","EXPORT","Total","Jan.-Dec. 2024","VALUE_IN_EUR",22473751161
"Germany (incl. German Democratic Republic 'DD' from 1991)","Denmark","Total","EXPORT","Total","Jan.-Dec. 2024","VALUE_IN_EUR_MIRROR",21914478239
"Germany (incl. German Democratic Republic 'DD' from 1991)","Estonia","Total","IMPORT","Total","Jan.-Dec. 2025","VALUE_IN_EUR_MIRROR",1405924856
"Germany (incl. German Democratic Republic 'DD' from 1991)","Estonia","Total","IMPORT","Total","Jan.-Dec. 2024","VALUE_IN_EUR",1194184170
"Germany (incl. German Democratic Republic 'DD' from 1991)","Estonia","Total","IMPORT","Total","Jan.-Dec. 2024","VALUE_IN_EUR_MIRROR",1270272872
"Germany (incl. German Democratic Republic 'DD' from 1991)","Estonia","Total","EXPORT","Total","Jan.-Dec. 2025","VALUE_IN_EUR_MIRROR",2451995634
"Germany (incl. German Democratic Republic 'DD' from 1991)","Estonia","Total","EXPORT","Total","Jan.-Dec. 2024","VALUE_IN_EUR",2461186455
"Germany (incl. German Democratic Republic 'DD' from 1991)","Estonia","Total","EXPORT","Total","Jan.-Dec. 2024","VALUE_IN_EUR_MIRROR",2383309821
"Germany (incl. German Democratic Republic 'DD' from 1991)","Spain (incl. Canary Islands 'XB' from 1997)","Total","IMPORT","Total","Jan.-Dec. 2025","VALUE_IN_EUR_MIRROR",40727408452
"Germany (incl. German Democratic Republic 'DD' from 1991)","Spain (incl. Canary Islands 'XB' from 1997)","Total","IMPORT","Total","Jan.-Dec. 2024","VALUE_IN_EUR",40658098658
"Germany (incl. German Democratic Republic 'DD' from 1991)","Spain (incl. Canary Islands 'XB' from 1997)","Total","IMPORT","Total","Jan.-Dec. 2024","VALUE_IN_EUR_MIRROR",40515168654
"Germany (incl. German Democratic Republic 'DD' from 1991)","Spain (incl. Canary Islands 'XB' from 1997)","Total","EXPORT","Total","Jan.-Dec. 2025","VALUE_IN_EUR_MIRROR",58859616984
"Germany (incl. German Democratic Republic 'DD' from 1991)","Spain (incl. Canary Islands 'XB' from 1997)","Total","EXPORT","Total","Jan.-Dec. 2024","VALUE_IN_EUR",53682922932
"Germany (incl. German Democratic Republic 'DD' from 1991)","Spain (incl. Canary Islands 'XB' from 1997)","Total","EXPORT","Total","Jan.-Dec. 2024","VALUE_IN_EUR_MIRROR",55252231656
"Germany (incl. German Democratic Republic 'DD' from 1991)","Finland","Total","IMPORT","Total","Jan.-Dec. 2024","VALUE_IN_EUR",8975836833
"Germany (incl. German Democratic Republic 'DD' from 1991)","Finland","Total","IMPORT","Total","Jan.-Dec. 2024","VALUE_IN_EUR_MIRROR",8123761762
"Germany (incl. German Democratic Republic 'DD' from 1991)","Finland","Total","EXPORT","Total","Jan.-Dec. 2024","VALUE_IN_EUR",10829465928
"Germany (incl. German Democratic Republic 'DD' from 1991)","Finland","Total","EXPORT","Total","Jan.-Dec. 2024","VALUE_IN_EUR_MIRROR",11405186781
"Germany (incl. German Democratic Republic 'DD' from 1991)","France (incl. Saint Barthélemy 'BL' -> 2012; incl. French Guiana 'GF', Guadeloupe 'GP', Martinique 'MQ', Réunion 'RE' from 1997; incl. Mayotte 'YT' from 2014)","Total","IMPORT","Total","Jan.-Dec. 2024","VALUE_IN_EUR",72314912216
"Germany (incl. German Democratic Republic 'DD' from 1991)","France (incl. Saint Barthélemy 'BL' -> 2012; incl. French Guiana 'GF', Guadeloupe 'GP', Martinique 'MQ', Réunion 'RE' from 1997; incl. Mayotte 'YT' from 2014)","Total","IMPORT","Total","Jan.-Dec. 2024","VALUE_IN_EUR_MIRROR",77261065226
"Germany (incl. German Democratic Republic 'DD' from 1991)","France (incl. Saint Barthélemy 'BL' -> 2012; incl. French Guiana 'GF', Guadeloupe 'GP', Martinique 'MQ', Réunion 'RE' from 1997; incl. Mayotte 'YT' from 2014)","Total","EXPORT","Total","Jan.-Dec. 2024","VALUE_IN_EUR",115094803458
"Germany (incl. German Democratic Republic 'DD' from 1991)","France (incl. Saint Barthélemy 'BL' -> 2012; incl. French Guiana 'GF', Guadeloupe 'GP', Martinique 'MQ', Réunion 'RE' from 1997; incl. Mayotte 'YT' from 2014)","Total","EXPORT","Total","Jan.-Dec. 2024","VALUE_IN_EUR_MIRROR",107038468510
"Germany (incl. German Democratic Republic 'DD' from 1991)","Greece","Total","IMPORT","Total","Jan.-Dec. 2025","VALUE_IN_EUR_MIRROR",3777765997
"Germany (incl. German Democratic Republic 'DD' from 1991)","Greece","Total","IMPORT","Total","Jan.-Dec. 2024","VALUE_IN_EUR",3191025257
"Germany (incl. German Democratic Republic 'DD' from 1991)","Greece","Total","IMPORT","Total","Jan.-Dec. 2024","VALUE_IN_EUR_MIRROR",3525565330
"Germany (incl. German Democratic Republic 'DD' from 1991)","Greece","Total","EXPORT","Total","Jan.-Dec. 2025","VALUE_IN_EUR_MIRROR",9418891074
"Germany (incl. German Democratic Republic 'DD' from 1991)","Greece","Total","EXPORT","Total","Jan.-Dec. 2024","VALUE_IN_EUR",8627594434
"Germany (incl. German Democratic Republic 'DD' from 1991)","Greece","Total","EXPORT","Total","Jan.-Dec. 2024","VALUE_IN_EUR_MIRROR",9347176652
"Germany (incl. German Democratic Republic 'DD' from 1991)","Croatia","Total","IMPORT","Total","Jan.-Dec. 2024","VALUE_IN_EUR",2417083694
"Germany (incl. German Democratic Republic 'DD' from 1991)","Croatia","Total","IMPORT","Total","Jan.-Dec. 2024","VALUE_IN_EUR_MIRROR",2868124985
"Germany (incl. German Democratic Republic 'DD' from 1991)","Croatia","Total","EXPORT","Total","Jan.-Dec. 2024","VALUE_IN_EUR",5636483770
"Germany (incl. German Democratic Republic 'DD' from 1991)","Croatia","Total","EXPORT","Total","Jan.-Dec. 2024","VALUE_IN_EUR_MIRROR",6169463356
"Germany (incl. German Democratic Republic 'DD' from 1991)","Hungary","Total","IMPORT","Total","Jan.-Dec. 2025","VALUE_IN_EUR_MIRROR",36942310595
"Germany (incl. German Democratic Republic 'DD' from 1991)","Hungary","Total","IMPORT","Total","Jan.-Dec. 2024","VALUE_IN_EUR",35339853223
"Germany (incl. German Democratic Republic 'DD' from 1991)","Hungary","Total","IMPORT","Total","Jan.-Dec. 2024","VALUE_IN_EUR_MIRROR",36491880980
"Germany (incl. German Democratic Republic 'DD' from 1991)","Hungary","Total","EXPORT","Total","Jan.-Dec. 2025","VALUE_IN_EUR_MIRROR",29675184482
"Germany (incl. German Democratic Republic 'DD' from 1991)","Hungary","Total","EXPORT","Total","Jan.-Dec. 2024","VALUE_IN_EUR",31594475773
"Germany (incl. German Democratic Republic 'DD' from 1991)","Hungary","Total","EXPORT","Total","Jan.-Dec. 2024","VALUE_IN_EUR_MIRROR",30072582860
"Germany (incl. German Democratic Republic 'DD' from 1991)","Ireland (Eire)","Total","IMPORT","Total","Jan.-Dec. 2025","VALUE_IN_EUR_MIRROR",15306500622
"Germany (incl. German Democratic Republic 'DD' from 1991)","Ireland (Eire)","Total","IMPORT","Total","Jan.-Dec. 2024","VALUE_IN_EUR",24014536705
"Germany (incl. German Democratic Republic 'DD' from 1991)","Ireland (Eire)","Total","IMPORT","Total","Jan.-Dec. 2024","VALUE_IN_EUR_MIRROR",20087401861
"Germany (incl. German Democratic Republic 'DD' from 1991)","Ireland (Eire)","Total","EXPORT","Total","Jan.-Dec. 2025","VALUE_IN_EUR_MIRROR",16694718153
"Germany (incl. German Democratic Republic 'DD' from 1991)","Ireland (Eire)","Total","EXPORT","Total","Jan.-Dec. 2024","VALUE_IN_EUR",9837432681
"Germany (incl. German Democratic Republic 'DD' from 1991)","Ireland (Eire)","Total","EXPORT","Total","Jan.-Dec. 2024","VALUE_IN_EUR_MIRROR",13814226825
"Germany (incl. German Democratic Republic 'DD' from 1991)","Italy (incl. San Marino 'SM' -> 1993)","Total","IMPORT","Total","Jan.-Dec. 2024","VALUE_IN_EUR",68199637041
"Germany (incl. German Democratic Republic 'DD' from 1991)","Italy (incl. San Marino 'SM' -> 1993)","Total","IMPORT","Total","Jan.-Dec. 2024","VALUE_IN_EUR_MIRROR",70532158447
"Germany (incl. German Democratic Republic 'DD' from 1991)","Italy (incl. San Marino 'SM' -> 1993)","Total","EXPORT","Total","Jan.-Dec. 2024","VALUE_IN_EUR",80200418964
"Germany (incl. German Democratic Republic 'DD' from 1991)","Italy (incl. San Marino 'SM' -> 1993)","Total","EXPORT","Total","Jan.-Dec. 2024","VALUE_IN_EUR_MIRROR",83197653343
"Germany (incl. German Democratic Republic 'DD' from 1991)","Lithuania","Total","IMPORT","Total","Jan.-Dec. 2025","VALUE_IN_EUR_MIRROR",3303177856
"Germany (incl. German Democratic Republic 'DD' from 1991)","Lithuania","Total","IMPORT","Total","Jan.-Dec. 2024","VALUE_IN_EUR",2854657337
"Germany (incl. German Democratic Republic 'DD' from 1991)","Lithuania","Total","IMPORT","Total","Jan.-Dec. 2024","VALUE_IN_EUR_MIRROR",3230776960
"Germany (incl. German Democratic Republic 'DD' from 1991)","Lithuania","Total","EXPORT","Total","Jan.-Dec. 2025","VALUE_IN_EUR_MIRROR",5594433196
"Germany (incl. German Democratic Republic 'DD' from 1991)","Lithuania","Total","EXPORT","Total","Jan.-Dec. 2024","VALUE_IN_EUR",5212638019
"Germany (incl. German Democratic Republic 'DD' from 1991)","Lithuania","Total","EXPORT","Total","Jan.-Dec. 2024","VALUE_IN_EUR_MIRROR",5162899713
"Germany (incl. German Democratic Republic 'DD' from 1991)","Luxembourg","Total","IMPORT","Total","Jan.-Dec. 2024","VALUE_IN_EUR",4432792049
"Germany (incl. German Democratic Republic 'DD' from 1991)","Luxembourg","Total","IMPORT","Total","Jan.-Dec. 2024","VALUE_IN_EUR_MIRROR",3782519224
"Germany (incl. German Democratic Republic 'DD' from 1991)","Luxembourg","Total","EXPORT","Total","Jan.-Dec. 2024","VALUE_IN_EUR",6631363889
"Germany (incl. German Democratic Republic 'DD' from 1991)","Luxembourg","Total","EXPORT","Total","Jan.-Dec. 2024","VALUE_IN_EUR_MIRROR",6783296470
"Germany (incl. German Democratic Republic 'DD' from 1991)","Latvia","Total","IMPORT","Total","Jan.-Dec. 2025","VALUE_IN_EUR_MIRROR",1318377667
"Germany (incl. German Democratic Republic 'DD' from 1991)","Latvia","Total","IMPORT","Total","Jan.-Dec. 2024","VALUE_IN_EUR",1036730408
"Germany (incl. German Democratic Republic 'DD' from 1991)","Latvia","Total","IMPORT","Total","Jan.-Dec. 2024","VALUE_IN_EUR_MIRROR",1249452735
"Germany (incl. German Democratic Republic 'DD' from 1991)","Latvia","Total","EXPORT","Total","Jan.-Dec. 2025","VALUE_IN_EUR_MIRROR",2812713835
"Germany (incl. German Democratic Republic 'DD' from 1991)","Latvia","Total","EXPORT","Total","Jan.-Dec. 2024","VALUE_IN_EUR",2506234603
"Germany (incl. German Democratic Republic 'DD' from 1991)","Latvia","Total","EXPORT","Total","Jan.-Dec. 2024","VALUE_IN_EUR_MIRROR",2528799789
"Germany (incl. German Democratic Republic 'DD' from 1991)","Malta","Total","IMPORT","Total","Jan.-Dec. 2024","VALUE_IN_EUR",1100972168
"Germany (incl. German Democratic Republic 'DD' from 1991)","Malta","Total","IMPORT","Total","Jan.-Dec. 2024","VALUE_IN_EUR_MIRROR",781910619
"Germany (incl. German Democratic Republic 'DD' from 1991)","Malta","Total","EXPORT","Total","Jan.-Dec. 2024","VALUE_IN_EUR",805397875
"Germany (incl. German Democratic Republic 'DD' from 1991)","Malta","Total","EXPORT","Total","Jan.-Dec. 2024","VALUE_IN_EUR_MIRROR",447907454
"Germany (incl. German Democratic Republic 'DD' from 1991)","Netherlands","Total","IMPORT","Total","Jan.-Dec. 2024","VALUE_IN_EUR",187107283530
"Germany (incl. German Democratic Republic 'DD' from 1991)","Netherlands","Total","IMPORT","Total","Jan.-Dec. 2024","VALUE_IN_EUR_MIRROR",199904273902
"Germany (incl. German Democratic Republic 'DD' from 1991)","Netherlands","Total","EXPORT","Total","Jan.-Dec. 2024","VALUE_IN_EUR",109130774873
"Germany (incl. German Democratic Republic 'DD' from 1991)","Netherlands","Total","EXPORT","Total","Jan.-Dec. 2024","VALUE_IN_EUR_MIRROR",107545341546
"Germany (incl. German Democratic Republic 'DD' from 1991)","Poland","Total","IMPORT","Total","Jan.-Dec. 2024","VALUE_IN_EUR",92162588717
"Germany (incl. German Democratic Republic 'DD' from 1991)","Poland","Total","IMPORT","Total","Jan.-Dec. 2024","VALUE_IN_EUR_MIRROR",96039069885
"Germany (incl. German Democratic Republic 'DD' from 1991)","Poland","Total","EXPORT","Total","Jan.-Dec. 2024","VALUE_IN_EUR",93109848818
"Germany (incl. German Democratic Republic 'DD' from 1991)","Poland","Total","EXPORT","Total","Jan.-Dec. 2024","VALUE_IN_EUR_MIRROR",89014662254
"Germany (incl. German Democratic Republic 'DD' from 1991)","Portugal","Total","IMPORT","Total","Jan.-Dec. 2025","VALUE_IN_EUR_MIRROR",11060601356
"Germany (incl. German Democratic Republic 'DD' from 1991)","Portugal","Total","IMPORT","Total","Jan.-Dec. 2024","VALUE_IN_EUR",9555834684
"Germany (incl. German Democratic Republic 'DD' from 1991)","Portugal","Total","IMPORT","Total","Jan.-Dec. 2024","VALUE_IN_EUR_MIRROR",9658927525
"Germany (incl. German Democratic Republic 'DD' from 1991)","Portugal","Total","EXPORT","Total","Jan.-Dec. 2025","VALUE_IN_EUR_MIRROR",13217923681
"Germany (incl. German Democratic Republic 'DD' from 1991)","Portugal","Total","EXPORT","Total","Jan.-Dec. 2024","VALUE_IN_EUR",12035120392
"Germany (incl. German Democratic Republic 'DD' from 1991)","Portugal","Total","EXPORT","Total","Jan.-Dec. 2024","VALUE_IN_EUR_MIRROR",12127175416
"Germany (incl. German Democratic Republic 'DD' from 1991)","Romania","Total","IMPORT","Total","Jan.-Dec. 2024","VALUE_IN_EUR",17642162074
"Germany (incl. German Democratic Republic 'DD' from 1991)","Romania","Total","IMPORT","Total","Jan.-Dec. 2024","VALUE_IN_EUR_MIRROR",19041900987
"Germany (incl. German Democratic Republic 'DD' from 1991)","Romania","Total","EXPORT","Total","Jan.-Dec. 2024","VALUE_IN_EUR",22138896333
"Germany (incl. German Democratic Republic 'DD' from 1991)","Romania","Total","EXPORT","Total","Jan.-Dec. 2024","VALUE_IN_EUR_MIRROR",23511899676
"Germany (incl. German Democratic Republic 'DD' from 1991)","Sweden","Total","IMPORT","Total","Jan.-Dec. 2024","VALUE_IN_EUR",18995616954
"Germany (incl. German Democratic Republic 'DD' from 1991)","Sweden","Total","IMPORT","Total","Jan.-Dec. 2024","VALUE_IN_EUR_MIRROR",18370030345
"Germany (incl. German Democratic Republic 'DD' from 1991)","Sweden","Total","EXPORT","Total","Jan.-Dec. 2024","VALUE_IN_EUR",27879480251
"Germany (incl. German Democratic Republic 'DD' from 1991)","Sweden","Total","EXPORT","Total","Jan.-Dec. 2024","VALUE_IN_EUR_MIRROR",28125759163
"Germany (incl. German Democratic Republic 'DD' from 1991)","Slovenia","Total","IMPORT","Total","Jan.-Dec. 2024","VALUE_IN_EUR",8082745459
"Germany (incl. German Democratic Republic 'DD' from 1991)","Slovenia","Total","IMPORT","Total","Jan.-Dec. 2024","VALUE_IN_EUR_MIRROR",8613722007
"Germany (incl. German Democratic Republic 'DD' from 1991)","Slovenia","Total","EXPORT","Total","Jan.-Dec. 2024","VALUE_IN_EUR",7079925066
"Germany (incl. German Democratic Republic 'DD' from 1991)","Slovenia","Total","EXPORT","Total","Jan.-Dec. 2024","VALUE_IN_EUR_MIRROR",7357562999
"Germany (incl. German Democratic Republic 'DD' from 1991)","Slovakia","Total","IMPORT","Total","Jan.-Dec. 2024","VALUE_IN_EUR",21384486315
"Germany (incl. German Democratic Republic 'DD' from 1991)","Slovakia","Total","IMPORT","Total","Jan.-Dec. 2024","VALUE_IN_EUR_MIRROR",22858304915
"Germany (incl. German Democratic Republic 'DD' from 1991)","Slovakia","Total","EXPORT","Total","Jan.-Dec. 2024","VALUE_IN_EUR",17797569739
"Germany (incl. German Democratic Republic 'DD' from 1991)","Slovakia","Total","EXPORT","Total","Jan.-Dec. 2024","VALUE_IN_EUR_MIRROR",20225037388
"Denmark","Austria","Total","IMPORT","Total","Jan.-Dec. 2024","VALUE_IN_EUR",998144386
"Denmark","Austria","Total","IMPORT","Total","Jan.-Dec. 2024","VALUE_IN_EUR_MIRROR",1070882723
"Denmark","Austria","Total","EXPORT","Total","Jan.-Dec. 2024","VALUE_IN_EUR",858329898
"Denmark","Austria","Total","EXPORT","Total","Jan.-Dec. 2024","VALUE_IN_EUR_MIRROR",942009720
"Denmark","Belgium (incl. Luxembourg 'LU' -> 1998)","Total","IMPORT","Total","Jan.-Dec. 2024","VALUE_IN_EUR",3770531328
"Denmark","Belgium (incl. Luxembourg 'LU' -> 1998)","Total","IMPORT","Total","Jan.-Dec. 2024","VALUE_IN_EUR_MIRROR",4415201361
"Denmark","Belgium (incl. Luxembourg 'LU' -> 1998)","Total","EXPORT","Total","Jan.-Dec. 2024","VALUE_IN_EUR",2250320518
"Denmark","Belgium (incl. Luxembourg 'LU' -> 1998)","Total","EXPORT","Total","Jan.-Dec. 2024","VALUE_IN_EUR_MIRROR",2238430501
"Denmark","Bulgaria","Total","IMPORT","Total","Jan.-Dec. 2024","VALUE_IN_EUR",209414221
"Denmark","Bulgaria","Total","IMPORT","Total","Jan.-Dec. 2024","VALUE_IN_EUR_MIRROR",196946552
"Denmark","Bulgaria","Total","EXPORT","Total","Jan.-Dec. 2024","VALUE_IN_EUR",232955496
"Denmark","Bulgaria","Total","EXPORT","Total","Jan.-Dec. 2024","VALUE_IN_EUR_MIRROR",258882431
"Denmark","Cyprus","Total","IMPORT","Total","Jan.-Dec. 2024","VALUE_IN_EUR",19385202
"Denmark","Cyprus","Total","IMPORT","Total","Jan.-Dec. 2024","VALUE_IN_EUR_MIRROR",31698963
"Denmark","Cyprus","Total","EXPORT","Total","Jan.-Dec. 2024","VALUE_IN_EUR",86052714
"Denmark","Cyprus","Total","EXPORT","Total","Jan.-Dec. 2024","VALUE_IN_EUR_MIRROR",68505742
"Denmark","Czechia","Total","IMPORT","Total","Jan.-Dec. 2025","VALUE_IN_EUR_MIRROR",3196534686
"Denmark","Czechia","Total","IMPORT","Total","Jan.-Dec. 2024","VALUE_IN_EUR",2105948590
"Denmark","Czechia","Total","IMPORT","Total","Jan.-Dec. 2024","VALUE_IN_EUR_MIRROR",2392692397
"Denmark","Czechia","Total","EXPORT","Total","Jan.-Dec. 2025","VALUE_IN_EUR_MIRROR",1597259192
"Denmark","Czechia","Total","EXPORT","Total","Jan.-Dec. 2024","VALUE_IN_EUR",1401558479
"Denmark","Czechia","Total","EXPORT","Total","Jan.-Dec. 2024","VALUE_IN_EUR_MIRROR",1574528253
"Denmark","Germany (incl. German Democratic Republic 'DD' from 1991)","Total","IMPORT","Total","Jan.-Dec. 2024","VALUE_IN_EUR",21914478239
"Denmark","Germany (incl. German Democratic Republic 'DD' from 1991)","Total","IMPORT","Total","Jan.-Dec. 2024","VALUE_IN_EUR_MIRROR",22473751161
"Denmark","Germany (incl. German Democratic Republic 'DD' from 1991)","Total","EXPORT","Total","Jan.-Dec. 2024","VALUE_IN_EUR",18244794459
"Denmark","Germany (incl. German Democratic Republic 'DD' from 1991)","Total","EXPORT","Total","Jan.-Dec. 2024","VALUE_IN_EUR_MIRROR",17812787673
"Denmark","Estonia","Total","IMPORT","Total","Jan.-Dec. 2025","VALUE_IN_EUR_MIRROR",501252759
"Denmark","Estonia","Total","IMPORT","Total","Jan.-Dec. 2024","VALUE_IN_EUR",520611499
"Denmark","Estonia","Total","IMPORT","Total","Jan.-Dec. 2024","VALUE_IN_EUR_MIRROR",491465551
"Denmark","Estonia","Total","EXPORT","Total","Jan.-Dec. 2025","VALUE_IN_EUR_MIRROR",364338280
"Denmark","Estonia","Total","EXPORT","Total","Jan.-Dec. 2024","VALUE_IN_EUR",378720387
"Denmark","Estonia","Total","EXPORT","Total","Jan.-Dec. 2024","VALUE_IN_EUR_MIRROR",380472308
"Denmark","Spain (incl. Canary Islands 'XB' from 1997)","Total","IMPORT","Total","Jan.-Dec. 2025","VALUE_IN_EUR_MIRROR",2595044031
"Denmark","Spain (incl. Canary Islands 'XB' from 1997)","Total","IMPORT","Total","Jan.-Dec. 2024","VALUE_IN_EUR",2217794010
"Denmark","Spain (incl. Canary Islands 'XB' from 1997)","Total","IMPORT","Total","Jan.-Dec. 2024","VALUE_IN_EUR_MIRROR",2560252001
"Denmark","Spain (incl. Canary Islands 'XB' from 1997)","Total","EXPORT","Total","Jan.-Dec. 2025","VALUE_IN_EUR_MIRROR",3260596400
"Denmark","Spain (incl. Canary Islands 'XB' from 1997)","Total","EXPORT","Total","Jan.-Dec. 2024","VALUE_IN_EUR",3191839863
"Denmark","Spain (incl. Canary Islands 'XB' from 1997)","Total","EXPORT","Total","Jan.-Dec. 2024","VALUE_IN_EUR_MIRROR",3393393694
"Denmark","Finland","Total","IMPORT","Total","Jan.-Dec. 2024","VALUE_IN_EUR",1329399214
"Denmark","Finland","Total","IMPORT","Total","Jan.-Dec. 2024","VALUE_IN_EUR_MIRROR",1240927507
"Denmark","Finland","Total","EXPORT","Total","Jan.-Dec. 2024","VALUE_IN_EUR",2526592625
"Denmark","Finland","Total","EXPORT","Total","Jan.-Dec. 2024","VALUE_IN_EUR_MIRROR",2760727974
"Denmark","France (incl. Saint Barthélemy 'BL' -> 2012; incl. French Guiana 'GF', Guadeloupe 'GP', Martinique 'MQ', Réunion 'RE' from 1997; incl. Mayotte 'YT' from 2014)","Total","IMPORT","Total","Jan.-Dec. 2024","VALUE_IN_EUR",3666833106
"Denmark","France (incl. Saint Barthélemy 'BL' -> 2012; incl. French Guiana 'GF', Guadeloupe 'GP', Martinique 'MQ', Réunion 'RE' from 1997; incl. Mayotte 'YT' from 2014)","Total","IMPORT","Total","Jan.-Dec. 2024","VALUE_IN_EUR_MIRROR",4193106517
"Denmark","France (incl. Saint Barthélemy 'BL' -> 2012; incl. French Guiana 'GF', Guadeloupe 'GP', Martinique 'MQ', Réunion 'RE' from 1997; incl. Mayotte 'YT' from 2014)","Total","EXPORT","Total","Jan.-Dec. 2024","VALUE_IN_EUR",4896274806
"Denmark","France (incl. Saint Barthélemy 'BL' -> 2012; incl. French Guiana 'GF', Guadeloupe 'GP', Martinique 'MQ', Réunion 'RE' from 1997; incl. Mayotte 'YT' from 2014)","Total","EXPORT","Total","Jan.-Dec. 2024","VALUE_IN_EUR_MIRROR",5072742292
"Denmark","Greece","Total","IMPORT","Total","Jan.-Dec. 2025","VALUE_IN_EUR_MIRROR",426106159
"Denmark","Greece","Total","IMPORT","Total","Jan.-Dec. 2024","VALUE_IN_EUR",196834769
"Denmark","Greece","Total","IMPORT","Total","Jan.-Dec. 2024","VALUE_IN_EUR_MIRROR",276162240
"Denmark","Greece","Total","EXPORT","Total","Jan.-Dec. 2025","VALUE_IN_EUR_MIRROR",649734994
"Denmark","Greece","Total","EXPORT","Total","Jan.-Dec. 2024","VALUE_IN_EUR",562250895
"Denmark","Greece","Total","EXPORT","Total","Jan.-Dec. 2024","VALUE_IN_EUR_MIRROR",660104327
"Denmark","Croatia","Total","IMPORT","Total","Jan.-Dec. 2024","VALUE_IN_EUR",98971804
"Denmark","Croatia","Total","IMPORT","Total","Jan.-Dec. 2024","VALUE_IN_EUR_MIRROR",146139033
"Denmark","Croatia","Total","EXPORT","Total","Jan.-Dec. 2024","VALUE_IN_EUR",218256212
"Denmark","Croatia","Total","EXPORT","Total","Jan.-Dec. 2024","VALUE_IN_EUR_MIRROR",312192889
"Denmark","Hungary","Total","IMPORT","Total","Jan.-Dec. 2025","VALUE_IN_EUR_MIRROR",1091886071
"Denmark","Hungary","Total","IMPORT","Total","Jan.-Dec. 2024","VALUE_IN_EUR",716196854
"Denmark","Hungary","Total","IMPORT","Total","Jan.-Dec. 2024","VALUE_IN_EUR_MIRROR",956367999
"Denmark","Hungary","Total","EXPORT","Total","Jan.-Dec. 2025","VALUE_IN_EUR_MIRROR",872653816
"Denmark","Hungary","Total","EXPORT","Total","Jan.-Dec. 2024","VALUE_IN_EUR",766521513
"Denmark","Hungary","Total","EXPORT","Total","Jan.-Dec. 2024","VALUE_IN_EUR_MIRROR",886297199
"Denmark","Ireland (Eire)","Total","IMPORT","Total","Jan.-Dec. 2025","VALUE_IN_EUR_MIRROR",615242488
"Denmark","Ireland (Eire)","Total","IMPORT","Total","Jan.-Dec. 2024","VALUE_IN_EUR",834715922
"Denmark","Ireland (Eire)","Total","IMPORT","Total","Jan.-Dec. 2024","VALUE_IN_EUR_MIRROR",607487946
"Denmark","Ireland (Eire)","Total","EXPORT","Total","Jan.-Dec. 2025","VALUE_IN_EUR_MIRROR",1152322060
"Denmark","Ireland (Eire)","Total","EXPORT","Total","Jan.-Dec. 2024","VALUE_IN_EUR",862238760
"Denmark","Ireland (Eire)","Total","EXPORT","Total","Jan.-Dec. 2024","VALUE_IN_EUR_MIRROR",799432077
"Denmark","Italy (incl. San Marino 'SM' -> 1993)","Total","IMPORT","Total","Jan.-Dec. 2024","VALUE_IN_EUR",3919985609
"Denmark","Italy (incl. San Marino 'SM' -> 1993)","Total","IMPORT","Total","Jan.-Dec. 2024","VALUE_IN_EUR_MIRROR",3850007248
"Denmark","Italy (incl. San Marino 'SM' -> 1993)","Total","EXPORT","Total","Jan.-Dec. 2024","VALUE_IN_EUR",3097706499
"Denmark","Italy (incl. San Marino 'SM' -> 1993)","Total","EXPORT","Total","Jan.-Dec. 2024","VALUE_IN_EUR_MIRROR",3499382076
"Denmark","Lithuania","Total","IMPORT","Total","Jan.-Dec. 2025","VALUE_IN_EUR_MIRROR",1013302438
"Denmark","Lithuania","Total","IMPORT","Total","Jan.-Dec. 2024","VALUE_IN_EUR",890396483
"Denmark","Lithuania","Total","IMPORT","Total","Jan.-Dec. 2024","VALUE_IN_EUR_MIRROR",908721912
"Denmark","Lithuania","Total","EXPORT","Total","Jan.-Dec. 2025","VALUE_IN_EUR_MIRROR",637887560
"Denmark","Lithuania","Total","EXPORT","Total","Jan.-Dec. 2024","VALUE_IN_EUR",554630119
"Denmark","Lithuania","Total","EXPORT","Total","Jan.-Dec. 2024","VALUE_IN_EUR_MIRROR",713292146
"Denmark","Luxembourg","Total","IMPORT","Total","Jan.-Dec. 2024","VALUE_IN_EUR",252374311
"Denmark","Luxembourg","Total","IMPORT","Total","Jan.-Dec. 2024","VALUE_IN_EUR_MIRROR",126646357
"Denmark","Luxembourg","Total","EXPORT","Total","Jan.-Dec. 2024","VALUE_IN_EUR",109331031
"Denmark","Luxembourg","Total","EXPORT","Total","Jan.-Dec. 2024","VALUE_IN_EUR_MIRROR",78891418
"Denmark","Latvia","Total","IMPORT","Total","Jan.-Dec. 2025","VALUE_IN_EUR_MIRROR",757772002
"Denmark","Latvia","Total","IMPORT","Total","Jan.-Dec. 2024","VALUE_IN_EUR",789785194
"Denmark","Latvia","Total","IMPORT","Total","Jan.-Dec. 2024","VALUE_IN_EUR_MIRROR",809824999
"Denmark","Latvia","Total","EXPORT","Total","Jan.-Dec. 2025","VALUE_IN_EUR_MIRROR",534372142
"Denmark","Latvia","Total","EXPORT","Total","Jan.-Dec. 2024","VALUE_IN_EUR",368883747
"Denmark","Latvia","Total","EXPORT","Total","Jan.-Dec. 2024","VALUE_IN_EUR_MIRROR",428097624
"Denmark","Malta","Total","IMPORT","Total","Jan.-Dec. 2024","VALUE_IN_EUR",37183670
"Denmark","Malta","Total","IMPORT","Total","Jan.-Dec. 2024","VALUE_IN_EUR_MIRROR",6742973
"Denmark","Malta","Total","EXPORT","Total","Jan.-Dec. 2024","VALUE_IN_EUR",88151721
"Denmark","Malta","Total","EXPORT","Total","Jan.-Dec. 2024","VALUE_IN_EUR_MIRROR",113502533
"Denmark","Netherlands","Total","IMPORT","Total","Jan.-Dec. 2024","VALUE_IN_EUR",10340264359
"Denmark","Netherlands","Total","IMPORT","Total","Jan.-Dec. 2024","VALUE_IN_EUR_MIRROR",11133804730
"Denmark","Netherlands","Total","EXPORT","Total","Jan.-Dec. 2024","VALUE_IN_EUR",8161431118
"Denmark","Netherlands","Total","EXPORT","Total","Jan.-Dec. 2024","VALUE_IN_EUR_MIRROR",8466739172
"Denmark","Poland","Total","IMPORT","Total","Jan.-Dec. 2024","VALUE_IN_EUR",5440300167
"Denmark","Poland","Total","IMPORT","Total","Jan.-Dec. 2024","VALUE_IN_EUR_MIRROR",5879646703
"Denmark","Poland","Total","EXPORT","Total","Jan.-Dec. 2024","VALUE_IN_EUR",5446346340
"Denmark","Poland","Total","EXPORT","Total","Jan.-Dec. 2024","VALUE_IN_EUR_MIRROR",7264556063
"Denmark","Portugal","Total","IMPORT","Total","Jan.-Dec. 2025","VALUE_IN_EUR_MIRROR",588482275
"Denmark","Portugal","Total","IMPORT","Total","Jan.-Dec. 2024","VALUE_IN_EUR",465138705
"Denmark","Portugal","Total","IMPORT","Total","Jan.-Dec. 2024","VALUE_IN_EUR_MIRROR",574257761
"Denmark","Portugal","Total","EXPORT","Total","Jan.-Dec. 2025","VALUE_IN_EUR_MIRROR",613413335
"Denmark","Portugal","Total","EXPORT","Total","Jan.-Dec. 2024","VALUE_IN_EUR",516750047
"Denmark","Portugal","Total","EXPORT","Total","Jan.-Dec. 2024","VALUE_IN_EUR_MIRROR",514751602
"Denmark","Romania","Total","IMPORT","Total","Jan.-Dec. 2024","VALUE_IN_EUR",285739215
"Denmark","Romania","Total","IMPORT","Total","Jan.-Dec. 2024","VALUE_IN_EUR_MIRROR",339196031
"Denmark","Romania","Total","EXPORT","Total","Jan.-Dec. 2024","VALUE_IN_EUR",662216358
"Denmark","Romania","Total","EXPORT","Total","Jan.-Dec. 2024","VALUE_IN_EUR_MIRROR",796418823
"Denmark","Sweden","Total","IMPORT","Total","Jan.-Dec. 2024","VALUE_IN_EUR",13155039758
"Denmark","Sweden","Total","IMPORT","Total","Jan.-Dec. 2024","VALUE_IN_EUR_MIRROR",12264429524
"Denmark","Sweden","Total","EXPORT","Total","Jan.-Dec. 2024","VALUE_IN_EUR",10941457659
"Denmark","Sweden","Total","EXPORT","Total","Jan.-Dec. 2024","VALUE_IN_EUR_MIRROR",11616212955
"Denmark","Slovenia","Total","IMPORT","Total","Jan.-Dec. 2024","VALUE_IN_EUR",471829534
"Denmark","Slovenia","Total","IMPORT","Total","Jan.-Dec. 2024","VALUE_IN_EUR_MIRROR",596992259
"Denmark","Slovenia","Total","EXPORT","Total","Jan.-Dec. 2024","VALUE_IN_EUR",169139909
"Denmark","Slovenia","Total","EXPORT","Total","Jan.-Dec. 2024","VALUE_IN_EUR_MIRROR",156771575
"Denmark","Slovakia","Total","IMPORT","Total","Jan.-Dec. 2024","VALUE_IN_EUR",404555995
"Denmark","Slovakia","Total","IMPORT","Total","Jan.-Dec. 2024","VALUE_IN_EUR_MIRROR",467989224
"Denmark","Slovakia","Total","EXPORT","Total","Jan.-Dec. 2024","VALUE_IN_EUR",401192368
"Denmark","Slovakia","Total","EXPORT","Total","Jan.-Dec. 2024","VALUE_IN_EUR_MIRROR",403797618
"Estonia","Austria","Total","IMPORT","Total","Jan.-Dec. 2025","VALUE_IN_EUR",249780886
"Estonia","Austria","Total","IMPORT","Total","Jan.-Dec. 2024","VALUE_IN_EUR",208669081
"Estonia","Austria","Total","IMPORT","Total","Jan.-Dec. 2024","VALUE_IN_EUR_MIRROR",222097456
"Estonia","Austria","Total","EXPORT","Total","Jan.-Dec. 2025","VALUE_IN_EUR",103648442
"Estonia","Austria","Total","EXPORT","Total","Jan.-Dec. 2024","VALUE_IN_EUR",90103531
"Estonia","Austria","Total","EXPORT","Total","Jan.-Dec. 2024","VALUE_IN_EUR_MIRROR",81782241
"Estonia","Belgium (incl. Luxembourg 'LU' -> 1998)","Total","IMPORT","Total","Jan.-Dec. 2025","VALUE_IN_EUR",428550674
"Estonia","Belgium (incl. Luxembourg 'LU' -> 1998)","Total","IMPORT","Total","Jan.-Dec. 2024","VALUE_IN_EUR",405622749
"Estonia","Belgium (incl. Luxembourg 'LU' -> 1998)","Total","IMPORT","Total","Jan.-Dec. 2024","VALUE_IN_EUR_MIRROR",684831912
"Estonia","Belgium (incl. Luxembourg 'LU' -> 1998)","Total","EXPORT","Total","Jan.-Dec. 2025","VALUE_IN_EUR",303160125
"Estonia","Belgium (incl. Luxembourg 'LU' -> 1998)","Total","EXPORT","Total","Jan.-Dec. 2024","VALUE_IN_EUR",258761081
"Estonia","Belgium (incl. Luxembourg 'LU' -> 1998)","Total","EXPORT","Total","Jan.-Dec. 2024","VALUE_IN_EUR_MIRROR",396369969
"Estonia","Bulgaria","Total","IMPORT","Total","Jan.-Dec. 2025","VALUE_IN_EUR",55652470
"Estonia","Bulgaria","Total","IMPORT","Total","Jan.-Dec. 2024","VALUE_IN_EUR",28492986
"Estonia","Bulgaria","Total","IMPORT","Total","Jan.-Dec. 2024","VALUE_IN_EUR_MIRROR",35755346
"Estonia","Bulgaria","Total","EXPORT","Total","Jan.-Dec. 2025","VALUE_IN_EUR",364856146
"Estonia","Bulgaria","Total","EXPORT","Total","Jan.-Dec. 2024","VALUE_IN_EUR",221042557
"Estonia","Bulgaria","Total","EXPORT","Total","Jan.-Dec. 2024","VALUE_IN_EUR_MIRROR",166368473
"Estonia","Cyprus","Total","IMPORT","Total","Jan.-Dec. 2025","VALUE_IN_EUR",7549433
"Estonia","Cyprus","Total","IMPORT","Total","Jan.-Dec. 2024","VALUE_IN_EUR",8140769
"Estonia","Cyprus","Total","IMPORT","Total","Jan.-Dec. 2024","VALUE_IN_EUR_MIRROR",13494894
"Estonia","Cyprus","Total","EXPORT","Total","Jan.-Dec. 2025","VALUE_IN_EUR",15340757
"Estonia","Cyprus","Total","EXPORT","Total","Jan.-Dec. 2024","VALUE_IN_EUR",13406523
"Estonia","Cyprus","Total","EXPORT","Total","Jan.-Dec. 2024","VALUE_IN_EUR_MIRROR",5459477
"Estonia","Czechia","Total","IMPORT","Total","Jan.-Dec. 2025","VALUE_IN_EUR",627613427
"Estonia","Czechia","Total","IMPORT","Total","Jan.-Dec. 2025","VALUE_IN_EUR_MIRROR",679256282
"Estonia","Czechia","Total","IMPORT","Total","Jan.-Dec. 2024","VALUE_IN_EUR",483205092
"Estonia","Czechia","Total","IMPORT","Total","Jan.-Dec. 2024","VALUE_IN_EUR_MIRROR",663280949
"Estonia","Czechia","Total","EXPORT","Total","Jan.-Dec. 2025","VALUE_IN_EUR",157685413
"Estonia","Czechia","Total","EXPORT","Total","Jan.-Dec. 2025","VALUE_IN_EUR_MIRROR",189178281
"Estonia","Czechia","Total","EXPORT","Total","Jan.-Dec. 2024","VALUE_IN_EUR",169569453
"Estonia","Czechia","Total","EXPORT","Total","Jan.-Dec. 2024","VALUE_IN_EUR_MIRROR",204633746
"Estonia","Germany (incl. German Democratic Republic 'DD' from 1991)","Total","IMPORT","Total","Jan.-Dec. 2025","VALUE_IN_EUR",2451995634
"Estonia","Germany (incl. German Democratic Republic 'DD' from 1991)","Total","IMPORT","Total","Jan.-Dec. 2024","VALUE_IN_EUR",2383309821
"Estonia","Germany (incl. German Democratic Republic 'DD' from 1991)","Total","IMPORT","Total","Jan.-Dec. 2024","VALUE_IN_EUR_MIRROR",2461186455
"Estonia","Germany (incl. German Democratic Republic 'DD' from 1991)","Total","EXPORT","Total","Jan.-Dec. 2025","VALUE_IN_EUR",1405924856
"Estonia","Germany (incl. German Democratic Republic 'DD' from 1991)","Total","EXPORT","Total","Jan.-Dec. 2024","VALUE_IN_EUR",1270272872
"Estonia","Germany (incl. German Democratic Republic 'DD' from 1991)","Total","EXPORT","Total","Jan.-Dec. 2024","VALUE_IN_EUR_MIRROR",1194184170
"Estonia","Denmark","Total","IMPORT","Total","Jan.-Dec. 2025","VALUE_IN_EUR",364338280
"Estonia","Denmark","Total","IMPORT","Total","Jan.-Dec. 2024","VALUE_IN_EUR",380472308
"Estonia","Denmark","Total","IMPORT","Total","Jan.-Dec. 2024","VALUE_IN_EUR_MIRROR",378720387
"Estonia","Denmark","Total","EXPORT","Total","Jan.-Dec. 2025","VALUE_IN_EUR",501252759
"Estonia","Denmark","Total","EXPORT","Total","Jan.-Dec. 2024","VALUE_IN_EUR",491465551
"Estonia","Denmark","Total","EXPORT","Total","Jan.-Dec. 2024","VALUE_IN_EUR_MIRROR",520611499
"Estonia","Spain (incl. Canary Islands 'XB' from 1997)","Total","IMPORT","Total","Jan.-Dec. 2025","VALUE_IN_EUR",386124690
"Estonia","Spain (incl. Canary Islands 'XB' from 1997)","Total","IMPORT","Total","Jan.-Dec. 2025","VALUE_IN_EUR_MIRROR",398519950
"Estonia","Spain (incl. Canary Islands 'XB' from 1997)","Total","IMPORT","Total","Jan.-Dec. 2024","VALUE_IN_EUR",332001029
"Estonia","Spain (incl. Canary Islands 'XB' from 1997)","Total","IMPORT","Total","Jan.-Dec. 2024","VALUE_IN_EUR_MIRROR",379914898
"Estonia","Spain (incl. Canary Islands 'XB' from 1997)","Total","EXPORT","Total","Jan.-Dec. 2025","VALUE_IN_EUR",232378565
"Estonia","Spain (incl. Canary Islands 'XB' from 1997)","Total","EXPORT","Total","Jan.-Dec. 2025","VALUE_IN_EUR_MIRROR",231738443
"Estonia","Spain (incl. Canary Islands 'XB' from 1997)","Total","EXPORT","Total","Jan.-Dec. 2024","VALUE_IN_EUR",193261898
"Estonia","Spain (incl. Canary Islands 'XB' from 1997)","Total","EXPORT","Total","Jan.-Dec. 2024","VALUE_IN_EUR_MIRROR",241164321
"Estonia","Finland","Total","IMPORT","Total","Jan.-Dec. 2025","VALUE_IN_EUR",2643656811
"Estonia","Finland","Total","IMPORT","Total","Jan.-Dec. 2024","VALUE_IN_EUR",2720842147
"Estonia","Finland","Total","IMPORT","Total","Jan.-Dec. 2024","VALUE_IN_EUR_MIRROR",2518412084
"Estonia","Finland","Total","EXPORT","Total","Jan.-Dec. 2025","VALUE_IN_EUR",2807818868
"Estonia","Finland","Total","EXPORT","Total","Jan.-Dec. 2024","VALUE_IN_EUR",2747274549
"Estonia","Finland","Total","EXPORT","Total","Jan.-Dec. 2024","VALUE_IN_EUR_MIRROR",2626415625
"Estonia","France (incl. Saint Barthélemy 'BL' -> 2012; incl. French Guiana 'GF', Guadeloupe 'GP', Martinique 'MQ', Réunion 'RE' from 1997; incl. Mayotte 'YT' from 2014)","Total","IMPORT","Total","Jan.-Dec. 2025","VALUE_IN_EUR",436473631
"Estonia","France (incl. Saint Barthélemy 'BL' -> 2012; incl. French Guiana 'GF', Guadeloupe 'GP', Martinique 'MQ', Réunion 'RE' from 1997; incl. Mayotte 'YT' from 2014)","Total","IMPORT","Total","Jan.-Dec. 2024","VALUE_IN_EUR",428067900
"Estonia","France (incl. Saint Barthélemy 'BL' -> 2012; incl. French Guiana 'GF', Guadeloupe 'GP', Martinique 'MQ', Réunion 'RE' from 1997; incl. Mayotte 'YT' from 2014)","Total","IMPORT","Total","Jan.-Dec. 2024","VALUE_IN_EUR_MIRROR",439912596
"Estonia","France (incl. Saint Barthélemy 'BL' -> 2012; incl. French Guiana 'GF', Guadeloupe 'GP', Martinique 'MQ', Réunion 'RE' from 1997; incl. Mayotte 'YT' from 2014)","Total","EXPORT","Total","Jan.-Dec. 2025","VALUE_IN_EUR",446673927
"Estonia","France (incl. Saint Barthélemy 'BL' -> 2012; incl. French Guiana 'GF', Guadeloupe 'GP', Martinique 'MQ', Réunion 'RE' from 1997; incl. Mayotte 'YT' from 2014)","Total","EXPORT","Total","Jan.-Dec. 2024","VALUE_IN_EUR",373412969
"Estonia","France (incl. Saint Barthélemy 'BL' -> 2012; incl. French Guiana 'GF', Guadeloupe 'GP', Martinique 'MQ', Réunion 'RE' from 1997; incl. Mayotte 'YT' from 2014)","Total","EXPORT","Total","Jan.-Dec. 2024","VALUE_IN_EUR_MIRROR",300913344
"Estonia","Greece","Total","IMPORT","Total","Jan.-Dec. 2025","VALUE_IN_EUR",51384712
"Estonia","Greece","Total","IMPORT","Total","Jan.-Dec. 2025","VALUE_IN_EUR_MIRROR",67320097
"Estonia","Greece","Total","IMPORT","Total","Jan.-Dec. 2024","VALUE_IN_EUR",41468361
"Estonia","Greece","Total","IMPORT","Total","Jan.-Dec. 2024","VALUE_IN_EUR_MIRROR",76019582
"Estonia","Greece","Total","EXPORT","Total","Jan.-Dec. 2025","VALUE_IN_EUR",34510774
"Estonia","Greece","Total","EXPORT","Total","Jan.-Dec. 2025","VALUE_IN_EUR_MIRROR",33380461
"Estonia","Greece","Total","EXPORT","Total","Jan.-Dec. 2024","VALUE_IN_EUR",32701317
"Estonia","Greece","Total","EXPORT","Total","Jan.-Dec. 2024","VALUE_IN_EUR_MIRROR",33894646
"Estonia","Croatia","Total","IMPORT","Total","Jan.-Dec. 2025","VALUE_IN_EUR",19940755
"Estonia","Croatia","Total","IMPORT","Total","Jan.-Dec. 2024","VALUE_IN_EUR",13428404
"Estonia","Croatia","Total","IMPORT","Total","Jan.-Dec. 2024","VALUE_IN_EUR_MIRROR",11468560
"Estonia","Croatia","Total","EXPORT","Total","Jan.-Dec. 2025","VALUE_IN_EUR",21777908
"Estonia","Croatia","Total","EXPORT","Total","Jan.-Dec. 2024","VALUE_IN_EUR",22130923
"Estonia","Croatia","Total","EXPORT","Total","Jan.-Dec. 2024","VALUE_IN_EUR_MIRROR",29458908
"Estonia","Hungary","Total","IMPORT","Total","Jan.-Dec. 2025","VALUE_IN_EUR",98114044
"Estonia","Hungary","Total","IMPORT","Total","Jan.-Dec. 2025","VALUE_IN_EUR_MIRROR",101629876
"Estonia","Hungary","Total","IMPORT","Total","Jan.-Dec. 2024","VALUE_IN_EUR",102754928
"Estonia","Hungary","Total","IMPORT","Total","Jan.-Dec. 2024","VALUE_IN_EUR_MIRROR",103312323
"Estonia","Hungary","Total","EXPORT","Total","Jan.-Dec. 2025","VALUE_IN_EUR",80117866
"Estonia","Hungary","Total","EXPORT","Total","Jan.-Dec. 2025","VALUE_IN_EUR_MIRROR",84344610
"Estonia","Hungary","Total","EXPORT","Total","Jan.-Dec. 2024","VALUE_IN_EUR",70649917
"Estonia","Hungary","Total","EXPORT","Total","Jan.-Dec. 2024","VALUE_IN_EUR_MIRROR",72584682
"Estonia","Ireland (Eire)","Total","IMPORT","Total","Jan.-Dec. 2025","VALUE_IN_EUR",23957326
"Estonia","Ireland (Eire)","Total","IMPORT","Total","Jan.-Dec. 2025","VALUE_IN_EUR_MIRROR",24859779
"Estonia","Ireland (Eire)","Total","IMPORT","Total","Jan.-Dec. 2024","VALUE_IN_EUR",40301829
"Estonia","Ireland (Eire)","Total","IMPORT","Total","Jan.-Dec. 2024","VALUE_IN_EUR_MIRROR",28060477
"Estonia","Ireland (Eire)","Total","EXPORT","Total","Jan.-Dec. 2025","VALUE_IN_EUR",62732541
"Estonia","Ireland (Eire)","Total","EXPORT","Total","Jan.-Dec. 2025","VALUE_IN_EUR_MIRROR",19139944
"Estonia","Ireland (Eire)","Total","EXPORT","Total","Jan.-Dec. 2024","VALUE_IN_EUR",44267230
"Estonia","Ireland (Eire)","Total","EXPORT","Total","Jan.-Dec. 2024","VALUE_IN_EUR_MIRROR",26593879
"Estonia","Italy (incl. San Marino 'SM' -> 1993)","Total","IMPORT","Total","Jan.-Dec. 2025","VALUE_IN_EUR",650202375
"Estonia","Italy (incl. San Marino 'SM' -> 1993)","Total","IMPORT","Total","Jan.-Dec. 2024","VALUE_IN_EUR",561954331
"Estonia","Italy (incl. San Marino 'SM' -> 1993)","Total","IMPORT","Total","Jan.-Dec. 2024","VALUE_IN_EUR_MIRROR",687337361
"Estonia","Italy (incl. San Marino 'SM' -> 1993)","Total","EXPORT","Total","Jan.-Dec. 2025","VALUE_IN_EUR",310423920
"Estonia","Italy (incl. San Marino 'SM' -> 1993)","Total","EXPORT","Total","Jan.-Dec. 2024","VALUE_IN_EUR",248626783
"Estonia","Italy (incl. San Marino 'SM' -> 1993)","Total","EXPORT","Total","Jan.-Dec. 2024","VALUE_IN_EUR_MIRROR",267874970
"Estonia","Lithuania","Total","IMPORT","Total","Jan.-Dec. 2025","VALUE_IN_EUR",2207395223
"Estonia","Lithuania","Total","IMPORT","Total","Jan.-Dec. 2025","VALUE_IN_EUR_MIRROR",2229446814
"Estonia","Lithuania","Total","IMPORT","Total","Jan.-Dec. 2024","VALUE_IN_EUR",2204585023
"Estonia","Lithuania","Total","IMPORT","Total","Jan.-Dec. 2024","VALUE_IN_EUR_MIRROR",2190777751
"Estonia","Lithuania","Total","EXPORT","Total","Jan.-Dec. 2025","VALUE_IN_EUR",1608104474
"Estonia","Lithuania","Total","EXPORT","Total","Jan.-Dec. 2025","VALUE_IN_EUR_MIRROR",1744728094
"Estonia","Lithuania","Total","EXPORT","Total","Jan.-Dec. 2024","VALUE_IN_EUR",1403699783
"Estonia","Lithuania","Total","EXPORT","Total","Jan.-Dec. 2024","VALUE_IN_EUR_MIRROR",1600696306
"Estonia","Luxembourg","Total","IMPORT","Total","Jan.-Dec. 2025","VALUE_IN_EUR",7286704
"Estonia","Luxembourg","Total","IMPORT","Total","Jan.-Dec. 2024","VALUE_IN_EUR",17113166
"Estonia","Luxembourg","Total","IMPORT","Total","Jan.-Dec. 2024","VALUE_IN_EUR_MIRROR",8394374
"Estonia","Luxembourg","Total","EXPORT","Total","Jan.-Dec. 2025","VALUE_IN_EUR",2768210
"Estonia","Luxembourg","Total","EXPORT","Total","Jan.-Dec. 2024","VALUE_IN_EUR",2624044
"Estonia","Luxembourg","Total","EXPORT","Total","Jan.-Dec. 2024","VALUE_IN_EUR_MIRROR",1842464
"Estonia","Latvia","Total","IMPORT","Total","Jan.-Dec. 2025","VALUE_IN_EUR",2523219984
"Estonia","Latvia","Total","IMPORT","Total","Jan.-Dec. 2025","VALUE_IN_EUR_MIRROR",2239399766
"Estonia","Latvia","Total","IMPORT","Total","Jan.-Dec. 2024","VALUE_IN_EUR",2250888057
"Estonia","Latvia","Total","IMPORT","Total","Jan.-Dec. 2024","VALUE_IN_EUR_MIRROR",2221901070
"Estonia","Latvia","Total","EXPORT","Total","Jan.-Dec. 2025","VALUE_IN_EUR",2082866480
"Estonia","Latvia","Total","EXPORT","Total","Jan.-Dec. 2025","VALUE_IN_EUR_MIRROR",2142561948
"Estonia","Latvia","Total","EXPORT","Total","Jan.-Dec. 2024","VALUE_IN_EUR",1935558929
"Estonia","Latvia","Total","EXPORT","Total","Jan.-Dec. 2024","VALUE_IN_EUR_MIRROR",1869373663
"Estonia","Malta","Total","IMPORT","Total","Jan.-Dec. 2025","VALUE_IN_EUR",2469446
"Estonia","Malta","Total","IMPORT","Total","Jan.-Dec. 2024","VALUE_IN_EUR",11402786
"Estonia","Malta","Total","IMPORT","Total","Jan.-Dec. 2024","VALUE_IN_EUR_MIRROR",1862206
"Estonia","Malta","Total","EXPORT","Total","Jan.-Dec. 2025","VALUE_IN_EUR",4778630
"Estonia","Malta","Total","EXPORT","Total","Jan.-Dec. 2024","VALUE_IN_EUR",4316510
"Estonia","Malta","Total","EXPORT","Total","Jan.-Dec. 2024","VALUE_IN_EUR_MIRROR",3275828
"Estonia","Netherlands","Total","IMPORT","Total","Jan.-Dec. 2025","VALUE_IN_EUR",1297582970
"Estonia","Netherlands","Total","IMPORT","Total","Jan.-Dec. 2024","VALUE_IN_EUR",1174347927
"Estonia","Netherlands","Total","IMPORT","Total","Jan.-Dec. 2024","VALUE_IN_EUR_MIRROR",1373523238
"Estonia","Netherlands","Total","EXPORT","Total","Jan.-Dec. 2025","VALUE_IN_EUR",700356317
"Estonia","Netherlands","Total","EXPORT","Total","Jan.-Dec. 2024","VALUE_IN_EUR",679828925
"Estonia","Netherlands","Total","EXPORT","Total","Jan.-Dec. 2024","VALUE_IN_EUR_MIRROR",1043045000
"Estonia","Poland","Total","IMPORT","Total","Jan.-Dec. 2025","VALUE_IN_EUR",1704234326
"Estonia","Poland","Total","IMPORT","Total","Jan.-Dec. 2024","VALUE_IN_EUR",1677504438
"Estonia","Poland","Total","IMPORT","Total","Jan.-Dec. 2024","VALUE_IN_EUR_MIRROR",1612993986
"Estonia","Poland","Total","EXPORT","Total","Jan.-Dec. 2025","VALUE_IN_EUR",801339758
"Estonia","Poland","Total","EXPORT","Total","Jan.-Dec. 2024","VALUE_IN_EUR",650822200
"Estonia","Poland","Total","EXPORT","Total","Jan.-Dec. 2024","VALUE_IN_EUR_MIRROR",612162839
"Estonia","Portugal","Total","IMPORT","Total","Jan.-Dec. 2025","VALUE_IN_EUR",62644752
"Estonia","Portugal","Total","IMPORT","Total","Jan.-Dec. 2025","VALUE_IN_EUR_MIRROR",69401776
"Estonia","Portugal","Total","IMPORT","Total","Jan.-Dec. 2024","VALUE_IN_EUR",57573961
"Estonia","Portugal","Total","IMPORT","Total","Jan.-Dec. 2024","VALUE_IN_EUR_MIRROR",69758618
"Estonia","Portugal","Total","EXPORT","Total","Jan.-Dec. 2025","VALUE_IN_EUR",74760503
"Estonia","Portugal","Total","EXPORT","Total","Jan.-Dec. 2025","VALUE_IN_EUR_MIRROR",46355197
"Estonia","Portugal","Total","EXPORT","Total","Jan.-Dec. 2024","VALUE_IN_EUR",45156252
"Estonia","Portugal","Total","EXPORT","Total","Jan.-Dec. 2024","VALUE_IN_EUR_MIRROR",48050860
"Estonia","Romania","Total","IMPORT","Total","Jan.-Dec. 2025","VALUE_IN_EUR",111026895
"Estonia","Romania","Total","IMPORT","Total","Jan.-Dec. 2024","VALUE_IN_EUR",79701438
"Estonia","Romania","Total","IMPORT","Total","Jan.-Dec. 2024","VALUE_IN_EUR_MIRROR",78693238
"Estonia","Romania","Total","EXPORT","Total","Jan.-Dec. 2025","VALUE_IN_EUR",99055305
"Estonia","Romania","Total","EXPORT","Total","Jan.-Dec. 2024","VALUE_IN_EUR",73972973
"Estonia","Romania","Total","EXPORT","Total","Jan.-Dec. 2024","VALUE_IN_EUR_MIRROR",93861107
"Estonia","Sweden","Total","IMPORT","Total","Jan.-Dec. 2025","VALUE_IN_EUR",1594171880
"Estonia","Sweden","Total","IMPORT","Total","Jan.-Dec. 2024","VALUE_IN_EUR",1621395107
"Estonia","Sweden","Total","IMPORT","Total","Jan.-Dec. 2024","VALUE_IN_EUR_MIRROR",1666867840
"Estonia","Sweden","Total","EXPORT","Total","Jan.-Dec. 2025","VALUE_IN_EUR",1616734417
"Estonia","Sweden","Total","EXPORT","Total","Jan.-Dec. 2024","VALUE_IN_EUR",1549051479
"Estonia","Sweden","Total","EXPORT","Total","Jan.-Dec. 2024","VALUE_IN_EUR_MIRROR",1443599492
"Estonia","Slovenia","Total","IMPORT","Total","Jan.-Dec. 2025","VALUE_IN_EUR",100895943
"Estonia","Slovenia","Total","IMPORT","Total","Jan.-Dec. 2024","VALUE_IN_EUR",94616533
"Estonia","Slovenia","Total","IMPORT","Total","Jan.-Dec. 2024","VALUE_IN_EUR_MIRROR",107524231
"Estonia","Slovenia","Total","EXPORT","Total","Jan.-Dec. 2025","VALUE_IN_EUR",24758046
"Estonia","Slovenia","Total","EXPORT","Total","Jan.-Dec. 2024","VALUE_IN_EUR",23784931
"Estonia","Slovenia","Total","EXPORT","Total","Jan.-Dec. 2024","VALUE_IN_EUR_MIRROR",34710905
"Estonia","Slovakia","Total","IMPORT","Total","Jan.-Dec. 2025","VALUE_IN_EUR",254373700
"Estonia","Slovakia","Total","IMPORT","Total","Jan.-Dec. 2024","VALUE_IN_EUR",149323633
"Estonia","Slovakia","Total","IMPORT","Total","Jan.-Dec. 2024","VALUE_IN_EUR_MIRROR",179015786
"Estonia","Slovakia","Total","EXPORT","Total","Jan.-Dec. 2025","VALUE_IN_EUR",52710809
"Estonia","Slovakia","Total","EXPORT","Total","Jan.-Dec. 2024","VALUE_IN_EUR",43620393
"Estonia","Slovakia","Total","EXPORT","Total","Jan.-Dec. 2024","VALUE_IN_EUR_MIRROR",58018815
"Spain (incl. Canary Islands 'XB' from 1997)","Austria","Total","IMPORT","Total","Jan.-Dec. 2025","VALUE_IN_EUR",3470359642
"Spain (incl. Canary Islands 'XB' from 1997)","Austria","Total","IMPORT","Total","Jan.-Dec. 2024","VALUE_IN_EUR",3596865888
"Spain (incl. Canary Islands 'XB' from 1997)","Austria","Total","IMPORT","Total","Jan.-Dec. 2024","VALUE_IN_EUR_MIRROR",3396512576
"Spain (incl. Canary Islands 'XB' from 1997)","Austria","Total","EXPORT","Total","Jan.-Dec. 2025","VALUE_IN_EUR",2907693364
"Spain (incl. Canary Islands 'XB' from 1997)","Austria","Total","EXPORT","Total","Jan.-Dec. 2024","VALUE_IN_EUR",2873641041
"Spain (incl. Canary Islands 'XB' from 1997)","Austria","Total","EXPORT","Total","Jan.-Dec. 2024","VALUE_IN_EUR_MIRROR",2833943669
"Spain (incl. Canary Islands 'XB' from 1997)","Belgium (incl. Luxembourg 'LU' -> 1998)","Total","IMPORT","Total","Jan.-Dec. 2025","VALUE_IN_EUR",16981743392
"Spain (incl. Canary Islands 'XB' from 1997)","Belgium (incl. Luxembourg 'LU' -> 1998)","Total","IMPORT","Total","Jan.-Dec. 2024","VALUE_IN_EUR",16012902956
"Spain (incl. Canary Islands 'XB' from 1997)","Belgium (incl. Luxembourg 'LU' -> 1998)","Total","IMPORT","Total","Jan.-Dec. 2024","VALUE_IN_EUR_MIRROR",17447802238
"Spain (incl. Canary Islands 'XB' from 1997)","Belgium (incl. Luxembourg 'LU' -> 1998)","Total","EXPORT","Total","Jan.-Dec. 2025","VALUE_IN_EUR",12774152539
"Spain (incl. Canary Islands 'XB' from 1997)","Belgium (incl. Luxembourg 'LU' -> 1998)","Total","EXPORT","Total","Jan.-Dec. 2024","VALUE_IN_EUR",12546808428
"Spain (incl. Canary Islands 'XB' from 1997)","Belgium (incl. Luxembourg 'LU' -> 1998)","Total","EXPORT","Total","Jan.-Dec. 2024","VALUE_IN_EUR_MIRROR",12679246793
"Spain (incl. Canary Islands 'XB' from 1997)","Bulgaria","Total","IMPORT","Total","Jan.-Dec. 2025","VALUE_IN_EUR",968365188
"Spain (incl. Canary Islands 'XB' from 1997)","Bulgaria","Total","IMPORT","Total","Jan.-Dec. 2024","VALUE_IN_EUR",991763868
"Spain (incl. Canary Islands 'XB' from 1997)","Bulgaria","Total","IMPORT","Total","Jan.-Dec. 2024","VALUE_IN_EUR_MIRROR",835204777
"Spain (incl. Canary Islands 'XB' from 1997)","Bulgaria","Total","EXPORT","Total","Jan.-Dec. 2025","VALUE_IN_EUR",1117361853
"Spain (incl. Canary Islands 'XB' from 1997)","Bulgaria","Total","EXPORT","Total","Jan.-Dec. 2024","VALUE_IN_EUR",1068241579
"Spain (incl. Canary Islands 'XB' from 1997)","Bulgaria","Total","EXPORT","Total","Jan.-Dec. 2024","VALUE_IN_EUR_MIRROR",836803669
"Spain (incl. Canary Islands 'XB' from 1997)","Cyprus","Total","IMPORT","Total","Jan.-Dec. 2025","VALUE_IN_EUR",79389865
"Spain (incl. Canary Islands 'XB' from 1997)","Cyprus","Total","IMPORT","Total","Jan.-Dec. 2024","VALUE_IN_EUR",58956374
"Spain (incl. Canary Islands 'XB' from 1997)","Cyprus","Total","IMPORT","Total","Jan.-Dec. 2024","VALUE_IN_EUR_MIRROR",30578188
"Spain (incl. Canary Islands 'XB' from 1997)","Cyprus","Total","EXPORT","Total","Jan.-Dec. 2025","VALUE_IN_EUR",611428286
"Spain (incl. Canary Islands 'XB' from 1997)","Cyprus","Total","EXPORT","Total","Jan.-Dec. 2024","VALUE_IN_EUR",693705503
"Spain (incl. Canary Islands 'XB' from 1997)","Cyprus","Total","EXPORT","Total","Jan.-Dec. 2024","VALUE_IN_EUR_MIRROR",614314945
"Spain (incl. Canary Islands 'XB' from 1997)","Czechia","Total","IMPORT","Total","Jan.-Dec. 2025","VALUE_IN_EUR",6092131047
"Spain (incl. Canary Islands 'XB' from 1997)","Czechia","Total","IMPORT","Total","Jan.-Dec. 2025","VALUE_IN_EUR_MIRROR",6364267693
"Spain (incl. Canary Islands 'XB' from 1997)","Czechia","Total","IMPORT","Total","Jan.-Dec. 2024","VALUE_IN_EUR",5883292144
"Spain (incl. Canary Islands 'XB' from 1997)","Czechia","Total","IMPORT","Total","Jan.-Dec. 2024","VALUE_IN_EUR_MIRROR",6055469537
"Spain (incl. Canary Islands 'XB' from 1997)","Czechia","Total","EXPORT","Total","Jan.-Dec. 2025","VALUE_IN_EUR",4155584600
"Spain (incl. Canary Islands 'XB' from 1997)","Czechia","Total","EXPORT","Total","Jan.-Dec. 2025","VALUE_IN_EUR_MIRROR",3987974834
"Spain (incl. Canary Islands 'XB' from 1997)","Czechia","Total","EXPORT","Total","Jan.-Dec. 2024","VALUE_IN_EUR",4007559855
"Spain (incl. Canary Islands 'XB' from 1997)","Czechia","Total","EXPORT","Total","Jan.-Dec. 2024","VALUE_IN_EUR_MIRROR",3890987896
"Spain (incl. Canary Islands 'XB' from 1997)","Germany (incl. German Democratic Republic 'DD' from 1991)","Total","IMPORT","Total","Jan.-Dec. 2025","VALUE_IN_EUR",58859616984
"Spain (incl. Canary Islands 'XB' from 1997)","Germany (incl. German Democratic Republic 'DD' from 1991)","Total","IMPORT","Total","Jan.-Dec. 2024","VALUE_IN_EUR",55252231656
"Spain (incl. Canary Islands 'XB' from 1997)","Germany (incl. German Democratic Republic 'DD' from 1991)","Total","IMPORT","Total","Jan.-Dec. 2024","VALUE_IN_EUR_MIRROR",53682922932
"Spain (incl. Canary Islands 'XB' from 1997)","Germany (incl. German Democratic Republic 'DD' from 1991)","Total","EXPORT","Total","Jan.-Dec. 2025","VALUE_IN_EUR",40727408452
"Spain (incl. Canary Islands 'XB' from 1997)","Germany (incl. German Democratic Republic 'DD' from 1991)","Total","EXPORT","Total","Jan.-Dec. 2024","VALUE_IN_EUR",40515168654
"Spain (incl. Canary Islands 'XB' from 1997)","Germany (incl. German Democratic Republic 'DD' from 1991)","Total","EXPORT","Total","Jan.-Dec. 2024","VALUE_IN_EUR_MIRROR",40658098658
"Spain (incl. Canary Islands 'XB' from 1997)","Denmark","Total","IMPORT","Total","Jan.-Dec. 2025","VALUE_IN_EUR",3260596400
"Spain (incl. Canary Islands 'XB' from 1997)","Denmark","Total","IMPORT","Total","Jan.-Dec. 2024","VALUE_IN_EUR",3393393694
"Spain (incl. Canary Islands 'XB' from 1997)","Denmark","Total","IMPORT","Total","Jan.-Dec. 2024","VALUE_IN_EUR_MIRROR",3191839863
"Spain (incl. Canary Islands 'XB' from 1997)","Denmark","Total","EXPORT","Total","Jan.-Dec. 2025","VALUE_IN_EUR",2595044031
"Spain (incl. Canary Islands 'XB' from 1997)","Denmark","Total","EXPORT","Total","Jan.-Dec. 2024","VALUE_IN_EUR",2560252001
"Spain (incl. Canary Islands 'XB' from 1997)","Denmark","Total","EXPORT","Total","Jan.-Dec. 2024","VALUE_IN_EUR_MIRROR",2217794010
"Spain (incl. Canary Islands 'XB' from 1997)","Estonia","Total","IMPORT","Total","Jan.-Dec. 2025","VALUE_IN_EUR",231738443
"Spain (incl. Canary Islands 'XB' from 1997)","Estonia","Total","IMPORT","Total","Jan.-Dec. 2025","VALUE_IN_EUR_MIRROR",232378565
"Spain (incl. Canary Islands 'XB' from 1997)","Estonia","Total","IMPORT","Total","Jan.-Dec. 2024","VALUE_IN_EUR",241164321
"Spain (incl. Canary Islands 'XB' from 1997)","Estonia","Total","IMPORT","Total","Jan.-Dec. 2024","VALUE_IN_EUR_MIRROR",193261898
"Spain (incl. Canary Islands 'XB' from 1997)","Estonia","Total","EXPORT","Total","Jan.-Dec. 2025","VALUE_IN_EUR",398519950
"Spain (incl. Canary Islands 'XB' from 1997)","Estonia","Total","EXPORT","Total","Jan.-Dec. 2025","VALUE_IN_EUR_MIRROR",386124690
"Spain (incl. Canary Islands 'XB' from 1997)","Estonia","Total","EXPORT","Total","Jan.-Dec. 2024","VALUE_IN_EUR",379914898
"Spain (incl. Canary Islands 'XB' from 1997)","Estonia","Total","EXPORT","Total","Jan.-Dec. 2024","VALUE_IN_EUR_MIRROR",332001029
"Spain (incl. Canary Islands 'XB' from 1997)","Finland","Total","IMPORT","Total","Jan.-Dec. 2025","VALUE_IN_EUR",1381208986
"Spain (incl. Canary Islands 'XB' from 1997)","Finland","Total","IMPORT","Total","Jan.-Dec. 2024","VALUE_IN_EUR",1323898200
"Spain (incl. Canary Islands 'XB' from 1997)","Finland","Total","IMPORT","Total","Jan.-Dec. 2024","VALUE_IN_EUR_MIRROR",1192556883
"Spain (incl. Canary Islands 'XB' from 1997)","Finland","Total","EXPORT","Total","Jan.-Dec. 2025","VALUE_IN_EUR",1350535549
"Spain (incl. Canary Islands 'XB' from 1997)","Finland","Total","EXPORT","Total","Jan.-Dec. 2024","VALUE_IN_EUR",1497206651
"Spain (incl. Canary Islands 'XB' from 1997)","Finland","Total","EXPORT","Total","Jan.-Dec. 2024","VALUE_IN_EUR_MIRROR",1501124782
"Spain (incl. Canary Islands 'XB' from 1997)","France (incl. Saint Barthélemy 'BL' -> 2012; incl. French Guiana 'GF', Guadeloupe 'GP', Martinique 'MQ', Réunion 'RE' from 1997; incl. Mayotte 'YT' from 2014)","Total","IMPORT","Total","Jan.-Dec. 2025","VALUE_IN_EUR",44828179334
"Spain (incl. Canary Islands 'XB' from 1997)","France (incl. Saint Barthélemy 'BL' -> 2012; incl. French Guiana 'GF', Guadeloupe 'GP', Martinique 'MQ', Réunion 'RE' from 1997; incl. Mayotte 'YT' from 2014)","Total","IMPORT","Total","Jan.-Dec. 2024","VALUE_IN_EUR",43447804774
"Spain (incl. Canary Islands 'XB' from 1997)","France (incl. Saint Barthélemy 'BL' -> 2012; incl. French Guiana 'GF', Guadeloupe 'GP', Martinique 'MQ', Réunion 'RE' from 1997; incl. Mayotte 'YT' from 2014)","Total","IMPORT","Total","Jan.-Dec. 2024","VALUE_IN_EUR_MIRROR",43966890001
"Spain (incl. Canary Islands 'XB' from 1997)","France (incl. Saint Barthélemy 'BL' -> 2012; incl. French Guiana 'GF', Guadeloupe 'GP', Martinique 'MQ', Réunion 'RE' from 1997; incl. Mayotte 'YT' from 2014)","Total","EXPORT","Total","Jan.-Dec. 2025","VALUE_IN_EUR",57015834111
"Spain (incl. Canary Islands 'XB' from 1997)","France (incl. Saint Barthélemy 'BL' -> 2012; incl. French Guiana 'GF', Guadeloupe 'GP', Martinique 'MQ', Réunion 'RE' from 1997; incl. Mayotte 'YT' from 2014)","Total","EXPORT","Total","Jan.-Dec. 2024","VALUE_IN_EUR",58806877192
"Spain (incl. Canary Islands 'XB' from 1997)","France (incl. Saint Barthélemy 'BL' -> 2012; incl. French Guiana 'GF', Guadeloupe 'GP', Martinique 'MQ', Réunion 'RE' from 1997; incl. Mayotte 'YT' from 2014)","Total","EXPORT","Total","Jan.-Dec. 2024","VALUE_IN_EUR_MIRROR",53483825694
"Spain (incl. Canary Islands 'XB' from 1997)","Greece","Total","IMPORT","Total","Jan.-Dec. 2025","VALUE_IN_EUR",1479153796
"Spain (incl. Canary Islands 'XB' from 1997)","Greece","Total","IMPORT","Total","Jan.-Dec. 2025","VALUE_IN_EUR_MIRROR",1643316802
"Spain (incl. Canary Islands 'XB' from 1997)","Greece","Total","IMPORT","Total","Jan.-Dec. 2024","VALUE_IN_EUR",1545310032
"Spain (incl. Canary Islands 'XB' from 1997)","Greece","Total","IMPORT","Total","Jan.-Dec. 2024","VALUE_IN_EUR_MIRROR",1571710447
"Spain (incl. Canary Islands 'XB' from 1997)","Greece","Total","EXPORT","Total","Jan.-Dec. 2025","VALUE_IN_EUR",3632020456
"Spain (incl. Canary Islands 'XB' from 1997)","Greece","Total","EXPORT","Total","Jan.-Dec. 2025","VALUE_IN_EUR_MIRROR",3427083277
"Spain (incl. Canary Islands 'XB' from 1997)","Greece","Total","EXPORT","Total","Jan.-Dec. 2024","VALUE_IN_EUR",3497368441
"Spain (incl. Canary Islands 'XB' from 1997)","Greece","Total","EXPORT","Total","Jan.-Dec. 2024","VALUE_IN_EUR_MIRROR",3210106254
"Spain (incl. Canary Islands 'XB' from 1997)","Croatia","Total","IMPORT","Total","Jan.-Dec. 2025","VALUE_IN_EUR",334658431
"Spain (incl. Canary Islands 'XB' from 1997)","Croatia","Total","IMPORT","Total","Jan.-Dec. 2024","VALUE_IN_EUR",364152777
"Spain (incl. Canary Islands 'XB' from 1997)","Croatia","Total","IMPORT","Total","Jan.-Dec. 2024","VALUE_IN_EUR_MIRROR",417826709
"Spain (incl. Canary Islands 'XB' from 1997)","Croatia","Total","EXPORT","Total","Jan.-Dec. 2025","VALUE_IN_EUR",955470584
"Spain (incl. Canary Islands 'XB' from 1997)","Croatia","Total","EXPORT","Total","Jan.-Dec. 2024","VALUE_IN_EUR",965658403
"Spain (incl. Canary Islands 'XB' from 1997)","Croatia","Total","EXPORT","Total","Jan.-Dec. 2024","VALUE_IN_EUR_MIRROR",1033319827
"Spain (incl. Canary Islands 'XB' from 1997)","Hungary","Total","IMPORT","Total","Jan.-Dec. 2025","VALUE_IN_EUR",3796521419
"Spain (incl. Canary Islands 'XB' from 1997)","Hungary","Total","IMPORT","Total","Jan.-Dec. 2025","VALUE_IN_EUR_MIRROR",4162547167
"Spain (incl. Canary Islands 'XB' from 1997)","Hungary","Total","IMPORT","Total","Jan.-Dec. 2024","VALUE_IN_EUR",3648993846
"Spain (incl. Canary Islands 'XB' from 1997)","Hungary","Total","IMPORT","Total","Jan.-Dec. 2024","VALUE_IN_EUR_MIRROR",4350757724
"Spain (incl. Canary Islands 'XB' from 1997)","Hungary","Total","EXPORT","Total","Jan.-Dec. 2025","VALUE_IN_EUR",2400876014
"Spain (incl. Canary Islands 'XB' from 1997)","Hungary","Total","EXPORT","Total","Jan.-Dec. 2025","VALUE_IN_EUR_MIRROR",2403667728
"Spain (incl. Canary Islands 'XB' from 1997)","Hungary","Total","EXPORT","Total","Jan.-Dec. 2024","VALUE_IN_EUR",2264282821
"Spain (incl. Canary Islands 'XB' from 1997)","Hungary","Total","EXPORT","Total","Jan.-Dec. 2024","VALUE_IN_EUR_MIRROR",2203052914
"Spain (incl. Canary Islands 'XB' from 1997)","Ireland (Eire)","Total","IMPORT","Total","Jan.-Dec. 2025","VALUE_IN_EUR",4794662094
"Spain (incl. Canary Islands 'XB' from 1997)","Ireland (Eire)","Total","IMPORT","Total","Jan.-Dec. 2025","VALUE_IN_EUR_MIRROR",4028585369
"Spain (incl. Canary Islands 'XB' from 1997)","Ireland (Eire)","Total","IMPORT","Total","Jan.-Dec. 2024","VALUE_IN_EUR",5558248436
"Spain (incl. Canary Islands 'XB' from 1997)","Ireland (Eire)","Total","IMPORT","Total","Jan.-Dec. 2024","VALUE_IN_EUR_MIRROR",5215715070
"Spain (incl. Canary Islands 'XB' from 1997)","Ireland (Eire)","Total","EXPORT","Total","Jan.-Dec. 2025","VALUE_IN_EUR",2967397220
"Spain (incl. Canary Islands 'XB' from 1997)","Ireland (Eire)","Total","EXPORT","Total","Jan.-Dec. 2025","VALUE_IN_EUR_MIRROR",2333084170
"Spain (incl. Canary Islands 'XB' from 1997)","Ireland (Eire)","Total","EXPORT","Total","Jan.-Dec. 2024","VALUE_IN_EUR",3985152961
"Spain (incl. Canary Islands 'XB' from 1997)","Ireland (Eire)","Total","EXPORT","Total","Jan.-Dec. 2024","VALUE_IN_EUR_MIRROR",2610776952
"Spain (incl. Canary Islands 'XB' from 1997)","Italy (incl. San Marino 'SM' -> 1993)","Total","IMPORT","Total","Jan.-Dec. 2025","VALUE_IN_EUR",36879897322
"Spain (incl. Canary Islands 'XB' from 1997)","Italy (incl. San Marino 'SM' -> 1993)","Total","IMPORT","Total","Jan.-Dec. 2024","VALUE_IN_EUR",33563411064
"Spain (incl. Canary Islands 'XB' from 1997)","Italy (incl. San Marino 'SM' -> 1993)","Total","IMPORT","Total","Jan.-Dec. 2024","VALUE_IN_EUR_MIRROR",34497083749
"Spain (incl. Canary Islands 'XB' from 1997)","Italy (incl. San Marino 'SM' -> 1993)","Total","EXPORT","Total","Jan.-Dec. 2025","VALUE_IN_EUR",32871558805
"Spain (incl. Canary Islands 'XB' from 1997)","Italy (incl. San Marino 'SM' -> 1993)","Total","EXPORT","Total","Jan.-Dec. 2024","VALUE_IN_EUR",34305922222
"Spain (incl. Canary Islands 'XB' from 1997)","Italy (incl. San Marino 'SM' -> 1993)","Total","EXPORT","Total","Jan.-Dec. 2024","VALUE_IN_EUR_MIRROR",33897637246
"Spain (incl. Canary Islands 'XB' from 1997)","Lithuania","Total","IMPORT","Total","Jan.-Dec. 2025","VALUE_IN_EUR",676371474
"Spain (incl. Canary Islands 'XB' from 1997)","Lithuania","Total","IMPORT","Total","Jan.-Dec. 2025","VALUE_IN_EUR_MIRROR",623867234
"Spain (incl. Canary Islands 'XB' from 1997)","Lithuania","Total","IMPORT","Total","Jan.-Dec. 2024","VALUE_IN_EUR",570722646
"Spain (incl. Canary Islands 'XB' from 1997)","Lithuania","Total","IMPORT","Total","Jan.-Dec. 2024","VALUE_IN_EUR_MIRROR",552178487
"Spain (incl. Canary Islands 'XB' from 1997)","Lithuania","Total","EXPORT","Total","Jan.-Dec. 2025","VALUE_IN_EUR",685732973
"Spain (incl. Canary Islands 'XB' from 1997)","Lithuania","Total","EXPORT","Total","Jan.-Dec. 2025","VALUE_IN_EUR_MIRROR",599926107
"Spain (incl. Canary Islands 'XB' from 1997)","Lithuania","Total","EXPORT","Total","Jan.-Dec. 2024","VALUE_IN_EUR",622479945
"Spain (incl. Canary Islands 'XB' from 1997)","Lithuania","Total","EXPORT","Total","Jan.-Dec. 2024","VALUE_IN_EUR_MIRROR",545997172
"Spain (incl. Canary Islands 'XB' from 1997)","Luxembourg","Total","IMPORT","Total","Jan.-Dec. 2025","VALUE_IN_EUR",763176464
"Spain (incl. Canary Islands 'XB' from 1997)","Luxembourg","Total","IMPORT","Total","Jan.-Dec. 2024","VALUE_IN_EUR",750177414
"Spain (incl. Canary Islands 'XB' from 1997)","Luxembourg","Total","IMPORT","Total","Jan.-Dec. 2024","VALUE_IN_EUR_MIRROR",492850349
"Spain (incl. Canary Islands 'XB' from 1997)","Luxembourg","Total","EXPORT","Total","Jan.-Dec. 2025","VALUE_IN_EUR",623966957
"Spain (incl. Canary Islands 'XB' from 1997)","Luxembourg","Total","EXPORT","Total","Jan.-Dec. 2024","VALUE_IN_EUR",522727343
"Spain (incl. Canary Islands 'XB' from 1997)","Luxembourg","Total","EXPORT","Total","Jan.-Dec. 2024","VALUE_IN_EUR_MIRROR",401682759
"Spain (incl. Canary Islands 'XB' from 1997)","Latvia","Total","IMPORT","Total","Jan.-Dec. 2025","VALUE_IN_EUR",319226178
"Spain (incl. Canary Islands 'XB' from 1997)","Latvia","Total","IMPORT","Total","Jan.-Dec. 2025","VALUE_IN_EUR_MIRROR",359588691
"Spain (incl. Canary Islands 'XB' from 1997)","Latvia","Total","IMPORT","Total","Jan.-Dec. 2024","VALUE_IN_EUR",242720667
"Spain (incl. Canary Islands 'XB' from 1997)","Latvia","Total","IMPORT","Total","Jan.-Dec. 2024","VALUE_IN_EUR_MIRROR",262909973
"Spain (incl. Canary Islands 'XB' from 1997)","Latvia","Total","EXPORT","Total","Jan.-Dec. 2025","VALUE_IN_EUR",388364325
"Spain (incl. Canary Islands 'XB' from 1997)","Latvia","Total","EXPORT","Total","Jan.-Dec. 2025","VALUE_IN_EUR_MIRROR",335105036
"Spain (incl. Canary Islands 'XB' from 1997)","Latvia","Total","EXPORT","Total","Jan.-Dec. 2024","VALUE_IN_EUR",347269312
"Spain (incl. Canary Islands 'XB' from 1997)","Latvia","Total","EXPORT","Total","Jan.-Dec. 2024","VALUE_IN_EUR_MIRROR",294231240
"Spain (incl. Canary Islands 'XB' from 1997)","Malta","Total","IMPORT","Total","Jan.-Dec. 2025","VALUE_IN_EUR",295829527
"Spain (incl. Canary Islands 'XB' from 1997)","Malta","Total","IMPORT","Total","Jan.-Dec. 2024","VALUE_IN_EUR",321837361
"Spain (incl. Canary Islands 'XB' from 1997)","Malta","Total","IMPORT","Total","Jan.-Dec. 2024","VALUE_IN_EUR_MIRROR",65880241
"Spain (incl. Canary Islands 'XB' from 1997)","Malta","Total","EXPORT","Total","Jan.-Dec. 2025","VALUE_IN_EUR",1083040155
"Spain (incl. Canary Islands 'XB' from 1997)","Malta","Total","EXPORT","Total","Jan.-Dec. 2024","VALUE_IN_EUR",843850416
"Spain (incl. Canary Islands 'XB' from 1997)","Malta","Total","EXPORT","Total","Jan.-Dec. 2024","VALUE_IN_EUR_MIRROR",683355182
"Spain (incl. Canary Islands 'XB' from 1997)","Netherlands","Total","IMPORT","Total","Jan.-Dec. 2025","VALUE_IN_EUR",32726427306
"Spain (incl. Canary Islands 'XB' from 1997)","Netherlands","Total","IMPORT","Total","Jan.-Dec. 2024","VALUE_IN_EUR",29909383077
"Spain (incl. Canary Islands 'XB' from 1997)","Netherlands","Total","IMPORT","Total","Jan.-Dec. 2024","VALUE_IN_EUR_MIRROR",30699423106
"Spain (incl. Canary Islands 'XB' from 1997)","Netherlands","Total","EXPORT","Total","Jan.-Dec. 2025","VALUE_IN_EUR",14920421618
"Spain (incl. Canary Islands 'XB' from 1997)","Netherlands","Total","EXPORT","Total","Jan.-Dec. 2024","VALUE_IN_EUR",14316860017
"Spain (incl. Canary Islands 'XB' from 1997)","Netherlands","Total","EXPORT","Total","Jan.-Dec. 2024","VALUE_IN_EUR_MIRROR",12843654410
"Spain (incl. Canary Islands 'XB' from 1997)","Poland","Total","IMPORT","Total","Jan.-Dec. 2025","VALUE_IN_EUR",10572449268
"Spain (incl. Canary Islands 'XB' from 1997)","Poland","Total","IMPORT","Total","Jan.-Dec. 2024","VALUE_IN_EUR",9587023296
"Spain (incl. Canary Islands 'XB' from 1997)","Poland","Total","IMPORT","Total","Jan.-Dec. 2024","VALUE_IN_EUR_MIRROR",10070222550
"Spain (incl. Canary Islands 'XB' from 1997)","Poland","Total","EXPORT","Total","Jan.-Dec. 2025","VALUE_IN_EUR",10598176478
"Spain (incl. Canary Islands 'XB' from 1997)","Poland","Total","EXPORT","Total","Jan.-Dec. 2024","VALUE_IN_EUR",10105093000
"Spain (incl. Canary Islands 'XB' from 1997)","Poland","Total","EXPORT","Total","Jan.-Dec. 2024","VALUE_IN_EUR_MIRROR",8984986756
"Spain (incl. Canary Islands 'XB' from 1997)","Portugal","Total","IMPORT","Total","Jan.-Dec. 2025","VALUE_IN_EUR",18823558466
"Spain (incl. Canary Islands 'XB' from 1997)","Portugal","Total","IMPORT","Total","Jan.-Dec. 2025","VALUE_IN_EUR_MIRROR",20586470354
"Spain (incl. Canary Islands 'XB' from 1997)","Portugal","Total","IMPORT","Total","Jan.-Dec. 2024","VALUE_IN_EUR",19174035601
"Spain (incl. Canary Islands 'XB' from 1997)","Portugal","Total","IMPORT","Total","Jan.-Dec. 2024","VALUE_IN_EUR_MIRROR",20455960548
"Spain (incl. Canary Islands 'XB' from 1997)","Portugal","Total","EXPORT","Total","Jan.-Dec. 2025","VALUE_IN_EUR",34979217463
"Spain (incl. Canary Islands 'XB' from 1997)","Portugal","Total","EXPORT","Total","Jan.-Dec. 2025","VALUE_IN_EUR_MIRROR",36615594384
"Spain (incl. Canary Islands 'XB' from 1997)","Portugal","Total","EXPORT","Total","Jan.-Dec. 2024","VALUE_IN_EUR",33710689937
"Spain (incl. Canary Islands 'XB' from 1997)","Portugal","Total","EXPORT","Total","Jan.-Dec. 2024","VALUE_IN_EUR_MIRROR",35226875970
"Spain (incl. Canary Islands 'XB' from 1997)","Romania","Total","IMPORT","Total","Jan.-Dec. 2025","VALUE_IN_EUR",2508622743
"Spain (incl. Canary Islands 'XB' from 1997)","Romania","Total","IMPORT","Total","Jan.-Dec. 2024","VALUE_IN_EUR",2666189136
"Spain (incl. Canary Islands 'XB' from 1997)","Romania","Total","IMPORT","Total","Jan.-Dec. 2024","VALUE_IN_EUR_MIRROR",2879251011
"Spain (incl. Canary Islands 'XB' from 1997)","Romania","Total","EXPORT","Total","Jan.-Dec. 2025","VALUE_IN_EUR",3794922360
"Spain (incl. Canary Islands 'XB' from 1997)","Romania","Total","EXPORT","Total","Jan.-Dec. 2024","VALUE_IN_EUR",3617148671
"Spain (incl. Canary Islands 'XB' from 1997)","Romania","Total","EXPORT","Total","Jan.-Dec. 2024","VALUE_IN_EUR_MIRROR",3848779643
"Spain (incl. Canary Islands 'XB' from 1997)","Sweden","Total","IMPORT","Total","Jan.-Dec. 2025","VALUE_IN_EUR",4494392424
"Spain (incl. Canary Islands 'XB' from 1997)","Sweden","Total","IMPORT","Total","Jan.-Dec. 2024","VALUE_IN_EUR",4403468088
"Spain (incl. Canary Islands 'XB' from 1997)","Sweden","Total","IMPORT","Total","Jan.-Dec. 2024","VALUE_IN_EUR_MIRROR",4025799873
"Spain (incl. Canary Islands 'XB' from 1997)","Sweden","Total","EXPORT","Total","Jan.-Dec. 2025","VALUE_IN_EUR",3672681260
"Spain (incl. Canary Islands 'XB' from 1997)","Sweden","Total","EXPORT","Total","Jan.-Dec. 2024","VALUE_IN_EUR",3365260404
"Spain (incl. Canary Islands 'XB' from 1997)","Sweden","Total","EXPORT","Total","Jan.-Dec. 2024","VALUE_IN_EUR_MIRROR",3182631952
"Spain (incl. Canary Islands 'XB' from 1997)","Slovenia","Total","IMPORT","Total","Jan.-Dec. 2025","VALUE_IN_EUR",896197830
"Spain (incl. Canary Islands 'XB' from 1997)","Slovenia","Total","IMPORT","Total","Jan.-Dec. 2024","VALUE_IN_EUR",970980362
"Spain (incl. Canary Islands 'XB' from 1997)","Slovenia","Total","IMPORT","Total","Jan.-Dec. 2024","VALUE_IN_EUR_MIRROR",992756442
"Spain (incl. Canary Islands 'XB' from 1997)","Slovenia","Total","EXPORT","Total","Jan.-Dec. 2025","VALUE_IN_EUR",990121804
"Spain (incl. Canary Islands 'XB' from 1997)","Slovenia","Total","EXPORT","Total","Jan.-Dec. 2024","VALUE_IN_EUR",869148640
"Spain (incl. Canary Islands 'XB' from 1997)","Slovenia","Total","EXPORT","Total","Jan.-Dec. 2024","VALUE_IN_EUR_MIRROR",888195959
"Spain (incl. Canary Islands 'XB' from 1997)","Slovakia","Total","IMPORT","Total","Jan.-Dec. 2025","VALUE_IN_EUR",2428805601
"Spain (incl. Canary Islands 'XB' from 1997)","Slovakia","Total","IMPORT","Total","Jan.-Dec. 2024","VALUE_IN_EUR",2370659687
"Spain (incl. Canary Islands 'XB' from 1997)","Slovakia","Total","IMPORT","Total","Jan.-Dec. 2024","VALUE_IN_EUR_MIRROR",2427334413
"Spain (incl. Canary Islands 'XB' from 1997)","Slovakia","Total","EXPORT","Total","Jan.-Dec. 2025","VALUE_IN_EUR",2309708409
"Spain (incl. Canary Islands 'XB' from 1997)","Slovakia","Total","EXPORT","Total","Jan.-Dec. 2024","VALUE_IN_EUR",2068660342
"Spain (incl. Canary Islands 'XB' from 1997)","Slovakia","Total","EXPORT","Total","Jan.-Dec. 2024","VALUE_IN_EUR_MIRROR",1874806091
"Finland","Austria","Total","IMPORT","Total","Jan.-Dec. 2024","VALUE_IN_EUR",740868117
"Finland","Austria","Total","IMPORT","Total","Jan.-Dec. 2024","VALUE_IN_EUR_MIRROR",667100782
"Finland","Austria","Total","EXPORT","Total","Jan.-Dec. 2024","VALUE_IN_EUR",496381215
"Finland","Austria","Total","EXPORT","Total","Jan.-Dec. 2024","VALUE_IN_EUR_MIRROR",536471431
"Finland","Belgium (incl. Luxembourg 'LU' -> 1998)","Total","IMPORT","Total","Jan.-Dec. 2024","VALUE_IN_EUR",2825225782
"Finland","Belgium (incl. Luxembourg 'LU' -> 1998)","Total","IMPORT","Total","Jan.-Dec. 2024","VALUE_IN_EUR_MIRROR",2875216551
"Finland","Belgium (incl. Luxembourg 'LU' -> 1998)","Total","EXPORT","Total","Jan.-Dec. 2024","VALUE_IN_EUR",2526564506
"Finland","Belgium (incl. Luxembourg 'LU' -> 1998)","Total","EXPORT","Total","Jan.-Dec. 2024","VALUE_IN_EUR_MIRROR",2871964250
"Finland","Bulgaria","Total","IMPORT","Total","Jan.-Dec. 2024","VALUE_IN_EUR",89273689
"Finland","Bulgaria","Total","IMPORT","Total","Jan.-Dec. 2024","VALUE_IN_EUR_MIRROR",86490241
"Finland","Bulgaria","Total","EXPORT","Total","Jan.-Dec. 2024","VALUE_IN_EUR",121100242
"Finland","Bulgaria","Total","EXPORT","Total","Jan.-Dec. 2024","VALUE_IN_EUR_MIRROR",114980217
"Finland","Cyprus","Total","IMPORT","Total","Jan.-Dec. 2024","VALUE_IN_EUR",22668702
"Finland","Cyprus","Total","IMPORT","Total","Jan.-Dec. 2024","VALUE_IN_EUR_MIRROR",10455527
"Finland","Cyprus","Total","EXPORT","Total","Jan.-Dec. 2024","VALUE_IN_EUR",28419610
"Finland","Cyprus","Total","EXPORT","Total","Jan.-Dec. 2024","VALUE_IN_EUR_MIRROR",29920211
"Finland","Czechia","Total","IMPORT","Total","Jan.-Dec. 2025","VALUE_IN_EUR_MIRROR",1017274482
"Finland","Czechia","Total","IMPORT","Total","Jan.-Dec. 2024","VALUE_IN_EUR",929380095
"Finland","Czechia","Total","IMPORT","Total","Jan.-Dec. 2024","VALUE_IN_EUR_MIRROR",987544837
"Finland","Czechia","Total","EXPORT","Total","Jan.-Dec. 2025","VALUE_IN_EUR_MIRROR",662239932
"Finland","Czechia","Total","EXPORT","Total","Jan.-Dec. 2024","VALUE_IN_EUR",602499137
"Finland","Czechia","Total","EXPORT","Total","Jan.-Dec. 2024","VALUE_IN_EUR_MIRROR",636824125
"Finland","Germany (incl. German Democratic Republic 'DD' from 1991)","Total","IMPORT","Total","Jan.-Dec. 2024","VALUE_IN_EUR",11405186781
"Finland","Germany (incl. German Democratic Republic 'DD' from 1991)","Total","IMPORT","Total","Jan.-Dec. 2024","VALUE_IN_EUR_MIRROR",10829465928
"Finland","Germany (incl. German Democratic Republic 'DD' from 1991)","Total","EXPORT","Total","Jan.-Dec. 2024","VALUE_IN_EUR",8123761762
"Finland","Germany (incl. German Democratic Republic 'DD' from 1991)","Total","EXPORT","Total","Jan.-Dec. 2024","VALUE_IN_EUR_MIRROR",8975836833
"Finland","Denmark","Total","IMPORT","Total","Jan.-Dec. 2024","VALUE_IN_EUR",2760727974
"Finland","Denmark","Total","IMPORT","Total","Jan.-Dec. 2024","VALUE_IN_EUR_MIRROR",2526592625
"Finland","Denmark","Total","EXPORT","Total","Jan.-Dec. 2024","VALUE_IN_EUR",1240927507
"Finland","Denmark","Total","EXPORT","Total","Jan.-Dec. 2024","VALUE_IN_EUR_MIRROR",1329399214
"Finland","Estonia","Total","IMPORT","Total","Jan.-Dec. 2025","VALUE_IN_EUR_MIRROR",2807818868
"Finland","Estonia","Total","IMPORT","Total","Jan.-Dec. 2024","VALUE_IN_EUR",2626415625
"Finland","Estonia","Total","IMPORT","Total","Jan.-Dec. 2024","VALUE_IN_EUR_MIRROR",2747274549
"Finland","Estonia","Total","EXPORT","Total","Jan.-Dec. 2025","VALUE_IN_EUR_MIRROR",2643656811
"Finland","Estonia","Total","EXPORT","Total","Jan.-Dec. 2024","VALUE_IN_EUR",2518412084
"Finland","Estonia","Total","EXPORT","Total","Jan.-Dec. 2024","VALUE_IN_EUR_MIRROR",2720842147
"Finland","Spain (incl. Canary Islands 'XB' from 1997)","Total","IMPORT","Total","Jan.-Dec. 2025","VALUE_IN_EUR_MIRROR",1350535549
"Finland","Spain (incl. Canary Islands 'XB' from 1997)","Total","IMPORT","Total","Jan.-Dec. 2024","VALUE_IN_EUR",1501124782
"Finland","Spain (incl. Canary Islands 'XB' from 1997)","Total","IMPORT","Total","Jan.-Dec. 2024","VALUE_IN_EUR_MIRROR",1497206651
"Finland","Spain (incl. Canary Islands 'XB' from 1997)","Total","EXPORT","Total","Jan.-Dec. 2025","VALUE_IN_EUR_MIRROR",1381208986
"Finland","Spain (incl. Canary Islands 'XB' from 1997)","Total","EXPORT","Total","Jan.-Dec. 2024","VALUE_IN_EUR",1192556883
"Finland","Spain (incl. Canary Islands 'XB' from 1997)","Total","EXPORT","Total","Jan.-Dec. 2024","VALUE_IN_EUR_MIRROR",1323898200
"Finland","France (incl. Saint Barthélemy 'BL' -> 2012; incl. French Guiana 'GF', Guadeloupe 'GP', Martinique 'MQ', Réunion 'RE' from 1997; incl. Mayotte 'YT' from 2014)","Total","IMPORT","Total","Jan.-Dec. 2024","VALUE_IN_EUR",1934342862
"Finland","France (incl. Saint Barthélemy 'BL' -> 2012; incl. French Guiana 'GF', Guadeloupe 'GP', Martinique 'MQ', Réunion 'RE' from 1997; incl. Mayotte 'YT' from 2014)","Total","IMPORT","Total","Jan.-Dec. 2024","VALUE_IN_EUR_MIRROR",2062322822
"Finland","France (incl. Saint Barthélemy 'BL' -> 2012; incl. French Guiana 'GF', Guadeloupe 'GP', Martinique 'MQ', Réunion 'RE' from 1997; incl. Mayotte 'YT' from 2014)","Total","EXPORT","Total","Jan.-Dec. 2024","VALUE_IN_EUR",2309079473
"Finland","France (incl. Saint Barthélemy 'BL' -> 2012; incl. French Guiana 'GF', Guadeloupe 'GP', Martinique 'MQ', Réunion 'RE' from 1997; incl. Mayotte 'YT' from 2014)","Total","EXPORT","Total","Jan.-Dec. 2024","VALUE_IN_EUR_MIRROR",2310405105
"Finland","Greece","Total","IMPORT","Total","Jan.-Dec. 2025","VALUE_IN_EUR_MIRROR",143822471
"Finland","Greece","Total","IMPORT","Total","Jan.-Dec. 2024","VALUE_IN_EUR",99260598
"Finland","Greece","Total","IMPORT","Total","Jan.-Dec. 2024","VALUE_IN_EUR_MIRROR",156464759
"Finland","Greece","Total","EXPORT","Total","Jan.-Dec. 2025","VALUE_IN_EUR_MIRROR",236130223
"Finland","Greece","Total","EXPORT","Total","Jan.-Dec. 2024","VALUE_IN_EUR",267771087
"Finland","Greece","Total","EXPORT","Total","Jan.-Dec. 2024","VALUE_IN_EUR_MIRROR",220253128
"Finland","Croatia","Total","IMPORT","Total","Jan.-Dec. 2024","VALUE_IN_EUR",44460453
"Finland","Croatia","Total","IMPORT","Total","Jan.-Dec. 2024","VALUE_IN_EUR_MIRROR",51112922
"Finland","Croatia","Total","EXPORT","Total","Jan.-Dec. 2024","VALUE_IN_EUR",48807622
"Finland","Croatia","Total","EXPORT","Total","Jan.-Dec. 2024","VALUE_IN_EUR_MIRROR",66428396
"Finland","Hungary","Total","IMPORT","Total","Jan.-Dec. 2025","VALUE_IN_EUR_MIRROR",422541059
"Finland","Hungary","Total","IMPORT","Total","Jan.-Dec. 2024","VALUE_IN_EUR",348400215
"Finland","Hungary","Total","IMPORT","Total","Jan.-Dec. 2024","VALUE_IN_EUR_MIRROR",439228411
"Finland","Hungary","Total","EXPORT","Total","Jan.-Dec. 2025","VALUE_IN_EUR_MIRROR",268677145
"Finland","Hungary","Total","EXPORT","Total","Jan.-Dec. 2024","VALUE_IN_EUR",251322484
"Finland","Hungary","Total","EXPORT","Total","Jan.-Dec. 2024","VALUE_IN_EUR_MIRROR",270961897
"Finland","Ireland (Eire)","Total","IMPORT","Total","Jan.-Dec. 2025","VALUE_IN_EUR_MIRROR",336936168
"Finland","Ireland (Eire)","Total","IMPORT","Total","Jan.-Dec. 2024","VALUE_IN_EUR",583163614
"Finland","Ireland (Eire)","Total","IMPORT","Total","Jan.-Dec. 2024","VALUE_IN_EUR_MIRROR",227187793
"Finland","Ireland (Eire)","Total","EXPORT","Total","Jan.-Dec. 2025","VALUE_IN_EUR_MIRROR",226267770
"Finland","Ireland (Eire)","Total","EXPORT","Total","Jan.-Dec. 2024","VALUE_IN_EUR",285868094
"Finland","Ireland (Eire)","Total","EXPORT","Total","Jan.-Dec. 2024","VALUE_IN_EUR_MIRROR",216773425
"Finland","Italy (incl. San Marino 'SM' -> 1993)","Total","IMPORT","Total","Jan.-Dec. 2024","VALUE_IN_EUR",2213281719
"Finland","Italy (incl. San Marino 'SM' -> 1993)","Total","IMPORT","Total","Jan.-Dec. 2024","VALUE_IN_EUR_MIRROR",2018064878
"Finland","Italy (incl. San Marino 'SM' -> 1993)","Total","EXPORT","Total","Jan.-Dec. 2024","VALUE_IN_EUR",1919574578
"Finland","Italy (incl. San Marino 'SM' -> 1993)","Total","EXPORT","Total","Jan.-Dec. 2024","VALUE_IN_EUR_MIRROR",2196795363
"Finland","Lithuania","Total","IMPORT","Total","Jan.-Dec. 2025","VALUE_IN_EUR_MIRROR",791364026
"Finland","Lithuania","Total","IMPORT","Total","Jan.-Dec. 2024","VALUE_IN_EUR",724981256
"Finland","Lithuania","Total","IMPORT","Total","Jan.-Dec. 2024","VALUE_IN_EUR_MIRROR",794947226
"Finland","Lithuania","Total","EXPORT","Total","Jan.-Dec. 2025","VALUE_IN_EUR_MIRROR",1016267324
"Finland","Lithuania","Total","EXPORT","Total","Jan.-Dec. 2024","VALUE_IN_EUR",768961249
"Finland","Lithuania","Total","EXPORT","Total","Jan.-Dec. 2024","VALUE_IN_EUR_MIRROR",939259994
"Finland","Luxembourg","Total","IMPORT","Total","Jan.-Dec. 2024","VALUE_IN_EUR",142121312
"Finland","Luxembourg","Total","IMPORT","Total","Jan.-Dec. 2024","VALUE_IN_EUR_MIRROR",63312683
"Finland","Luxembourg","Total","EXPORT","Total","Jan.-Dec. 2024","VALUE_IN_EUR",39204516
"Finland","Luxembourg","Total","EXPORT","Total","Jan.-Dec. 2024","VALUE_IN_EUR_MIRROR",39900459
"Finland","Latvia","Total","IMPORT","Total","Jan.-Dec. 2025","VALUE_IN_EUR_MIRROR",597238626
"Finland","Latvia","Total","IMPORT","Total","Jan.-Dec. 2024","VALUE_IN_EUR",539974567
"Finland","Latvia","Total","IMPORT","Total","Jan.-Dec. 2024","VALUE_IN_EUR_MIRROR",558089838
"Finland","Latvia","Total","EXPORT","Total","Jan.-Dec. 2025","VALUE_IN_EUR_MIRROR",1245650285
"Finland","Latvia","Total","EXPORT","Total","Jan.-Dec. 2024","VALUE_IN_EUR",988460753
"Finland","Latvia","Total","EXPORT","Total","Jan.-Dec. 2024","VALUE_IN_EUR_MIRROR",1211578823
"Finland","Malta","Total","IMPORT","Total","Jan.-Dec. 2024","VALUE_IN_EUR",18014260
"Finland","Malta","Total","IMPORT","Total","Jan.-Dec. 2024","VALUE_IN_EUR_MIRROR",7517926
"Finland","Malta","Total","EXPORT","Total","Jan.-Dec. 2024","VALUE_IN_EUR",95001379
"Finland","Malta","Total","EXPORT","Total","Jan.-Dec. 2024","VALUE_IN_EUR_MIRROR",12784042
"Finland","Netherlands","Total","IMPORT","Total","Jan.-Dec. 2024","VALUE_IN_EUR",7076523895
"Finland","Netherlands","Total","IMPORT","Total","Jan.-Dec. 2024","VALUE_IN_EUR_MIRROR",7092445092
"Finland","Netherlands","Total","EXPORT","Total","Jan.-Dec. 2024","VALUE_IN_EUR",5677179716
"Finland","Netherlands","Total","EXPORT","Total","Jan.-Dec. 2024","VALUE_IN_EUR_MIRROR",5664971570
"Finland","Poland","Total","IMPORT","Total","Jan.-Dec. 2024","VALUE_IN_EUR",2688213883
"Finland","Poland","Total","IMPORT","Total","Jan.-Dec. 2024","VALUE_IN_EUR_MIRROR",2800501587
"Finland","Poland","Total","EXPORT","Total","Jan.-Dec. 2024","VALUE_IN_EUR",2454165769
"Finland","Poland","Total","EXPORT","Total","Jan.-Dec. 2024","VALUE_IN_EUR_MIRROR",2298644017
"Finland","Portugal","Total","IMPORT","Total","Jan.-Dec. 2025","VALUE_IN_EUR_MIRROR",328549805
"Finland","Portugal","Total","IMPORT","Total","Jan.-Dec. 2024","VALUE_IN_EUR",478428863
"Finland","Portugal","Total","IMPORT","Total","Jan.-Dec. 2024","VALUE_IN_EUR_MIRROR",496015832
"Finland","Portugal","Total","EXPORT","Total","Jan.-Dec. 2025","VALUE_IN_EUR_MIRROR",300446937
"Finland","Portugal","Total","EXPORT","Total","Jan.-Dec. 2024","VALUE_IN_EUR",235098093
"Finland","Portugal","Total","EXPORT","Total","Jan.-Dec. 2024","VALUE_IN_EUR_MIRROR",322164748
"Finland","Romania","Total","IMPORT","Total","Jan.-Dec. 2024","VALUE_IN_EUR",199980149
"Finland","Romania","Total","IMPORT","Total","Jan.-Dec. 2024","VALUE_IN_EUR_MIRROR",226196710
"Finland","Romania","Total","EXPORT","Total","Jan.-Dec. 2024","VALUE_IN_EUR",306100482
"Finland","Romania","Total","EXPORT","Total","Jan.-Dec. 2024","VALUE_IN_EUR_MIRROR",268175929
"Finland","Sweden","Total","IMPORT","Total","Jan.-Dec. 2024","VALUE_IN_EUR",12781562045
"Finland","Sweden","Total","IMPORT","Total","Jan.-Dec. 2024","VALUE_IN_EUR_MIRROR",12117113958
"Finland","Sweden","Total","EXPORT","Total","Jan.-Dec. 2024","VALUE_IN_EUR",8146062597
"Finland","Sweden","Total","EXPORT","Total","Jan.-Dec. 2024","VALUE_IN_EUR_MIRROR",8830019975
"Finland","Slovenia","Total","IMPORT","Total","Jan.-Dec. 2024","VALUE_IN_EUR",106079192
"Finland","Slovenia","Total","IMPORT","Total","Jan.-Dec. 2024","VALUE_IN_EUR_MIRROR",107268978
"Finland","Slovenia","Total","EXPORT","Total","Jan.-Dec. 2024","VALUE_IN_EUR",84125470
"Finland","Slovenia","Total","EXPORT","Total","Jan.-Dec. 2024","VALUE_IN_EUR_MIRROR",94330439
"Finland","Slovakia","Total","IMPORT","Total","Jan.-Dec. 2024","VALUE_IN_EUR",242378483
"Finland","Slovakia","Total","IMPORT","Total","Jan.-Dec. 2024","VALUE_IN_EUR_MIRROR",291407146
"Finland","Slovakia","Total","EXPORT","Total","Jan.-Dec. 2024","VALUE_IN_EUR",168155827
"Finland","Slovakia","Total","EXPORT","Total","Jan.-Dec. 2024","VALUE_IN_EUR_MIRROR",209382951
"France (incl. Saint Barthélemy 'BL' -> 2012; incl. French Guiana 'GF', Guadeloupe 'GP', Martinique 'MQ', Réunion 'RE' from 1997; incl. Mayotte 'YT' from 2014)","Austria","Total","IMPORT","Total","Jan.-Dec. 2024","VALUE_IN_EUR",7069186074
"France (incl. Saint Barthélemy 'BL' -> 2012; incl. French Guiana 'GF', Guadeloupe 'GP', Martinique 'MQ', Réunion 'RE' from 1997; incl. Mayotte 'YT' from 2014)","Austria","Total","IMPORT","Total","Jan.-Dec. 2024","VALUE_IN_EUR_MIRROR",7157232095
"France (incl. Saint Barthélemy 'BL' -> 2012; incl. French Guiana 'GF', Guadeloupe 'GP', Martinique 'MQ', Réunion 'RE' from 1997; incl. Mayotte 'YT' from 2014)","Austria","Total","EXPORT","Total","Jan.-Dec. 2024","VALUE_IN_EUR",5183144406
"France (incl. Saint Barthélemy 'BL' -> 2012; incl. French Guiana 'GF', Guadeloupe 'GP', Martinique 'MQ', Réunion 'RE' from 1997; incl. Mayotte 'YT' from 2014)","Austria","Total","EXPORT","Total","Jan.-Dec. 2024","VALUE_IN_EUR_MIRROR",4899755911
"France (incl. Saint Barthélemy 'BL' -> 2012; incl. French Guiana 'GF', Guadeloupe 'GP', Martinique 'MQ', Réunion 'RE' from 1997; incl. Mayotte 'YT' from 2014)","Belgium (incl. Luxembourg 'LU' -> 1998)","Total","IMPORT","Total","Jan.-Dec. 2024","VALUE_IN_EUR",73261977422
"France (incl. Saint Barthélemy 'BL' -> 2012; incl. French Guiana 'GF', Guadeloupe 'GP', Martinique 'MQ', Réunion 'RE' from 1997; incl. Mayotte 'YT' from 2014)","Belgium (incl. Luxembourg 'LU' -> 1998)","Total","IMPORT","Total","Jan.-Dec. 2024","VALUE_IN_EUR_MIRROR",68349101960
"France (incl. Saint Barthélemy 'BL' -> 2012; incl. French Guiana 'GF', Guadeloupe 'GP', Martinique 'MQ', Réunion 'RE' from 1997; incl. Mayotte 'YT' from 2014)","Belgium (incl. Luxembourg 'LU' -> 1998)","Total","EXPORT","Total","Jan.-Dec. 2024","VALUE_IN_EUR",45679289629
"France (incl. Saint Barthélemy 'BL' -> 2012; incl. French Guiana 'GF', Guadeloupe 'GP', Martinique 'MQ', Réunion 'RE' from 1997; incl. Mayotte 'YT' from 2014)","Belgium (incl. Luxembourg 'LU' -> 1998)","Total","EXPORT","Total","Jan.-Dec. 2024","VALUE_IN_EUR_MIRROR",49620019194
"France (incl. Saint Barthélemy 'BL' -> 2012; incl. French Guiana 'GF', Guadeloupe 'GP', Martinique 'MQ', Réunion 'RE' from 1997; incl. Mayotte 'YT' from 2014)","Bulgaria","Total","IMPORT","Total","Jan.-Dec. 2024","VALUE_IN_EUR",1323896538
"France (incl. Saint Barthélemy 'BL' -> 2012; incl. French Guiana 'GF', Guadeloupe 'GP', Martinique 'MQ', Réunion 'RE' from 1997; incl. Mayotte 'YT' from 2014)","Bulgaria","Total","IMPORT","Total","Jan.-Dec. 2024","VALUE_IN_EUR_MIRROR",1413155889
"France (incl. Saint Barthélemy 'BL' -> 2012; incl. French Guiana 'GF', Guadeloupe 'GP', Martinique 'MQ', Réunion 'RE' from 1997; incl. Mayotte 'YT' from 2014)","Bulgaria","Total","EXPORT","Total","Jan.-Dec. 2024","VALUE_IN_EUR",1160172270
"France (incl. Saint Barthélemy 'BL' -> 2012; incl. French Guiana 'GF', Guadeloupe 'GP', Martinique 'MQ', Réunion 'RE' from 1997; incl. Mayotte 'YT' from 2014)","Bulgaria","Total","EXPORT","Total","Jan.-Dec. 2024","VALUE_IN_EUR_MIRROR",1181487491
"France (incl. Saint Barthélemy 'BL' -> 2012; incl. French Guiana 'GF', Guadeloupe 'GP', Martinique 'MQ', Réunion 'RE' from 1997; incl. Mayotte 'YT' from 2014)","Cyprus","Total","IMPORT","Total","Jan.-Dec. 2024","VALUE_IN_EUR",116327995
"France (incl. Saint Barthélemy 'BL' -> 2012; incl. French Guiana 'GF', Guadeloupe 'GP', Martinique 'MQ', Réunion 'RE' from 1997; incl. Mayotte 'YT' from 2014)","Cyprus","Total","IMPORT","Total","Jan.-Dec. 2024","VALUE_IN_EUR_MIRROR",81630599
"France (incl. Saint Barthélemy 'BL' -> 2012; incl. French Guiana 'GF', Guadeloupe 'GP', Martinique 'MQ', Réunion 'RE' from 1997; incl. Mayotte 'YT' from 2014)","Cyprus","Total","EXPORT","Total","Jan.-Dec. 2024","VALUE_IN_EUR",328643152
"France (incl. Saint Barthélemy 'BL' -> 2012; incl. French Guiana 'GF', Guadeloupe 'GP', Martinique 'MQ', Réunion 'RE' from 1997; incl. Mayotte 'YT' from 2014)","Cyprus","Total","EXPORT","Total","Jan.-Dec. 2024","VALUE_IN_EUR_MIRROR",267264654
"France (incl. Saint Barthélemy 'BL' -> 2012; incl. French Guiana 'GF', Guadeloupe 'GP', Martinique 'MQ', Réunion 'RE' from 1997; incl. Mayotte 'YT' from 2014)","Czechia","Total","IMPORT","Total","Jan.-Dec. 2025","VALUE_IN_EUR_MIRROR",12206955880
"France (incl. Saint Barthélemy 'BL' -> 2012; incl. French Guiana 'GF', Guadeloupe 'GP', Martinique 'MQ', Réunion 'RE' from 1997; incl. Mayotte 'YT' from 2014)","Czechia","Total","IMPORT","Total","Jan.-Dec. 2024","VALUE_IN_EUR",9914274670
"France (incl. Saint Barthélemy 'BL' -> 2012; incl. French Guiana 'GF', Guadeloupe 'GP', Martinique 'MQ', Réunion 'RE' from 1997; incl. Mayotte 'YT' from 2014)","Czechia","Total","IMPORT","Total","Jan.-Dec. 2024","VALUE_IN_EUR_MIRROR",11184234526
"France (incl. Saint Barthélemy 'BL' -> 2012; incl. French Guiana 'GF', Guadeloupe 'GP', Martinique 'MQ', Réunion 'RE' from 1997; incl. Mayotte 'YT' from 2014)","Czechia","Total","EXPORT","Total","Jan.-Dec. 2025","VALUE_IN_EUR_MIRROR",6942241715
"France (incl. Saint Barthélemy 'BL' -> 2012; incl. French Guiana 'GF', Guadeloupe 'GP', Martinique 'MQ', Réunion 'RE' from 1997; incl. Mayotte 'YT' from 2014)","Czechia","Total","EXPORT","Total","Jan.-Dec. 2024","VALUE_IN_EUR",6459894623
"France (incl. Saint Barthélemy 'BL' -> 2012; incl. French Guiana 'GF', Guadeloupe 'GP', Martinique 'MQ', Réunion 'RE' from 1997; incl. Mayotte 'YT' from 2014)","Czechia","Total","EXPORT","Total","Jan.-Dec. 2024","VALUE_IN_EUR_MIRROR",6548753421
"France (incl. Saint Barthélemy 'BL' -> 2012; incl. French Guiana 'GF', Guadeloupe 'GP', Martinique 'MQ', Réunion 'RE' from 1997; incl. Mayotte 'YT' from 2014)","Germany (incl. German Democratic Republic 'DD' from 1991)","Total","IMPORT","Total","Jan.-Dec. 2024","VALUE_IN_EUR",107038468510
"France (incl. Saint Barthélemy 'BL' -> 2012; incl. French Guiana 'GF', Guadeloupe 'GP', Martinique 'MQ', Réunion 'RE' from 1997; incl. Mayotte 'YT' from 2014)","Germany (incl. German Democratic Republic 'DD' from 1991)","Total","IMPORT","Total","Jan.-Dec. 2024","VALUE_IN_EUR_MIRROR",115094803458
"France (incl. Saint Barthélemy 'BL' -> 2012; incl. French Guiana 'GF', Guadeloupe 'GP', Martinique 'MQ', Réunion 'RE' from 1997; incl. Mayotte 'YT' from 2014)","Germany (incl. German Democratic Republic 'DD' from 1991)","Total","EXPORT","Total","Jan.-Dec. 2024","VALUE_IN_EUR",77261065226
"France (incl. Saint Barthélemy 'BL' -> 2012; incl. French Guiana 'GF', Guadeloupe 'GP', Martinique 'MQ', Réunion 'RE' from 1997; incl. Mayotte 'YT' from 2014)","Germany (incl. German Democratic Republic 'DD' from 1991)","Total","EXPORT","Total","Jan.-Dec. 2024","VALUE_IN_EUR_MIRROR",72314912216
"France (incl. Saint Barthélemy 'BL' -> 2012; incl. French Guiana 'GF', Guadeloupe 'GP', Martinique 'MQ', Réunion 'RE' from 1997; incl. Mayotte 'YT' from 2014)","Denmark","Total","IMPORT","Total","Jan.-Dec. 2024","VALUE_IN_EUR",5072742292
"France (incl. Saint Barthélemy 'BL' -> 2012; incl. French Guiana 'GF', Guadeloupe 'GP', Martinique 'MQ', Réunion 'RE' from 1997; incl. Mayotte 'YT' from 2014)","Denmark","Total","IMPORT","Total","Jan.-Dec. 2024","VALUE_IN_EUR_MIRROR",4896274806
"France (incl. Saint Barthélemy 'BL' -> 2012; incl. French Guiana 'GF', Guadeloupe 'GP', Martinique 'MQ', Réunion 'RE' from 1997; incl. Mayotte 'YT' from 2014)","Denmark","Total","EXPORT","Total","Jan.-Dec. 2024","VALUE_IN_EUR",4193106517
"France (incl. Saint Barthélemy 'BL' -> 2012; incl. French Guiana 'GF', Guadeloupe 'GP', Martinique 'MQ', Réunion 'RE' from 1997; incl. Mayotte 'YT' from 2014)","Denmark","Total","EXPORT","Total","Jan.-Dec. 2024","VALUE_IN_EUR_MIRROR",3666833106
"France (incl. Saint Barthélemy 'BL' -> 2012; incl. French Guiana 'GF', Guadeloupe 'GP', Martinique 'MQ', Réunion 'RE' from 1997; incl. Mayotte 'YT' from 2014)","Estonia","Total","IMPORT","Total","Jan.-Dec. 2025","VALUE_IN_EUR_MIRROR",446673927
"France (incl. Saint Barthélemy 'BL' -> 2012; incl. French Guiana 'GF', Guadeloupe 'GP', Martinique 'MQ', Réunion 'RE' from 1997; incl. Mayotte 'YT' from 2014)","Estonia","Total","IMPORT","Total","Jan.-Dec. 2024","VALUE_IN_EUR",300913344
"France (incl. Saint Barthélemy 'BL' -> 2012; incl. French Guiana 'GF', Guadeloupe 'GP', Martinique 'MQ', Réunion 'RE' from 1997; incl. Mayotte 'YT' from 2014)","Estonia","Total","IMPORT","Total","Jan.-Dec. 2024","VALUE_IN_EUR_MIRROR",373412969
"France (incl. Saint Barthélemy 'BL' -> 2012; incl. French Guiana 'GF', Guadeloupe 'GP', Martinique 'MQ', Réunion 'RE' from 1997; incl. Mayotte 'YT' from 2014)","Estonia","Total","EXPORT","Total","Jan.-Dec. 2025","VALUE_IN_EUR_MIRROR",436473631
"France (incl. Saint Barthélemy 'BL' -> 2012; incl. French Guiana 'GF', Guadeloupe 'GP', Martinique 'MQ', Réunion 'RE' from 1997; incl. Mayotte 'YT' from 2014)","Estonia","Total","EXPORT","Total","Jan.-Dec. 2024","VALUE_IN_EUR",439912596
"France (incl. Saint Barthélemy 'BL' -> 2012; incl. French Guiana 'GF', Guadeloupe 'GP', Martinique 'MQ', Réunion 'RE' from 1997; incl. Mayotte 'YT' from 2014)","Estonia","Total","EXPORT","Total","Jan.-Dec. 2024","VALUE_IN_EUR_MIRROR",428067900
"France (incl. Saint Barthélemy 'BL' -> 2012; incl. French Guiana 'GF', Guadeloupe 'GP', Martinique 'MQ', Réunion 'RE' from 1997; incl. Mayotte 'YT' from 2014)","Spain (incl. Canary Islands 'XB' from 1997)","Total","IMPORT","Total","Jan.-Dec. 2025","VALUE_IN_EUR_MIRROR",57015834111
"France (incl. Saint Barthélemy 'BL' -> 2012; incl. French Guiana 'GF', Guadeloupe 'GP', Martinique 'MQ', Réunion 'RE' from 1997; incl. Mayotte 'YT' from 2014)","Spain (incl. Canary Islands 'XB' from 1997)","Total","IMPORT","Total","Jan.-Dec. 2024","VALUE_IN_EUR",53483825694
"France (incl. Saint Barthélemy 'BL' -> 2012; incl. French Guiana 'GF', Guadeloupe 'GP', Martinique 'MQ', Réunion 'RE' from 1997; incl. Mayotte 'YT' from 2014)","Spain (incl. Canary Islands 'XB' from 1997)","Total","IMPORT","Total","Jan.-Dec. 2024","VALUE_IN_EUR_MIRROR",58806877192
"France (incl. Saint Barthélemy 'BL' -> 2012; incl. French Guiana 'GF', Guadeloupe 'GP', Martinique 'MQ', Réunion 'RE' from 1997; incl. Mayotte 'YT' from 2014)","Spain (incl. Canary Islands 'XB' from 1997)","Total","EXPORT","Total","Jan.-Dec. 2025","VALUE_IN_EUR_MIRROR",44828179334
"France (incl. Saint Barthélemy 'BL' -> 2012; incl. French Guiana 'GF', Guadeloupe 'GP', Martinique 'MQ', Réunion 'RE' from 1997; incl. Mayotte 'YT' from 2014)","Spain (incl. Canary Islands 'XB' from 1997)","Total","EXPORT","Total","Jan.-Dec. 2024","VALUE_IN_EUR",43966890001
"France (incl. Saint Barthélemy 'BL' -> 2012; incl. French Guiana 'GF', Guadeloupe 'GP', Martinique 'MQ', Réunion 'RE' from 1997; incl. Mayotte 'YT' from 2014)","Spain (incl. Canary Islands 'XB' from 1997)","Total","EXPORT","Total","Jan.-Dec. 2024","VALUE_IN_EUR_MIRROR",43447804774
"France (incl. Saint Barthélemy 'BL' -> 2012; incl. French Guiana 'GF', Guadeloupe 'GP', Martinique 'MQ', Réunion 'RE' from 1997; incl. Mayotte 'YT' from 2014)","Finland","Total","IMPORT","Total","Jan.-Dec. 2024","VALUE_IN_EUR",2310405105
"France (incl. Saint Barthélemy 'BL' -> 2012; incl. French Guiana 'GF', Guadeloupe 'GP', Martinique 'MQ', Réunion 'RE' from 1997; incl. Mayotte 'YT' from 2014)","Finland","Total","IMPORT","Total","Jan.-Dec. 2024","VALUE_IN_EUR_MIRROR",2309079473
"France (incl. Saint Barthélemy 'BL' -> 2012; incl. French Guiana 'GF', Guadeloupe 'GP', Martinique 'MQ', Réunion 'RE' from 1997; incl. Mayotte 'YT' from 2014)","Finland","Total","EXPORT","Total","Jan.-Dec. 2024","VALUE_IN_EUR",2062322822
"France (incl. Saint Barthélemy 'BL' -> 2012; incl. French Guiana 'GF', Guadeloupe 'GP', Martinique 'MQ', Réunion 'RE' from 1997; incl. Mayotte 'YT' from 2014)","Finland","Total","EXPORT","Total","Jan.-Dec. 2024","VALUE_IN_EUR_MIRROR",1934342862
"France (incl. Saint Barthélemy 'BL' -> 2012; incl. French Guiana 'GF', Guadeloupe 'GP', Martinique 'MQ', Réunion 'RE' from 1997; incl. Mayotte 'YT' from 2014)","Greece","Total","IMPORT","Total","Jan.-Dec. 2025","VALUE_IN_EUR_MIRROR",1538779240
"France (incl. Saint Barthélemy 'BL' -> 2012; incl. French Guiana 'GF', Guadeloupe 'GP', Martinique 'MQ', Réunion 'RE' from 1997; incl. Mayotte 'YT' from 2014)","Greece","Total","IMPORT","Total","Jan.-Dec. 2024","VALUE_IN_EUR",1157445606
"France (incl. Saint Barthélemy 'BL' -> 2012; incl. French Guiana 'GF', Guadeloupe 'GP', Martinique 'MQ', Réunion 'RE' from 1997; incl. Mayotte 'YT' from 2014)","Greece","Total","IMPORT","Total","Jan.-Dec. 2024","VALUE_IN_EUR_MIRROR",1467487418
"France (incl. Saint Barthélemy 'BL' -> 2012; incl. French Guiana 'GF', Guadeloupe 'GP', Martinique 'MQ', Réunion 'RE' from 1997; incl. Mayotte 'YT' from 2014)","Greece","Total","EXPORT","Total","Jan.-Dec. 2025","VALUE_IN_EUR_MIRROR",4072049932
"France (incl. Saint Barthélemy 'BL' -> 2012; incl. French Guiana 'GF', Guadeloupe 'GP', Martinique 'MQ', Réunion 'RE' from 1997; incl. Mayotte 'YT' from 2014)","Greece","Total","EXPORT","Total","Jan.-Dec. 2024","VALUE_IN_EUR",4164035283
"France (incl. Saint Barthélemy 'BL' -> 2012; incl. French Guiana 'GF', Guadeloupe 'GP', Martinique 'MQ', Réunion 'RE' from 1997; incl. Mayotte 'YT' from 2014)","Greece","Total","EXPORT","Total","Jan.-Dec. 2024","VALUE_IN_EUR_MIRROR",4013211793
"France (incl. Saint Barthélemy 'BL' -> 2012; incl. French Guiana 'GF', Guadeloupe 'GP', Martinique 'MQ', Réunion 'RE' from 1997; incl. Mayotte 'YT' from 2014)","Croatia","Total","IMPORT","Total","Jan.-Dec. 2024","VALUE_IN_EUR",481432056
"France (incl. Saint Barthélemy 'BL' -> 2012; incl. French Guiana 'GF', Guadeloupe 'GP', Martinique 'MQ', Réunion 'RE' from 1997; incl. Mayotte 'YT' from 2014)","Croatia","Total","IMPORT","Total","Jan.-Dec. 2024","VALUE_IN_EUR_MIRROR",568924397
"France (incl. Saint Barthélemy 'BL' -> 2012; incl. French Guiana 'GF', Guadeloupe 'GP', Martinique 'MQ', Réunion 'RE' from 1997; incl. Mayotte 'YT' from 2014)","Croatia","Total","EXPORT","Total","Jan.-Dec. 2024","VALUE_IN_EUR",1019554644
"France (incl. Saint Barthélemy 'BL' -> 2012; incl. French Guiana 'GF', Guadeloupe 'GP', Martinique 'MQ', Réunion 'RE' from 1997; incl. Mayotte 'YT' from 2014)","Croatia","Total","EXPORT","Total","Jan.-Dec. 2024","VALUE_IN_EUR_MIRROR",1697096521
"France (incl. Saint Barthélemy 'BL' -> 2012; incl. French Guiana 'GF', Guadeloupe 'GP', Martinique 'MQ', Réunion 'RE' from 1997; incl. Mayotte 'YT' from 2014)","Hungary","Total","IMPORT","Total","Jan.-Dec. 2025","VALUE_IN_EUR_MIRROR",5659478740
"France (incl. Saint Barthélemy 'BL' -> 2012; incl. French Guiana 'GF', Guadeloupe 'GP', Martinique 'MQ', Réunion 'RE' from 1997; incl. Mayotte 'YT' from 2014)","Hungary","Total","IMPORT","Total","Jan.-Dec. 2024","VALUE_IN_EUR",4919251359
"France (incl. Saint Barthélemy 'BL' -> 2012; incl. French Guiana 'GF', Guadeloupe 'GP', Martinique 'MQ', Réunion 'RE' from 1997; incl. Mayotte 'YT' from 2014)","Hungary","Total","IMPORT","Total","Jan.-Dec. 2024","VALUE_IN_EUR_MIRROR",6039129823
"France (incl. Saint Barthélemy 'BL' -> 2012; incl. French Guiana 'GF', Guadeloupe 'GP', Martinique 'MQ', Réunion 'RE' from 1997; incl. Mayotte 'YT' from 2014)","Hungary","Total","EXPORT","Total","Jan.-Dec. 2025","VALUE_IN_EUR_MIRROR",4454596324
"France (incl. Saint Barthélemy 'BL' -> 2012; incl. French Guiana 'GF', Guadeloupe 'GP', Martinique 'MQ', Réunion 'RE' from 1997; incl. Mayotte 'YT' from 2014)","Hungary","Total","EXPORT","Total","Jan.-Dec. 2024","VALUE_IN_EUR",4346555559
"France (incl. Saint Barthélemy 'BL' -> 2012; incl. French Guiana 'GF', Guadeloupe 'GP', Martinique 'MQ', Réunion 'RE' from 1997; incl. Mayotte 'YT' from 2014)","Hungary","Total","EXPORT","Total","Jan.-Dec. 2024","VALUE_IN_EUR_MIRROR",4415655425
"France (incl. Saint Barthélemy 'BL' -> 2012; incl. French Guiana 'GF', Guadeloupe 'GP', Martinique 'MQ', Réunion 'RE' from 1997; incl. Mayotte 'YT' from 2014)","Ireland (Eire)","Total","IMPORT","Total","Jan.-Dec. 2025","VALUE_IN_EUR_MIRROR",5787091700
"France (incl. Saint Barthélemy 'BL' -> 2012; incl. French Guiana 'GF', Guadeloupe 'GP', Martinique 'MQ', Réunion 'RE' from 1997; incl. Mayotte 'YT' from 2014)","Ireland (Eire)","Total","IMPORT","Total","Jan.-Dec. 2024","VALUE_IN_EUR",8147767626
"France (incl. Saint Barthélemy 'BL' -> 2012; incl. French Guiana 'GF', Guadeloupe 'GP', Martinique 'MQ', Réunion 'RE' from 1997; incl. Mayotte 'YT' from 2014)","Ireland (Eire)","Total","IMPORT","Total","Jan.-Dec. 2024","VALUE_IN_EUR_MIRROR",6343316332
"France (incl. Saint Barthélemy 'BL' -> 2012; incl. French Guiana 'GF', Guadeloupe 'GP', Martinique 'MQ', Réunion 'RE' from 1997; incl. Mayotte 'YT' from 2014)","Ireland (Eire)","Total","EXPORT","Total","Jan.-Dec. 2025","VALUE_IN_EUR_MIRROR",11960263705
"France (incl. Saint Barthélemy 'BL' -> 2012; incl. French Guiana 'GF', Guadeloupe 'GP', Martinique 'MQ', Réunion 'RE' from 1997; incl. Mayotte 'YT' from 2014)","Ireland (Eire)","Total","EXPORT","Total","Jan.-Dec. 2024","VALUE_IN_EUR",5544363175
"France (incl. Saint Barthélemy 'BL' -> 2012; incl. French Guiana 'GF', Guadeloupe 'GP', Martinique 'MQ', Réunion 'RE' from 1997; incl. Mayotte 'YT' from 2014)","Ireland (Eire)","Total","EXPORT","Total","Jan.-Dec. 2024","VALUE_IN_EUR_MIRROR",14458176373
"France (incl. Saint Barthélemy 'BL' -> 2012; incl. French Guiana 'GF', Guadeloupe 'GP', Martinique 'MQ', Réunion 'RE' from 1997; incl. Mayotte 'YT' from 2014)","Italy (incl. San Marino 'SM' -> 1993)","Total","IMPORT","Total","Jan.-Dec. 2024","VALUE_IN_EUR",55129101110
"France (incl. Saint Barthélemy 'BL' -> 2012; incl. French Guiana 'GF', Guadeloupe 'GP', Martinique 'MQ', Réunion 'RE' from 1997; incl. Mayotte 'YT' from 2014)","Italy (incl. San Marino 'SM' -> 1993)","Total","IMPORT","Total","Jan.-Dec. 2024","VALUE_IN_EUR_MIRROR",61686058305
"France (incl. Saint Barthélemy 'BL' -> 2012; incl. French Guiana 'GF', Guadeloupe 'GP', Martinique 'MQ', Réunion 'RE' from 1997; incl. Mayotte 'YT' from 2014)","Italy (incl. San Marino 'SM' -> 1993)","Total","EXPORT","Total","Jan.-Dec. 2024","VALUE_IN_EUR",48067727958
"France (incl. Saint Barthélemy 'BL' -> 2012; incl. French Guiana 'GF', Guadeloupe 'GP', Martinique 'MQ', Réunion 'RE' from 1997; incl. Mayotte 'YT' from 2014)","Italy (incl. San Marino 'SM' -> 1993)","Total","EXPORT","Total","Jan.-Dec. 2024","VALUE_IN_EUR_MIRROR",44119792909
"France (incl. Saint Barthélemy 'BL' -> 2012; incl. French Guiana 'GF', Guadeloupe 'GP', Martinique 'MQ', Réunion 'RE' from 1997; incl. Mayotte 'YT' from 2014)","Lithuania","Total","IMPORT","Total","Jan.-Dec. 2025","VALUE_IN_EUR_MIRROR",1048065147
"France (incl. Saint Barthélemy 'BL' -> 2012; incl. French Guiana 'GF', Guadeloupe 'GP', Martinique 'MQ', Réunion 'RE' from 1997; incl. Mayotte 'YT' from 2014)","Lithuania","Total","IMPORT","Total","Jan.-Dec. 2024","VALUE_IN_EUR",830523214
"France (incl. Saint Barthélemy 'BL' -> 2012; incl. French Guiana 'GF', Guadeloupe 'GP', Martinique 'MQ', Réunion 'RE' from 1997; incl. Mayotte 'YT' from 2014)","Lithuania","Total","IMPORT","Total","Jan.-Dec. 2024","VALUE_IN_EUR_MIRROR",997765958
"France (incl. Saint Barthélemy 'BL' -> 2012; incl. French Guiana 'GF', Guadeloupe 'GP', Martinique 'MQ', Réunion 'RE' from 1997; incl. Mayotte 'YT' from 2014)","Lithuania","Total","EXPORT","Total","Jan.-Dec. 2025","VALUE_IN_EUR_MIRROR",1024637454
"France (incl. Saint Barthélemy 'BL' -> 2012; incl. French Guiana 'GF', Guadeloupe 'GP', Martinique 'MQ', Réunion 'RE' from 1997; incl. Mayotte 'YT' from 2014)","Lithuania","Total","EXPORT","Total","Jan.-Dec. 2024","VALUE_IN_EUR",1084866502
"France (incl. Saint Barthélemy 'BL' -> 2012; incl. French Guiana 'GF', Guadeloupe 'GP', Martinique 'MQ', Réunion 'RE' from 1997; incl. Mayotte 'YT' from 2014)","Lithuania","Total","EXPORT","Total","Jan.-Dec. 2024","VALUE_IN_EUR_MIRROR",1049010544
"France (incl. Saint Barthélemy 'BL' -> 2012; incl. French Guiana 'GF', Guadeloupe 'GP', Martinique 'MQ', Réunion 'RE' from 1997; incl. Mayotte 'YT' from 2014)","Luxembourg","Total","IMPORT","Total","Jan.-Dec. 2024","VALUE_IN_EUR",2564040187
"France (incl. Saint Barthélemy 'BL' -> 2012; incl. French Guiana 'GF', Guadeloupe 'GP', Martinique 'MQ', Réunion 'RE' from 1997; incl. Mayotte 'YT' from 2014)","Luxembourg","Total","IMPORT","Total","Jan.-Dec. 2024","VALUE_IN_EUR_MIRROR",2300664792
"France (incl. Saint Barthélemy 'BL' -> 2012; incl. French Guiana 'GF', Guadeloupe 'GP', Martinique 'MQ', Réunion 'RE' from 1997; incl. Mayotte 'YT' from 2014)","Luxembourg","Total","EXPORT","Total","Jan.-Dec. 2024","VALUE_IN_EUR",3118489366
"France (incl. Saint Barthélemy 'BL' -> 2012; incl. French Guiana 'GF', Guadeloupe 'GP', Martinique 'MQ', Réunion 'RE' from 1997; incl. Mayotte 'YT' from 2014)","Luxembourg","Total","EXPORT","Total","Jan.-Dec. 2024","VALUE_IN_EUR_MIRROR",3013439260
"France (incl. Saint Barthélemy 'BL' -> 2012; incl. French Guiana 'GF', Guadeloupe 'GP', Martinique 'MQ', Réunion 'RE' from 1997; incl. Mayotte 'YT' from 2014)","Latvia","Total","IMPORT","Total","Jan.-Dec. 2025","VALUE_IN_EUR_MIRROR",519652787
"France (incl. Saint Barthélemy 'BL' -> 2012; incl. French Guiana 'GF', Guadeloupe 'GP', Martinique 'MQ', Réunion 'RE' from 1997; incl. Mayotte 'YT' from 2014)","Latvia","Total","IMPORT","Total","Jan.-Dec. 2024","VALUE_IN_EUR",373858242
"France (incl. Saint Barthélemy 'BL' -> 2012; incl. French Guiana 'GF', Guadeloupe 'GP', Martinique 'MQ', Réunion 'RE' from 1997; incl. Mayotte 'YT' from 2014)","Latvia","Total","IMPORT","Total","Jan.-Dec. 2024","VALUE_IN_EUR_MIRROR",478674929
"France (incl. Saint Barthélemy 'BL' -> 2012; incl. French Guiana 'GF', Guadeloupe 'GP', Martinique 'MQ', Réunion 'RE' from 1997; incl. Mayotte 'YT' from 2014)","Latvia","Total","EXPORT","Total","Jan.-Dec. 2025","VALUE_IN_EUR_MIRROR",416021837
"France (incl. Saint Barthélemy 'BL' -> 2012; incl. French Guiana 'GF', Guadeloupe 'GP', Martinique 'MQ', Réunion 'RE' from 1997; incl. Mayotte 'YT' from 2014)","Latvia","Total","EXPORT","Total","Jan.-Dec. 2024","VALUE_IN_EUR",479984436
"France (incl. Saint Barthélemy 'BL' -> 2012; incl. French Guiana 'GF', Guadeloupe 'GP', Martinique 'MQ', Réunion 'RE' from 1997; incl. Mayotte 'YT' from 2014)","Latvia","Total","EXPORT","Total","Jan.-Dec. 2024","VALUE_IN_EUR_MIRROR",372427098
"France (incl. Saint Barthélemy 'BL' -> 2012; incl. French Guiana 'GF', Guadeloupe 'GP', Martinique 'MQ', Réunion 'RE' from 1997; incl. Mayotte 'YT' from 2014)","Malta","Total","IMPORT","Total","Jan.-Dec. 2024","VALUE_IN_EUR",113761243
"France (incl. Saint Barthélemy 'BL' -> 2012; incl. French Guiana 'GF', Guadeloupe 'GP', Martinique 'MQ', Réunion 'RE' from 1997; incl. Mayotte 'YT' from 2014)","Malta","Total","IMPORT","Total","Jan.-Dec. 2024","VALUE_IN_EUR_MIRROR",69649233
"France (incl. Saint Barthélemy 'BL' -> 2012; incl. French Guiana 'GF', Guadeloupe 'GP', Martinique 'MQ', Réunion 'RE' from 1997; incl. Mayotte 'YT' from 2014)","Malta","Total","EXPORT","Total","Jan.-Dec. 2024","VALUE_IN_EUR",1327439286
"France (incl. Saint Barthélemy 'BL' -> 2012; incl. French Guiana 'GF', Guadeloupe 'GP', Martinique 'MQ', Réunion 'RE' from 1997; incl. Mayotte 'YT' from 2014)","Malta","Total","EXPORT","Total","Jan.-Dec. 2024","VALUE_IN_EUR_MIRROR",1185283396
"France (incl. Saint Barthélemy 'BL' -> 2012; incl. French Guiana 'GF', Guadeloupe 'GP', Martinique 'MQ', Réunion 'RE' from 1997; incl. Mayotte 'YT' from 2014)","Netherlands","Total","IMPORT","Total","Jan.-Dec. 2024","VALUE_IN_EUR",62257425306
"France (incl. Saint Barthélemy 'BL' -> 2012; incl. French Guiana 'GF', Guadeloupe 'GP', Martinique 'MQ', Réunion 'RE' from 1997; incl. Mayotte 'YT' from 2014)","Netherlands","Total","IMPORT","Total","Jan.-Dec. 2024","VALUE_IN_EUR_MIRROR",72039569041
"France (incl. Saint Barthélemy 'BL' -> 2012; incl. French Guiana 'GF', Guadeloupe 'GP', Martinique 'MQ', Réunion 'RE' from 1997; incl. Mayotte 'YT' from 2014)","Netherlands","Total","EXPORT","Total","Jan.-Dec. 2024","VALUE_IN_EUR",23002868467
"France (incl. Saint Barthélemy 'BL' -> 2012; incl. French Guiana 'GF', Guadeloupe 'GP', Martinique 'MQ', Réunion 'RE' from 1997; incl. Mayotte 'YT' from 2014)","Netherlands","Total","EXPORT","Total","Jan.-Dec. 2024","VALUE_IN_EUR_MIRROR",22454287941
"France (incl. Saint Barthélemy 'BL' -> 2012; incl. French Guiana 'GF', Guadeloupe 'GP', Martinique 'MQ', Réunion 'RE' from 1997; incl. Mayotte 'YT' from 2014)","Poland","Total","IMPORT","Total","Jan.-Dec. 2024","VALUE_IN_EUR",17029920169
"France (incl. Saint Barthélemy 'BL' -> 2012; incl. French Guiana 'GF', Guadeloupe 'GP', Martinique 'MQ', Réunion 'RE' from 1997; incl. Mayotte 'YT' from 2014)","Poland","Total","IMPORT","Total","Jan.-Dec. 2024","VALUE_IN_EUR_MIRROR",21347845348
"France (incl. Saint Barthélemy 'BL' -> 2012; incl. French Guiana 'GF', Guadeloupe 'GP', Martinique 'MQ', Réunion 'RE' from 1997; incl. Mayotte 'YT' from 2014)","Poland","Total","EXPORT","Total","Jan.-Dec. 2024","VALUE_IN_EUR",15163286645
"France (incl. Saint Barthélemy 'BL' -> 2012; incl. French Guiana 'GF', Guadeloupe 'GP', Martinique 'MQ', Réunion 'RE' from 1997; incl. Mayotte 'YT' from 2014)","Poland","Total","EXPORT","Total","Jan.-Dec. 2024","VALUE_IN_EUR_MIRROR",14220986669
"France (incl. Saint Barthélemy 'BL' -> 2012; incl. French Guiana 'GF', Guadeloupe 'GP', Martinique 'MQ', Réunion 'RE' from 1997; incl. Mayotte 'YT' from 2014)","Portugal","Total","IMPORT","Total","Jan.-Dec. 2025","VALUE_IN_EUR_MIRROR",9539532669
"France (incl. Saint Barthélemy 'BL' -> 2012; incl. French Guiana 'GF', Guadeloupe 'GP', Martinique 'MQ', Réunion 'RE' from 1997; incl. Mayotte 'YT' from 2014)","Portugal","Total","IMPORT","Total","Jan.-Dec. 2024","VALUE_IN_EUR",7960419991
"France (incl. Saint Barthélemy 'BL' -> 2012; incl. French Guiana 'GF', Guadeloupe 'GP', Martinique 'MQ', Réunion 'RE' from 1997; incl. Mayotte 'YT' from 2014)","Portugal","Total","IMPORT","Total","Jan.-Dec. 2024","VALUE_IN_EUR_MIRROR",9534422560
"France (incl. Saint Barthélemy 'BL' -> 2012; incl. French Guiana 'GF', Guadeloupe 'GP', Martinique 'MQ', Réunion 'RE' from 1997; incl. Mayotte 'YT' from 2014)","Portugal","Total","EXPORT","Total","Jan.-Dec. 2025","VALUE_IN_EUR_MIRROR",8103123574
"France (incl. Saint Barthélemy 'BL' -> 2012; incl. French Guiana 'GF', Guadeloupe 'GP', Martinique 'MQ', Réunion 'RE' from 1997; incl. Mayotte 'YT' from 2014)","Portugal","Total","EXPORT","Total","Jan.-Dec. 2024","VALUE_IN_EUR",7501833595
"France (incl. Saint Barthélemy 'BL' -> 2012; incl. French Guiana 'GF', Guadeloupe 'GP', Martinique 'MQ', Réunion 'RE' from 1997; incl. Mayotte 'YT' from 2014)","Portugal","Total","EXPORT","Total","Jan.-Dec. 2024","VALUE_IN_EUR_MIRROR",7726619775
"France (incl. Saint Barthélemy 'BL' -> 2012; incl. French Guiana 'GF', Guadeloupe 'GP', Martinique 'MQ', Réunion 'RE' from 1997; incl. Mayotte 'YT' from 2014)","Romania","Total","IMPORT","Total","Jan.-Dec. 2024","VALUE_IN_EUR",5835474187
"France (incl. Saint Barthélemy 'BL' -> 2012; incl. French Guiana 'GF', Guadeloupe 'GP', Martinique 'MQ', Réunion 'RE' from 1997; incl. Mayotte 'YT' from 2014)","Romania","Total","IMPORT","Total","Jan.-Dec. 2024","VALUE_IN_EUR_MIRROR",5867395127
"France (incl. Saint Barthélemy 'BL' -> 2012; incl. French Guiana 'GF', Guadeloupe 'GP', Martinique 'MQ', Réunion 'RE' from 1997; incl. Mayotte 'YT' from 2014)","Romania","Total","EXPORT","Total","Jan.-Dec. 2024","VALUE_IN_EUR",5312740134
"France (incl. Saint Barthélemy 'BL' -> 2012; incl. French Guiana 'GF', Guadeloupe 'GP', Martinique 'MQ', Réunion 'RE' from 1997; incl. Mayotte 'YT' from 2014)","Romania","Total","EXPORT","Total","Jan.-Dec. 2024","VALUE_IN_EUR_MIRROR",5329224571
"France (incl. Saint Barthélemy 'BL' -> 2012; incl. French Guiana 'GF', Guadeloupe 'GP', Martinique 'MQ', Réunion 'RE' from 1997; incl. Mayotte 'YT' from 2014)","Sweden","Total","IMPORT","Total","Jan.-Dec. 2024","VALUE_IN_EUR",8131346282
"France (incl. Saint Barthélemy 'BL' -> 2012; incl. French Guiana 'GF', Guadeloupe 'GP', Martinique 'MQ', Réunion 'RE' from 1997; incl. Mayotte 'YT' from 2014)","Sweden","Total","IMPORT","Total","Jan.-Dec. 2024","VALUE_IN_EUR_MIRROR",7451377741
"France (incl. Saint Barthélemy 'BL' -> 2012; incl. French Guiana 'GF', Guadeloupe 'GP', Martinique 'MQ', Réunion 'RE' from 1997; incl. Mayotte 'YT' from 2014)","Sweden","Total","EXPORT","Total","Jan.-Dec. 2024","VALUE_IN_EUR",5689140778
"France (incl. Saint Barthélemy 'BL' -> 2012; incl. French Guiana 'GF', Guadeloupe 'GP', Martinique 'MQ', Réunion 'RE' from 1997; incl. Mayotte 'YT' from 2014)","Sweden","Total","EXPORT","Total","Jan.-Dec. 2024","VALUE_IN_EUR_MIRROR",6015651180
"France (incl. Saint Barthélemy 'BL' -> 2012; incl. French Guiana 'GF', Guadeloupe 'GP', Martinique 'MQ', Réunion 'RE' from 1997; incl. Mayotte 'YT' from 2014)","Slovenia","Total","IMPORT","Total","Jan.-Dec. 2024","VALUE_IN_EUR",1960060553
"France (incl. Saint Barthélemy 'BL' -> 2012; incl. French Guiana 'GF', Guadeloupe 'GP', Martinique 'MQ', Réunion 'RE' from 1997; incl. Mayotte 'YT' from 2014)","Slovenia","Total","IMPORT","Total","Jan.-Dec. 2024","VALUE_IN_EUR_MIRROR",2010252702
"France (incl. Saint Barthélemy 'BL' -> 2012; incl. French Guiana 'GF', Guadeloupe 'GP', Martinique 'MQ', Réunion 'RE' from 1997; incl. Mayotte 'YT' from 2014)","Slovenia","Total","EXPORT","Total","Jan.-Dec. 2024","VALUE_IN_EUR",1211629686
"France (incl. Saint Barthélemy 'BL' -> 2012; incl. French Guiana 'GF', Guadeloupe 'GP', Martinique 'MQ', Réunion 'RE' from 1997; incl. Mayotte 'YT' from 2014)","Slovenia","Total","EXPORT","Total","Jan.-Dec. 2024","VALUE_IN_EUR_MIRROR",1262812353
"France (incl. Saint Barthélemy 'BL' -> 2012; incl. French Guiana 'GF', Guadeloupe 'GP', Martinique 'MQ', Réunion 'RE' from 1997; incl. Mayotte 'YT' from 2014)","Slovakia","Total","IMPORT","Total","Jan.-Dec. 2024","VALUE_IN_EUR",4157603085
"France (incl. Saint Barthélemy 'BL' -> 2012; incl. French Guiana 'GF', Guadeloupe 'GP', Martinique 'MQ', Réunion 'RE' from 1997; incl. Mayotte 'YT' from 2014)","Slovakia","Total","IMPORT","Total","Jan.-Dec. 2024","VALUE_IN_EUR_MIRROR",5065675860
"France (incl. Saint Barthélemy 'BL' -> 2012; incl. French Guiana 'GF', Guadeloupe 'GP', Martinique 'MQ', Réunion 'RE' from 1997; incl. Mayotte 'YT' from 2014)","Slovakia","Total","EXPORT","Total","Jan.-Dec. 2024","VALUE_IN_EUR",2730014100
"France (incl. Saint Barthélemy 'BL' -> 2012; incl. French Guiana 'GF', Guadeloupe 'GP', Martinique 'MQ', Réunion 'RE' from 1997; incl. Mayotte 'YT' from 2014)","Slovakia","Total","EXPORT","Total","Jan.-Dec. 2024","VALUE_IN_EUR_MIRROR",3094707631
"Greece","Austria","Total","IMPORT","Total","Jan.-Dec. 2025","VALUE_IN_EUR",902705230
"Greece","Austria","Total","IMPORT","Total","Jan.-Dec. 2024","VALUE_IN_EUR",950073670
"Greece","Austria","Total","IMPORT","Total","Jan.-Dec. 2024","VALUE_IN_EUR_MIRROR",791783711
"Greece","Austria","Total","EXPORT","Total","Jan.-Dec. 2025","VALUE_IN_EUR",544161356
"Greece","Austria","Total","EXPORT","Total","Jan.-Dec. 2024","VALUE_IN_EUR",549876796
"Greece","Austria","Total","EXPORT","Total","Jan.-Dec. 2024","VALUE_IN_EUR_MIRROR",331762828
"Greece","Belgium (incl. Luxembourg 'LU' -> 1998)","Total","IMPORT","Total","Jan.-Dec. 2025","VALUE_IN_EUR",2392301271
"Greece","Belgium (incl. Luxembourg 'LU' -> 1998)","Total","IMPORT","Total","Jan.-Dec. 2024","VALUE_IN_EUR",2267396786
"Greece","Belgium (incl. Luxembourg 'LU' -> 1998)","Total","IMPORT","Total","Jan.-Dec. 2024","VALUE_IN_EUR_MIRROR",2584856438
"Greece","Belgium (incl. Luxembourg 'LU' -> 1998)","Total","EXPORT","Total","Jan.-Dec. 2025","VALUE_IN_EUR",687021990
"Greece","Belgium (incl. Luxembourg 'LU' -> 1998)","Total","EXPORT","Total","Jan.-Dec. 2024","VALUE_IN_EUR",693847338
"Greece","Belgium (incl. Luxembourg 'LU' -> 1998)","Total","EXPORT","Total","Jan.-Dec. 2024","VALUE_IN_EUR_MIRROR",609504601
"Greece","Bulgaria","Total","IMPORT","Total","Jan.-Dec. 2025","VALUE_IN_EUR",2891060487
"Greece","Bulgaria","Total","IMPORT","Total","Jan.-Dec. 2024","VALUE_IN_EUR",2751865970
"Greece","Bulgaria","Total","IMPORT","Total","Jan.-Dec. 2024","VALUE_IN_EUR_MIRROR",2634916703
"Greece","Bulgaria","Total","EXPORT","Total","Jan.-Dec. 2025","VALUE_IN_EUR",3151731427
"Greece","Bulgaria","Total","EXPORT","Total","Jan.-Dec. 2024","VALUE_IN_EUR",2945168870
"Greece","Bulgaria","Total","EXPORT","Total","Jan.-Dec. 2024","VALUE_IN_EUR_MIRROR",2942289839
"Greece","Cyprus","Total","IMPORT","Total","Jan.-Dec. 2025","VALUE_IN_EUR",583961284
"Greece","Cyprus","Total","IMPORT","Total","Jan.-Dec. 2024","VALUE_IN_EUR",614295222
"Greece","Cyprus","Total","IMPORT","Total","Jan.-Dec. 2024","VALUE_IN_EUR_MIRROR",335505660
"Greece","Cyprus","Total","EXPORT","Total","Jan.-Dec. 2025","VALUE_IN_EUR",3299898353
"Greece","Cyprus","Total","EXPORT","Total","Jan.-Dec. 2024","VALUE_IN_EUR",3317002810
"Greece","Cyprus","Total","EXPORT","Total","Jan.-Dec. 2024","VALUE_IN_EUR_MIRROR",2988914324
"Greece","Czechia","Total","IMPORT","Total","Jan.-Dec. 2025","VALUE_IN_EUR",778455172
"Greece","Czechia","Total","IMPORT","Total","Jan.-Dec. 2025","VALUE_IN_EUR_MIRROR",715048733
"Greece","Czechia","Total","IMPORT","Total","Jan.-Dec. 2024","VALUE_IN_EUR",719678611
"Greece","Czechia","Total","IMPORT","Total","Jan.-Dec. 2024","VALUE_IN_EUR_MIRROR",643648457
"Greece","Czechia","Total","EXPORT","Total","Jan.-Dec. 2025","VALUE_IN_EUR",404987184
"Greece","Czechia","Total","EXPORT","Total","Jan.-Dec. 2025","VALUE_IN_EUR_MIRROR",407437719
"Greece","Czechia","Total","EXPORT","Total","Jan.-Dec. 2024","VALUE_IN_EUR",398867710
"Greece","Czechia","Total","EXPORT","Total","Jan.-Dec. 2024","VALUE_IN_EUR_MIRROR",362142068
"Greece","Germany (incl. German Democratic Republic 'DD' from 1991)","Total","IMPORT","Total","Jan.-Dec. 2025","VALUE_IN_EUR",9418891074
"Greece","Germany (incl. German Democratic Republic 'DD' from 1991)","Total","IMPORT","Total","Jan.-Dec. 2024","VALUE_IN_EUR",9347176652
"Greece","Germany (incl. German Democratic Republic 'DD' from 1991)","Total","IMPORT","Total","Jan.-Dec. 2024","VALUE_IN_EUR_MIRROR",8627594434
"Greece","Germany (incl. German Democratic Republic 'DD' from 1991)","Total","EXPORT","Total","Jan.-Dec. 2025","VALUE_IN_EUR",3777765997
"Greece","Germany (incl. German Democratic Republic 'DD' from 1991)","Total","EXPORT","Total","Jan.-Dec. 2024","VALUE_IN_EUR",3525565330
"Greece","Germany (incl. German Democratic Republic 'DD' from 1991)","Total","EXPORT","Total","Jan.-Dec. 2024","VALUE_IN_EUR_MIRROR",3191025257
"Greece","Denmark","Total","IMPORT","Total","Jan.-Dec. 2025","VALUE_IN_EUR",649734994
"Greece","Denmark","Total","IMPORT","Total","Jan.-Dec. 2024","VALUE_IN_EUR",660104327
"Greece","Denmark","Total","IMPORT","Total","Jan.-Dec. 2024","VALUE_IN_EUR_MIRROR",562250895
"Greece","Denmark","Total","EXPORT","Total","Jan.-Dec. 2025","VALUE_IN_EUR",426106159
"Greece","Denmark","Total","EXPORT","Total","Jan.-Dec. 2024","VALUE_IN_EUR",276162240
"Greece","Denmark","Total","EXPORT","Total","Jan.-Dec. 2024","VALUE_IN_EUR_MIRROR",196834769
"Greece","Estonia","Total","IMPORT","Total","Jan.-Dec. 2025","VALUE_IN_EUR",33380461
"Greece","Estonia","Total","IMPORT","Total","Jan.-Dec. 2025","VALUE_IN_EUR_MIRROR",34510774
"Greece","Estonia","Total","IMPORT","Total","Jan.-Dec. 2024","VALUE_IN_EUR",33894646
"Greece","Estonia","Total","IMPORT","Total","Jan.-Dec. 2024","VALUE_IN_EUR_MIRROR",32701317
"Greece","Estonia","Total","EXPORT","Total","Jan.-Dec. 2025","VALUE_IN_EUR",67320097
"Greece","Estonia","Total","EXPORT","Total","Jan.-Dec. 2025","VALUE_IN_EUR_MIRROR",51384712
"Greece","Estonia","Total","EXPORT","Total","Jan.-Dec. 2024","VALUE_IN_EUR",76019582
"Greece","Estonia","Total","EXPORT","Total","Jan.-Dec. 2024","VALUE_IN_EUR_MIRROR",41468361
"Greece","Spain (incl. Canary Islands 'XB' from 1997)","Total","IMPORT","Total","Jan.-Dec. 2025","VALUE_IN_EUR",3427083277
"Greece","Spain (incl. Canary Islands 'XB' from 1997)","Total","IMPORT","Total","Jan.-Dec. 2025","VALUE_IN_EUR_MIRROR",3632020456
"Greece","Spain (incl. Canary Islands 'XB' from 1997)","Total","IMPORT","Total","Jan.-Dec. 2024","VALUE_IN_EUR",3210106254
"Greece","Spain (incl. Canary Islands 'XB' from 1997)","Total","IMPORT","Total","Jan.-Dec. 2024","VALUE_IN_EUR_MIRROR",3497368441
"Greece","Spain (incl. Canary Islands 'XB' from 1997)","Total","EXPORT","Total","Jan.-Dec. 2025","VALUE_IN_EUR",1643316802
"Greece","Spain (incl. Canary Islands 'XB' from 1997)","Total","EXPORT","Total","Jan.-Dec. 2025","VALUE_IN_EUR_MIRROR",1479153796
"Greece","Spain (incl. Canary Islands 'XB' from 1997)","Total","EXPORT","Total","Jan.-Dec. 2024","VALUE_IN_EUR",1571710447
"Greece","Spain (incl. Canary Islands 'XB' from 1997)","Total","EXPORT","Total","Jan.-Dec. 2024","VALUE_IN_EUR_MIRROR",1545310032
"Greece","Finland","Total","IMPORT","Total","Jan.-Dec. 2025","VALUE_IN_EUR",236130223
"Greece","Finland","Total","IMPORT","Total","Jan.-Dec. 2024","VALUE_IN_EUR",220253128
"Greece","Finland","Total","IMPORT","Total","Jan.-Dec. 2024","VALUE_IN_EUR_MIRROR",267771087
"Greece","Finland","Total","EXPORT","Total","Jan.-Dec. 2025","VALUE_IN_EUR",143822471
"Greece","Finland","Total","EXPORT","Total","Jan.-Dec. 2024","VALUE_IN_EUR",156464759
"Greece","Finland","Total","EXPORT","Total","Jan.-Dec. 2024","VALUE_IN_EUR_MIRROR",99260598
"Greece","France (incl. Saint Barthélemy 'BL' -> 2012; incl. French Guiana 'GF', Guadeloupe 'GP', Martinique 'MQ', Réunion 'RE' from 1997; incl. Mayotte 'YT' from 2014)","Total","IMPORT","Total","Jan.-Dec. 2025","VALUE_IN_EUR",4072049932
"Greece","France (incl. Saint Barthélemy 'BL' -> 2012; incl. French Guiana 'GF', Guadeloupe 'GP', Martinique 'MQ', Réunion 'RE' from 1997; incl. Mayotte 'YT' from 2014)","Total","IMPORT","Total","Jan.-Dec. 2024","VALUE_IN_EUR",4013211793
"Greece","France (incl. Saint Barthélemy 'BL' -> 2012; incl. French Guiana 'GF', Guadeloupe 'GP', Martinique 'MQ', Réunion 'RE' from 1997; incl. Mayotte 'YT' from 2014)","Total","IMPORT","Total","Jan.-Dec. 2024","VALUE_IN_EUR_MIRROR",4164035283
"Greece","France (incl. Saint Barthélemy 'BL' -> 2012; incl. French Guiana 'GF', Guadeloupe 'GP', Martinique 'MQ', Réunion 'RE' from 1997; incl. Mayotte 'YT' from 2014)","Total","EXPORT","Total","Jan.-Dec. 2025","VALUE_IN_EUR",1538779240
"Greece","France (incl. Saint Barthélemy 'BL' -> 2012; incl. French Guiana 'GF', Guadeloupe 'GP', Martinique 'MQ', Réunion 'RE' from 1997; incl. Mayotte 'YT' from 2014)","Total","EXPORT","Total","Jan.-Dec. 2024","VALUE_IN_EUR",1467487418
"Greece","France (incl. Saint Barthélemy 'BL' -> 2012; incl. French Guiana 'GF', Guadeloupe 'GP', Martinique 'MQ', Réunion 'RE' from 1997; incl. Mayotte 'YT' from 2014)","Total","EXPORT","Total","Jan.-Dec. 2024","VALUE_IN_EUR_MIRROR",1157445606
"Greece","Croatia","Total","IMPORT","Total","Jan.-Dec. 2025","VALUE_IN_EUR",172694286
"Greece","Croatia","Total","IMPORT","Total","Jan.-Dec. 2024","VALUE_IN_EUR",143452535
"Greece","Croatia","Total","IMPORT","Total","Jan.-Dec. 2024","VALUE_IN_EUR_MIRROR",161714660
"Greece","Croatia","Total","EXPORT","Total","Jan.-Dec. 2025","VALUE_IN_EUR",526297736
"Greece","Croatia","Total","EXPORT","Total","Jan.-Dec. 2024","VALUE_IN_EUR",392353763
"Greece","Croatia","Total","EXPORT","Total","Jan.-Dec. 2024","VALUE_IN_EUR_MIRROR",423680355
"Greece","Hungary","Total","IMPORT","Total","Jan.-Dec. 2025","VALUE_IN_EUR",903208203
"Greece","Hungary","Total","IMPORT","Total","Jan.-Dec. 2025","VALUE_IN_EUR_MIRROR",955420631
"Greece","Hungary","Total","IMPORT","Total","Jan.-Dec. 2024","VALUE_IN_EUR",806107601
"Greece","Hungary","Total","IMPORT","Total","Jan.-Dec. 2024","VALUE_IN_EUR_MIRROR",815915407
"Greece","Hungary","Total","EXPORT","Total","Jan.-Dec. 2025","VALUE_IN_EUR",297139874
"Greece","Hungary","Total","EXPORT","Total","Jan.-Dec. 2025","VALUE_IN_EUR_MIRROR",258559052
"Greece","Hungary","Total","EXPORT","Total","Jan.-Dec. 2024","VALUE_IN_EUR",325611575
"Greece","Hungary","Total","EXPORT","Total","Jan.-Dec. 2024","VALUE_IN_EUR_MIRROR",200903560
"Greece","Ireland (Eire)","Total","IMPORT","Total","Jan.-Dec. 2025","VALUE_IN_EUR",542717209
"Greece","Ireland (Eire)","Total","IMPORT","Total","Jan.-Dec. 2025","VALUE_IN_EUR_MIRROR",421099696
"Greece","Ireland (Eire)","Total","IMPORT","Total","Jan.-Dec. 2024","VALUE_IN_EUR",609500352
"Greece","Ireland (Eire)","Total","IMPORT","Total","Jan.-Dec. 2024","VALUE_IN_EUR_MIRROR",490288256
"Greece","Ireland (Eire)","Total","EXPORT","Total","Jan.-Dec. 2025","VALUE_IN_EUR",320811918
"Greece","Ireland (Eire)","Total","EXPORT","Total","Jan.-Dec. 2025","VALUE_IN_EUR_MIRROR",171665125
"Greece","Ireland (Eire)","Total","EXPORT","Total","Jan.-Dec. 2024","VALUE_IN_EUR",323977283
"Greece","Ireland (Eire)","Total","EXPORT","Total","Jan.-Dec. 2024","VALUE_IN_EUR_MIRROR",166997171
"Greece","Italy (incl. San Marino 'SM' -> 1993)","Total","IMPORT","Total","Jan.-Dec. 2025","VALUE_IN_EUR",7401940776
"Greece","Italy (incl. San Marino 'SM' -> 1993)","Total","IMPORT","Total","Jan.-Dec. 2024","VALUE_IN_EUR",7538086391
"Greece","Italy (incl. San Marino 'SM' -> 1993)","Total","IMPORT","Total","Jan.-Dec. 2024","VALUE_IN_EUR_MIRROR",7256839205
"Greece","Italy (incl. San Marino 'SM' -> 1993)","Total","EXPORT","Total","Jan.-Dec. 2025","VALUE_IN_EUR",4430509129
"Greece","Italy (incl. San Marino 'SM' -> 1993)","Total","EXPORT","Total","Jan.-Dec. 2024","VALUE_IN_EUR",5284625842
"Greece","Italy (incl. San Marino 'SM' -> 1993)","Total","EXPORT","Total","Jan.-Dec. 2024","VALUE_IN_EUR_MIRROR",4852695269
"Greece","Lithuania","Total","IMPORT","Total","Jan.-Dec. 2025","VALUE_IN_EUR",115957859
"Greece","Lithuania","Total","IMPORT","Total","Jan.-Dec. 2025","VALUE_IN_EUR_MIRROR",134162007
"Greece","Lithuania","Total","IMPORT","Total","Jan.-Dec. 2024","VALUE_IN_EUR",105972308
"Greece","Lithuania","Total","IMPORT","Total","Jan.-Dec. 2024","VALUE_IN_EUR_MIRROR",128045261
"Greece","Lithuania","Total","EXPORT","Total","Jan.-Dec. 2025","VALUE_IN_EUR",76796860
"Greece","Lithuania","Total","EXPORT","Total","Jan.-Dec. 2025","VALUE_IN_EUR_MIRROR",67668033
"Greece","Lithuania","Total","EXPORT","Total","Jan.-Dec. 2024","VALUE_IN_EUR",75954994
"Greece","Lithuania","Total","EXPORT","Total","Jan.-Dec. 2024","VALUE_IN_EUR_MIRROR",58761334
"Greece","Luxembourg","Total","IMPORT","Total","Jan.-Dec. 2025","VALUE_IN_EUR",86917978
"Greece","Luxembourg","Total","IMPORT","Total","Jan.-Dec. 2024","VALUE_IN_EUR",60499840
"Greece","Luxembourg","Total","IMPORT","Total","Jan.-Dec. 2024","VALUE_IN_EUR_MIRROR",39462921
"Greece","Luxembourg","Total","EXPORT","Total","Jan.-Dec. 2025","VALUE_IN_EUR",35721353
"Greece","Luxembourg","Total","EXPORT","Total","Jan.-Dec. 2024","VALUE_IN_EUR",56506600
"Greece","Luxembourg","Total","EXPORT","Total","Jan.-Dec. 2024","VALUE_IN_EUR_MIRROR",14892772
"Greece","Latvia","Total","IMPORT","Total","Jan.-Dec. 2025","VALUE_IN_EUR",51610352
"Greece","Latvia","Total","IMPORT","Total","Jan.-Dec. 2025","VALUE_IN_EUR_MIRROR",46508569
"Greece","Latvia","Total","IMPORT","Total","Jan.-Dec. 2024","VALUE_IN_EUR",37063586
"Greece","Latvia","Total","IMPORT","Total","Jan.-Dec. 2024","VALUE_IN_EUR_MIRROR",36711442
"Greece","Latvia","Total","EXPORT","Total","Jan.-Dec. 2025","VALUE_IN_EUR",49508976
"Greece","Latvia","Total","EXPORT","Total","Jan.-Dec. 2025","VALUE_IN_EUR_MIRROR",35279787
"Greece","Latvia","Total","EXPORT","Total","Jan.-Dec. 2024","VALUE_IN_EUR",45318181
"Greece","Latvia","Total","EXPORT","Total","Jan.-Dec. 2024","VALUE_IN_EUR_MIRROR",37807040
"Greece","Malta","Total","IMPORT","Total","Jan.-Dec. 2025","VALUE_IN_EUR",193581529
"Greece","Malta","Total","IMPORT","Total","Jan.-Dec. 2024","VALUE_IN_EUR",328051638
"Greece","Malta","Total","IMPORT","Total","Jan.-Dec. 2024","VALUE_IN_EUR_MIRROR",137662264
"Greece","Malta","Total","EXPORT","Total","Jan.-Dec. 2025","VALUE_IN_EUR",444410992
"Greece","Malta","Total","EXPORT","Total","Jan.-Dec. 2024","VALUE_IN_EUR",502580474
"Greece","Malta","Total","EXPORT","Total","Jan.-Dec. 2024","VALUE_IN_EUR_MIRROR",192692652
"Greece","Netherlands","Total","IMPORT","Total","Jan.-Dec. 2025","VALUE_IN_EUR",5079235951
"Greece","Netherlands","Total","IMPORT","Total","Jan.-Dec. 2024","VALUE_IN_EUR",4882004343
"Greece","Netherlands","Total","IMPORT","Total","Jan.-Dec. 2024","VALUE_IN_EUR_MIRROR",4642242446
"Greece","Netherlands","Total","EXPORT","Total","Jan.-Dec. 2025","VALUE_IN_EUR",1354982938
"Greece","Netherlands","Total","EXPORT","Total","Jan.-Dec. 2024","VALUE_IN_EUR",1176408445
"Greece","Netherlands","Total","EXPORT","Total","Jan.-Dec. 2024","VALUE_IN_EUR_MIRROR",944089107
"Greece","Poland","Total","IMPORT","Total","Jan.-Dec. 2025","VALUE_IN_EUR",1799066963
"Greece","Poland","Total","IMPORT","Total","Jan.-Dec. 2024","VALUE_IN_EUR",1686325429
"Greece","Poland","Total","IMPORT","Total","Jan.-Dec. 2024","VALUE_IN_EUR_MIRROR",1826497845
"Greece","Poland","Total","EXPORT","Total","Jan.-Dec. 2025","VALUE_IN_EUR",1221647646
"Greece","Poland","Total","EXPORT","Total","Jan.-Dec. 2024","VALUE_IN_EUR",1158904705
"Greece","Poland","Total","EXPORT","Total","Jan.-Dec. 2024","VALUE_IN_EUR_MIRROR",907766335
"Greece","Portugal","Total","IMPORT","Total","Jan.-Dec. 2025","VALUE_IN_EUR",157200602
"Greece","Portugal","Total","IMPORT","Total","Jan.-Dec. 2025","VALUE_IN_EUR_MIRROR",237875865
"Greece","Portugal","Total","IMPORT","Total","Jan.-Dec. 2024","VALUE_IN_EUR",183802039
"Greece","Portugal","Total","IMPORT","Total","Jan.-Dec. 2024","VALUE_IN_EUR_MIRROR",253574927
"Greece","Portugal","Total","EXPORT","Total","Jan.-Dec. 2025","VALUE_IN_EUR",305934471
"Greece","Portugal","Total","EXPORT","Total","Jan.-Dec. 2025","VALUE_IN_EUR_MIRROR",221354766
"Greece","Portugal","Total","EXPORT","Total","Jan.-Dec. 2024","VALUE_IN_EUR",324089418
"Greece","Portugal","Total","EXPORT","Total","Jan.-Dec. 2024","VALUE_IN_EUR_MIRROR",230127257
"Greece","Romania","Total","IMPORT","Total","Jan.-Dec. 2025","VALUE_IN_EUR",1246354248
"Greece","Romania","Total","IMPORT","Total","Jan.-Dec. 2024","VALUE_IN_EUR",1172230978
"Greece","Romania","Total","IMPORT","Total","Jan.-Dec. 2024","VALUE_IN_EUR_MIRROR",1238227935
"Greece","Romania","Total","EXPORT","Total","Jan.-Dec. 2025","VALUE_IN_EUR",2080169650
"Greece","Romania","Total","EXPORT","Total","Jan.-Dec. 2024","VALUE_IN_EUR",1823411327
"Greece","Romania","Total","EXPORT","Total","Jan.-Dec. 2024","VALUE_IN_EUR_MIRROR",1984975576
"Greece","Sweden","Total","IMPORT","Total","Jan.-Dec. 2025","VALUE_IN_EUR",665658828
"Greece","Sweden","Total","IMPORT","Total","Jan.-Dec. 2024","VALUE_IN_EUR",639731504
"Greece","Sweden","Total","IMPORT","Total","Jan.-Dec. 2024","VALUE_IN_EUR_MIRROR",531287725
"Greece","Sweden","Total","EXPORT","Total","Jan.-Dec. 2025","VALUE_IN_EUR",362806859
"Greece","Sweden","Total","EXPORT","Total","Jan.-Dec. 2024","VALUE_IN_EUR",330781928
"Greece","Sweden","Total","EXPORT","Total","Jan.-Dec. 2024","VALUE_IN_EUR_MIRROR",213693518
"Greece","Slovenia","Total","IMPORT","Total","Jan.-Dec. 2025","VALUE_IN_EUR",274383169
"Greece","Slovenia","Total","IMPORT","Total","Jan.-Dec. 2024","VALUE_IN_EUR",288265298
"Greece","Slovenia","Total","IMPORT","Total","Jan.-Dec. 2024","VALUE_IN_EUR_MIRROR",242554494
"Greece","Slovenia","Total","EXPORT","Total","Jan.-Dec. 2025","VALUE_IN_EUR",319680050
"Greece","Slovenia","Total","EXPORT","Total","Jan.-Dec. 2024","VALUE_IN_EUR",469790787
"Greece","Slovenia","Total","EXPORT","Total","Jan.-Dec. 2024","VALUE_IN_EUR_MIRROR",363405430
"Greece","Slovakia","Total","IMPORT","Total","Jan.-Dec. 2025","VALUE_IN_EUR",283706128
"Greece","Slovakia","Total","IMPORT","Total","Jan.-Dec. 2024","VALUE_IN_EUR",255763174
"Greece","Slovakia","Total","IMPORT","Total","Jan.-Dec. 2024","VALUE_IN_EUR_MIRROR",308779079
"Greece","Slovakia","Total","EXPORT","Total","Jan.-Dec. 2025","VALUE_IN_EUR",164752841
"Greece","Slovakia","Total","EXPORT","Total","Jan.-Dec. 2024","VALUE_IN_EUR",253809811
"Greece","Slovakia","Total","EXPORT","Total","Jan.-Dec. 2024","VALUE_IN_EUR_MIRROR",221972776
"Croatia","Austria","Total","IMPORT","Total","Jan.-Dec. 2024","VALUE_IN_EUR",2261740516
"Croatia","Austria","Total","IMPORT","Total","Jan.-Dec. 2024","VALUE_IN_EUR_MIRROR",2003887404
"Croatia","Austria","Total","EXPORT","Total","Jan.-Dec. 2024","VALUE_IN_EUR",1217665219
"Croatia","Austria","Total","EXPORT","Total","Jan.-Dec. 2024","VALUE_IN_EUR_MIRROR",1056761354
"Croatia","Belgium (incl. Luxembourg 'LU' -> 1998)","Total","IMPORT","Total","Jan.-Dec. 2024","VALUE_IN_EUR",677924474
"Croatia","Belgium (incl. Luxembourg 'LU' -> 1998)","Total","IMPORT","Total","Jan.-Dec. 2024","VALUE_IN_EUR_MIRROR",695684113
"Croatia","Belgium (incl. Luxembourg 'LU' -> 1998)","Total","EXPORT","Total","Jan.-Dec. 2024","VALUE_IN_EUR",270499196
"Croatia","Belgium (incl. Luxembourg 'LU' -> 1998)","Total","EXPORT","Total","Jan.-Dec. 2024","VALUE_IN_EUR_MIRROR",214686684
"Croatia","Bulgaria","Total","IMPORT","Total","Jan.-Dec. 2024","VALUE_IN_EUR",540608904
"Croatia","Bulgaria","Total","IMPORT","Total","Jan.-Dec. 2024","VALUE_IN_EUR_MIRROR",509572004
"Croatia","Bulgaria","Total","EXPORT","Total","Jan.-Dec. 2024","VALUE_IN_EUR",192384458
"Croatia","Bulgaria","Total","EXPORT","Total","Jan.-Dec. 2024","VALUE_IN_EUR_MIRROR",167765497
"Croatia","Cyprus","Total","IMPORT","Total","Jan.-Dec. 2024","VALUE_IN_EUR",18222079
"Croatia","Cyprus","Total","IMPORT","Total","Jan.-Dec. 2024","VALUE_IN_EUR_MIRROR",8013827
"Croatia","Cyprus","Total","EXPORT","Total","Jan.-Dec. 2024","VALUE_IN_EUR",26823522
"Croatia","Cyprus","Total","EXPORT","Total","Jan.-Dec. 2024","VALUE_IN_EUR_MIRROR",27074692
"Croatia","Czechia","Total","IMPORT","Total","Jan.-Dec. 2025","VALUE_IN_EUR_MIRROR",1156429642
"Croatia","Czechia","Total","IMPORT","Total","Jan.-Dec. 2024","VALUE_IN_EUR",1024252658
"Croatia","Czechia","Total","IMPORT","Total","Jan.-Dec. 2024","VALUE_IN_EUR_MIRROR",1025896174
"Croatia","Czechia","Total","EXPORT","Total","Jan.-Dec. 2025","VALUE_IN_EUR_MIRROR",422879583
"Croatia","Czechia","Total","EXPORT","Total","Jan.-Dec. 2024","VALUE_IN_EUR",386731358
"Croatia","Czechia","Total","EXPORT","Total","Jan.-Dec. 2024","VALUE_IN_EUR_MIRROR",373901326
"Croatia","Germany (incl. German Democratic Republic 'DD' from 1991)","Total","IMPORT","Total","Jan.-Dec. 2024","VALUE_IN_EUR",6169463356
"Croatia","Germany (incl. German Democratic Republic 'DD' from 1991)","Total","IMPORT","Total","Jan.-Dec. 2024","VALUE_IN_EUR_MIRROR",5636483770
"Croatia","Germany (incl. German Democratic Republic 'DD' from 1991)","Total","EXPORT","Total","Jan.-Dec. 2024","VALUE_IN_EUR",2868124985
"Croatia","Germany (incl. German Democratic Republic 'DD' from 1991)","Total","EXPORT","Total","Jan.-Dec. 2024","VALUE_IN_EUR_MIRROR",2417083694
"Croatia","Denmark","Total","IMPORT","Total","Jan.-Dec. 2024","VALUE_IN_EUR",312192889
"Croatia","Denmark","Total","IMPORT","Total","Jan.-Dec. 2024","VALUE_IN_EUR_MIRROR",218256212
"Croatia","Denmark","Total","EXPORT","Total","Jan.-Dec. 2024","VALUE_IN_EUR",146139033
"Croatia","Denmark","Total","EXPORT","Total","Jan.-Dec. 2024","VALUE_IN_EUR_MIRROR",98971804
"Croatia","Estonia","Total","IMPORT","Total","Jan.-Dec. 2025","VALUE_IN_EUR_MIRROR",21777908
"Croatia","Estonia","Total","IMPORT","Total","Jan.-Dec. 2024","VALUE_IN_EUR",29458908
"Croatia","Estonia","Total","IMPORT","Total","Jan.-Dec. 2024","VALUE_IN_EUR_MIRROR",22130923
"Croatia","Estonia","Total","EXPORT","Total","Jan.-Dec. 2025","VALUE_IN_EUR_MIRROR",19940755
"Croatia","Estonia","Total","EXPORT","Total","Jan.-Dec. 2024","VALUE_IN_EUR",11468560
"Croatia","Estonia","Total","EXPORT","Total","Jan.-Dec. 2024","VALUE_IN_EUR_MIRROR",13428404
"Croatia","Spain (incl. Canary Islands 'XB' from 1997)","Total","IMPORT","Total","Jan.-Dec. 2025","VALUE_IN_EUR_MIRROR",955470584
"Croatia","Spain (incl. Canary Islands 'XB' from 1997)","Total","IMPORT","Total","Jan.-Dec. 2024","VALUE_IN_EUR",1033319827
"Croatia","Spain (incl. Canary Islands 'XB' from 1997)","Total","IMPORT","Total","Jan.-Dec. 2024","VALUE_IN_EUR_MIRROR",965658403
"Croatia","Spain (incl. Canary Islands 'XB' from 1997)","Total","EXPORT","Total","Jan.-Dec. 2025","VALUE_IN_EUR_MIRROR",334658431
"Croatia","Spain (incl. Canary Islands 'XB' from 1997)","Total","EXPORT","Total","Jan.-Dec. 2024","VALUE_IN_EUR",417826709
"Croatia","Spain (incl. Canary Islands 'XB' from 1997)","Total","EXPORT","Total","Jan.-Dec. 2024","VALUE_IN_EUR_MIRROR",364152777
"Croatia","Finland","Total","IMPORT","Total","Jan.-Dec. 2024","VALUE_IN_EUR",66428396
"Croatia","Finland","Total","IMPORT","Total","Jan.-Dec. 2024","VALUE_IN_EUR_MIRROR",48807622
"Croatia","Finland","Total","EXPORT","Total","Jan.-Dec. 2024","VALUE_IN_EUR",51112922
"Croatia","Finland","Total","EXPORT","Total","Jan.-Dec. 2024","VALUE_IN_EUR_MIRROR",44460453
"Croatia","France (incl. Saint Barthélemy 'BL' -> 2012; incl. French Guiana 'GF', Guadeloupe 'GP', Martinique 'MQ', Réunion 'RE' from 1997; incl. Mayotte 'YT' from 2014)","Total","IMPORT","Total","Jan.-Dec. 2024","VALUE_IN_EUR",1697096521
"Croatia","France (incl. Saint Barthélemy 'BL' -> 2012; incl. French Guiana 'GF', Guadeloupe 'GP', Martinique 'MQ', Réunion 'RE' from 1997; incl. Mayotte 'YT' from 2014)","Total","IMPORT","Total","Jan.-Dec. 2024","VALUE_IN_EUR_MIRROR",1019554644
"Croatia","France (incl. Saint Barthélemy 'BL' -> 2012; incl. French Guiana 'GF', Guadeloupe 'GP', Martinique 'MQ', Réunion 'RE' from 1997; incl. Mayotte 'YT' from 2014)","Total","EXPORT","Total","Jan.-Dec. 2024","VALUE_IN_EUR",568924397
"Croatia","France (incl. Saint Barthélemy 'BL' -> 2012; incl. French Guiana 'GF', Guadeloupe 'GP', Martinique 'MQ', Réunion 'RE' from 1997; incl. Mayotte 'YT' from 2014)","Total","EXPORT","Total","Jan.-Dec. 2024","VALUE_IN_EUR_MIRROR",481432056
"Croatia","Greece","Total","IMPORT","Total","Jan.-Dec. 2025","VALUE_IN_EUR_MIRROR",526297736
"Croatia","Greece","Total","IMPORT","Total","Jan.-Dec. 2024","VALUE_IN_EUR",423680355
"Croatia","Greece","Total","IMPORT","Total","Jan.-Dec. 2024","VALUE_IN_EUR_MIRROR",392353763
"Croatia","Greece","Total","EXPORT","Total","Jan.-Dec. 2025","VALUE_IN_EUR_MIRROR",172694286
"Croatia","Greece","Total","EXPORT","Total","Jan.-Dec. 2024","VALUE_IN_EUR",161714660
"Croatia","Greece","Total","EXPORT","Total","Jan.-Dec. 2024","VALUE_IN_EUR_MIRROR",143452535
"Croatia","Hungary","Total","IMPORT","Total","Jan.-Dec. 2025","VALUE_IN_EUR_MIRROR",2964195870
"Croatia","Hungary","Total","IMPORT","Total","Jan.-Dec. 2024","VALUE_IN_EUR",2801736776
"Croatia","Hungary","Total","IMPORT","Total","Jan.-Dec. 2024","VALUE_IN_EUR_MIRROR",2712400954
"Croatia","Hungary","Total","EXPORT","Total","Jan.-Dec. 2025","VALUE_IN_EUR_MIRROR",961995368
"Croatia","Hungary","Total","EXPORT","Total","Jan.-Dec. 2024","VALUE_IN_EUR",1486114319
"Croatia","Hungary","Total","EXPORT","Total","Jan.-Dec. 2024","VALUE_IN_EUR_MIRROR",1243474398
"Croatia","Ireland (Eire)","Total","IMPORT","Total","Jan.-Dec. 2025","VALUE_IN_EUR_MIRROR",96953767
"Croatia","Ireland (Eire)","Total","IMPORT","Total","Jan.-Dec. 2024","VALUE_IN_EUR",312131129
"Croatia","Ireland (Eire)","Total","IMPORT","Total","Jan.-Dec. 2024","VALUE_IN_EUR_MIRROR",132342962
"Croatia","Ireland (Eire)","Total","EXPORT","Total","Jan.-Dec. 2025","VALUE_IN_EUR_MIRROR",37158763
"Croatia","Ireland (Eire)","Total","EXPORT","Total","Jan.-Dec. 2024","VALUE_IN_EUR",93049931
"Croatia","Ireland (Eire)","Total","EXPORT","Total","Jan.-Dec. 2024","VALUE_IN_EUR_MIRROR",32945856
"Croatia","Italy (incl. San Marino 'SM' -> 1993)","Total","IMPORT","Total","Jan.-Dec. 2024","VALUE_IN_EUR",5673264969
"Croatia","Italy (incl. San Marino 'SM' -> 1993)","Total","IMPORT","Total","Jan.-Dec. 2024","VALUE_IN_EUR_MIRROR",5583744542
"Croatia","Italy (incl. San Marino 'SM' -> 1993)","Total","EXPORT","Total","Jan.-Dec. 2024","VALUE_IN_EUR",2742233541
"Croatia","Italy (incl. San Marino 'SM' -> 1993)","Total","EXPORT","Total","Jan.-Dec. 2024","VALUE_IN_EUR_MIRROR",2643515638
"Croatia","Lithuania","Total","IMPORT","Total","Jan.-Dec. 2025","VALUE_IN_EUR_MIRROR",96248324
"Croatia","Lithuania","Total","IMPORT","Total","Jan.-Dec. 2024","VALUE_IN_EUR",77931761
"Croatia","Lithuania","Total","IMPORT","Total","Jan.-Dec. 2024","VALUE_IN_EUR_MIRROR",73723583
"Croatia","Lithuania","Total","EXPORT","Total","Jan.-Dec. 2025","VALUE_IN_EUR_MIRROR",142739486
"Croatia","Lithuania","Total","EXPORT","Total","Jan.-Dec. 2024","VALUE_IN_EUR",82649753
"Croatia","Lithuania","Total","EXPORT","Total","Jan.-Dec. 2024","VALUE_IN_EUR_MIRROR",120386409
"Croatia","Luxembourg","Total","IMPORT","Total","Jan.-Dec. 2024","VALUE_IN_EUR",36593396
"Croatia","Luxembourg","Total","IMPORT","Total","Jan.-Dec. 2024","VALUE_IN_EUR_MIRROR",14023967
"Croatia","Luxembourg","Total","EXPORT","Total","Jan.-Dec. 2024","VALUE_IN_EUR",13150428
"Croatia","Luxembourg","Total","EXPORT","Total","Jan.-Dec. 2024","VALUE_IN_EUR_MIRROR",13213475
"Croatia","Latvia","Total","IMPORT","Total","Jan.-Dec. 2025","VALUE_IN_EUR_MIRROR",25409335
"Croatia","Latvia","Total","IMPORT","Total","Jan.-Dec. 2024","VALUE_IN_EUR",17207101
"Croatia","Latvia","Total","IMPORT","Total","Jan.-Dec. 2024","VALUE_IN_EUR_MIRROR",21498889
"Croatia","Latvia","Total","EXPORT","Total","Jan.-Dec. 2025","VALUE_IN_EUR_MIRROR",31559004
"Croatia","Latvia","Total","EXPORT","Total","Jan.-Dec. 2024","VALUE_IN_EUR",38207772
"Croatia","Latvia","Total","EXPORT","Total","Jan.-Dec. 2024","VALUE_IN_EUR_MIRROR",31898595
"Croatia","Malta","Total","IMPORT","Total","Jan.-Dec. 2024","VALUE_IN_EUR",5814738
"Croatia","Malta","Total","IMPORT","Total","Jan.-Dec. 2024","VALUE_IN_EUR_MIRROR",2995059
"Croatia","Malta","Total","EXPORT","Total","Jan.-Dec. 2024","VALUE_IN_EUR",110460500
"Croatia","Malta","Total","EXPORT","Total","Jan.-Dec. 2024","VALUE_IN_EUR_MIRROR",91726736
"Croatia","Netherlands","Total","IMPORT","Total","Jan.-Dec. 2024","VALUE_IN_EUR",1771872210
"Croatia","Netherlands","Total","IMPORT","Total","Jan.-Dec. 2024","VALUE_IN_EUR_MIRROR",1649959082
"Croatia","Netherlands","Total","EXPORT","Total","Jan.-Dec. 2024","VALUE_IN_EUR",404518173
"Croatia","Netherlands","Total","EXPORT","Total","Jan.-Dec. 2024","VALUE_IN_EUR_MIRROR",412026194
"Croatia","Poland","Total","IMPORT","Total","Jan.-Dec. 2024","VALUE_IN_EUR",1739668958
"Croatia","Poland","Total","IMPORT","Total","Jan.-Dec. 2024","VALUE_IN_EUR_MIRROR",1676460958
"Croatia","Poland","Total","EXPORT","Total","Jan.-Dec. 2024","VALUE_IN_EUR",523451139
"Croatia","Poland","Total","EXPORT","Total","Jan.-Dec. 2024","VALUE_IN_EUR_MIRROR",460101752
"Croatia","Portugal","Total","IMPORT","Total","Jan.-Dec. 2025","VALUE_IN_EUR_MIRROR",77040150
"Croatia","Portugal","Total","IMPORT","Total","Jan.-Dec. 2024","VALUE_IN_EUR",59488395
"Croatia","Portugal","Total","IMPORT","Total","Jan.-Dec. 2024","VALUE_IN_EUR_MIRROR",77445554
"Croatia","Portugal","Total","EXPORT","Total","Jan.-Dec. 2025","VALUE_IN_EUR_MIRROR",70343590
"Croatia","Portugal","Total","EXPORT","Total","Jan.-Dec. 2024","VALUE_IN_EUR",89455041
"Croatia","Portugal","Total","EXPORT","Total","Jan.-Dec. 2024","VALUE_IN_EUR_MIRROR",66148264
"Croatia","Romania","Total","IMPORT","Total","Jan.-Dec. 2024","VALUE_IN_EUR",566706368
"Croatia","Romania","Total","IMPORT","Total","Jan.-Dec. 2024","VALUE_IN_EUR_MIRROR",508329007
"Croatia","Romania","Total","EXPORT","Total","Jan.-Dec. 2024","VALUE_IN_EUR",361382144
"Croatia","Romania","Total","EXPORT","Total","Jan.-Dec. 2024","VALUE_IN_EUR_MIRROR",327041902
"Croatia","Sweden","Total","IMPORT","Total","Jan.-Dec. 2024","VALUE_IN_EUR",321947251
"Croatia","Sweden","Total","IMPORT","Total","Jan.-Dec. 2024","VALUE_IN_EUR_MIRROR",255724933
"Croatia","Sweden","Total","EXPORT","Total","Jan.-Dec. 2024","VALUE_IN_EUR",241968043
"Croatia","Sweden","Total","EXPORT","Total","Jan.-Dec. 2024","VALUE_IN_EUR_MIRROR",244476653
"Croatia","Slovenia","Total","IMPORT","Total","Jan.-Dec. 2024","VALUE_IN_EUR",5063802651
"Croatia","Slovenia","Total","IMPORT","Total","Jan.-Dec. 2024","VALUE_IN_EUR_MIRROR",4993337605
"Croatia","Slovenia","Total","EXPORT","Total","Jan.-Dec. 2024","VALUE_IN_EUR",2631258778
"Croatia","Slovenia","Total","EXPORT","Total","Jan.-Dec. 2024","VALUE_IN_EUR_MIRROR",2784664694
"Croatia","Slovakia","Total","IMPORT","Total","Jan.-Dec. 2024","VALUE_IN_EUR",971656417
"Croatia","Slovakia","Total","IMPORT","Total","Jan.-Dec. 2024","VALUE_IN_EUR_MIRROR",979493068
"Croatia","Slovakia","Total","EXPORT","Total","Jan.-Dec. 2024","VALUE_IN_EUR",572567532
"Croatia","Slovakia","Total","EXPORT","Total","Jan.-Dec. 2024","VALUE_IN_EUR_MIRROR",552237604
"Hungary","Austria","Total","IMPORT","Total","Jan.-Dec. 2025","VALUE_IN_EUR",8266972554
"Hungary","Austria","Total","IMPORT","Total","Jan.-Dec. 2024","VALUE_IN_EUR",7989160022
"Hungary","Austria","Total","IMPORT","Total","Jan.-Dec. 2024","VALUE_IN_EUR_MIRROR",6986291466
"Hungary","Austria","Total","EXPORT","Total","Jan.-Dec. 2025","VALUE_IN_EUR",6106965339
"Hungary","Austria","Total","EXPORT","Total","Jan.-Dec. 2024","VALUE_IN_EUR",6105403615
"Hungary","Austria","Total","EXPORT","Total","Jan.-Dec. 2024","VALUE_IN_EUR_MIRROR",5259791693
"Hungary","Belgium (incl. Luxembourg 'LU' -> 1998)","Total","IMPORT","Total","Jan.-Dec. 2025","VALUE_IN_EUR",3061665600
"Hungary","Belgium (incl. Luxembourg 'LU' -> 1998)","Total","IMPORT","Total","Jan.-Dec. 2024","VALUE_IN_EUR",3165806097
"Hungary","Belgium (incl. Luxembourg 'LU' -> 1998)","Total","IMPORT","Total","Jan.-Dec. 2024","VALUE_IN_EUR_MIRROR",3586740783
"Hungary","Belgium (incl. Luxembourg 'LU' -> 1998)","Total","EXPORT","Total","Jan.-Dec. 2025","VALUE_IN_EUR",2398957162
"Hungary","Belgium (incl. Luxembourg 'LU' -> 1998)","Total","EXPORT","Total","Jan.-Dec. 2024","VALUE_IN_EUR",3086865215
"Hungary","Belgium (incl. Luxembourg 'LU' -> 1998)","Total","EXPORT","Total","Jan.-Dec. 2024","VALUE_IN_EUR_MIRROR",2808494099
"Hungary","Bulgaria","Total","IMPORT","Total","Jan.-Dec. 2025","VALUE_IN_EUR",617908568
"Hungary","Bulgaria","Total","IMPORT","Total","Jan.-Dec. 2024","VALUE_IN_EUR",597495744
"Hungary","Bulgaria","Total","IMPORT","Total","Jan.-Dec. 2024","VALUE_IN_EUR_MIRROR",588709651
"Hungary","Bulgaria","Total","EXPORT","Total","Jan.-Dec. 2025","VALUE_IN_EUR",1718381482
"Hungary","Bulgaria","Total","EXPORT","Total","Jan.-Dec. 2024","VALUE_IN_EUR",1729768503
"Hungary","Bulgaria","Total","EXPORT","Total","Jan.-Dec. 2024","VALUE_IN_EUR_MIRROR",1704296563
"Hungary","Cyprus","Total","IMPORT","Total","Jan.-Dec. 2025","VALUE_IN_EUR",40546990
"Hungary","Cyprus","Total","IMPORT","Total","Jan.-Dec. 2024","VALUE_IN_EUR",38417510
"Hungary","Cyprus","Total","IMPORT","Total","Jan.-Dec. 2024","VALUE_IN_EUR_MIRROR",12594336
"Hungary","Cyprus","Total","EXPORT","Total","Jan.-Dec. 2025","VALUE_IN_EUR",68360775
"Hungary","Cyprus","Total","EXPORT","Total","Jan.-Dec. 2024","VALUE_IN_EUR",83516929
"Hungary","Cyprus","Total","EXPORT","Total","Jan.-Dec. 2024","VALUE_IN_EUR_MIRROR",47455827
"Hungary","Czechia","Total","IMPORT","Total","Jan.-Dec. 2025","VALUE_IN_EUR",7254938515
"Hungary","Czechia","Total","IMPORT","Total","Jan.-Dec. 2025","VALUE_IN_EUR_MIRROR",7729926491
"Hungary","Czechia","Total","IMPORT","Total","Jan.-Dec. 2024","VALUE_IN_EUR",7803532945
"Hungary","Czechia","Total","IMPORT","Total","Jan.-Dec. 2024","VALUE_IN_EUR_MIRROR",8423757794
"Hungary","Czechia","Total","EXPORT","Total","Jan.-Dec. 2025","VALUE_IN_EUR",6333579526
"Hungary","Czechia","Total","EXPORT","Total","Jan.-Dec. 2025","VALUE_IN_EUR_MIRROR",6147857824
"Hungary","Czechia","Total","EXPORT","Total","Jan.-Dec. 2024","VALUE_IN_EUR",6315521296
"Hungary","Czechia","Total","EXPORT","Total","Jan.-Dec. 2024","VALUE_IN_EUR_MIRROR",5965277644
"Hungary","Germany (incl. German Democratic Republic 'DD' from 1991)","Total","IMPORT","Total","Jan.-Dec. 2025","VALUE_IN_EUR",29675184482
"Hungary","Germany (incl. German Democratic Republic 'DD' from 1991)","Total","IMPORT","Total","Jan.-Dec. 2024","VALUE_IN_EUR",30072582860
"Hungary","Germany (incl. German Democratic Republic 'DD' from 1991)","Total","IMPORT","Total","Jan.-Dec. 2024","VALUE_IN_EUR_MIRROR",31594475773
"Hungary","Germany (incl. German Democratic Republic 'DD' from 1991)","Total","EXPORT","Total","Jan.-Dec. 2025","VALUE_IN_EUR",36942310595
"Hungary","Germany (incl. German Democratic Republic 'DD' from 1991)","Total","EXPORT","Total","Jan.-Dec. 2024","VALUE_IN_EUR",36491880980
"Hungary","Germany (incl. German Democratic Republic 'DD' from 1991)","Total","EXPORT","Total","Jan.-Dec. 2024","VALUE_IN_EUR_MIRROR",35339853223
"Hungary","Denmark","Total","IMPORT","Total","Jan.-Dec. 2025","VALUE_IN_EUR",872653816
"Hungary","Denmark","Total","IMPORT","Total","Jan.-Dec. 2024","VALUE_IN_EUR",886297199
"Hungary","Denmark","Total","IMPORT","Total","Jan.-Dec. 2024","VALUE_IN_EUR_MIRROR",766521513
"Hungary","Denmark","Total","EXPORT","Total","Jan.-Dec. 2025","VALUE_IN_EUR",1091886071
"Hungary","Denmark","Total","EXPORT","Total","Jan.-Dec. 2024","VALUE_IN_EUR",956367999
"Hungary","Denmark","Total","EXPORT","Total","Jan.-Dec. 2024","VALUE_IN_EUR_MIRROR",716196854
"Hungary","Estonia","Total","IMPORT","Total","Jan.-Dec. 2025","VALUE_IN_EUR",84344610
"Hungary","Estonia","Total","IMPORT","Total","Jan.-Dec. 2025","VALUE_IN_EUR_MIRROR",80117866
"Hungary","Estonia","Total","IMPORT","Total","Jan.-Dec. 2024","VALUE_IN_EUR",72584682
"Hungary","Estonia","Total","IMPORT","Total","Jan.-Dec. 2024","VALUE_IN_EUR_MIRROR",70649917
"Hungary","Estonia","Total","EXPORT","Total","Jan.-Dec. 2025","VALUE_IN_EUR",101629876
"Hungary","Estonia","Total","EXPORT","Total","Jan.-Dec. 2025","VALUE_IN_EUR_MIRROR",98114044
"Hungary","Estonia","Total","EXPORT","Total","Jan.-Dec. 2024","VALUE_IN_EUR",103312323
"Hungary","Estonia","Total","EXPORT","Total","Jan.-Dec. 2024","VALUE_IN_EUR_MIRROR",102754928
"Hungary","Spain (incl. Canary Islands 'XB' from 1997)","Total","IMPORT","Total","Jan.-Dec. 2025","VALUE_IN_EUR",2403667728
"Hungary","Spain (incl. Canary Islands 'XB' from 1997)","Total","IMPORT","Total","Jan.-Dec. 2025","VALUE_IN_EUR_MIRROR",2400876014
"Hungary","Spain (incl. Canary Islands 'XB' from 1997)","Total","IMPORT","Total","Jan.-Dec. 2024","VALUE_IN_EUR",2203052914
"Hungary","Spain (incl. Canary Islands 'XB' from 1997)","Total","IMPORT","Total","Jan.-Dec. 2024","VALUE_IN_EUR_MIRROR",2264282821
"Hungary","Spain (incl. Canary Islands 'XB' from 1997)","Total","EXPORT","Total","Jan.-Dec. 2025","VALUE_IN_EUR",4162547167
"Hungary","Spain (incl. Canary Islands 'XB' from 1997)","Total","EXPORT","Total","Jan.-Dec. 2025","VALUE_IN_EUR_MIRROR",3796521419
"Hungary","Spain (incl. Canary Islands 'XB' from 1997)","Total","EXPORT","Total","Jan.-Dec. 2024","VALUE_IN_EUR",4350757724
"Hungary","Spain (incl. Canary Islands 'XB' from 1997)","Total","EXPORT","Total","Jan.-Dec. 2024","VALUE_IN_EUR_MIRROR",3648993846
"Hungary","Finland","Total","IMPORT","Total","Jan.-Dec. 2025","VALUE_IN_EUR",268677145
"Hungary","Finland","Total","IMPORT","Total","Jan.-Dec. 2024","VALUE_IN_EUR",270961897
"Hungary","Finland","Total","IMPORT","Total","Jan.-Dec. 2024","VALUE_IN_EUR_MIRROR",251322484
"Hungary","Finland","Total","EXPORT","Total","Jan.-Dec. 2025","VALUE_IN_EUR",422541059
"Hungary","Finland","Total","EXPORT","Total","Jan.-Dec. 2024","VALUE_IN_EUR",439228411
"Hungary","Finland","Total","EXPORT","Total","Jan.-Dec. 2024","VALUE_IN_EUR_MIRROR",348400215
"Hungary","France (incl. Saint Barthélemy 'BL' -> 2012; incl. French Guiana 'GF', Guadeloupe 'GP', Martinique 'MQ', Réunion 'RE' from 1997; incl. Mayotte 'YT' from 2014)","Total","IMPORT","Total","Jan.-Dec. 2025","VALUE_IN_EUR",4454596324
"Hungary","France (incl. Saint Barthélemy 'BL' -> 2012; incl. French Guiana 'GF', Guadeloupe 'GP', Martinique 'MQ', Réunion 'RE' from 1997; incl. Mayotte 'YT' from 2014)","Total","IMPORT","Total","Jan.-Dec. 2024","VALUE_IN_EUR",4415655425
"Hungary","France (incl. Saint Barthélemy 'BL' -> 2012; incl. French Guiana 'GF', Guadeloupe 'GP', Martinique 'MQ', Réunion 'RE' from 1997; incl. Mayotte 'YT' from 2014)","Total","IMPORT","Total","Jan.-Dec. 2024","VALUE_IN_EUR_MIRROR",4346555559
"Hungary","France (incl. Saint Barthélemy 'BL' -> 2012; incl. French Guiana 'GF', Guadeloupe 'GP', Martinique 'MQ', Réunion 'RE' from 1997; incl. Mayotte 'YT' from 2014)","Total","EXPORT","Total","Jan.-Dec. 2025","VALUE_IN_EUR",5659478740
"Hungary","France (incl. Saint Barthélemy 'BL' -> 2012; incl. French Guiana 'GF', Guadeloupe 'GP', Martinique 'MQ', Réunion 'RE' from 1997; incl. Mayotte 'YT' from 2014)","Total","EXPORT","Total","Jan.-Dec. 2024","VALUE_IN_EUR",6039129823
"Hungary","France (incl. Saint Barthélemy 'BL' -> 2012; incl. French Guiana 'GF', Guadeloupe 'GP', Martinique 'MQ', Réunion 'RE' from 1997; incl. Mayotte 'YT' from 2014)","Total","EXPORT","Total","Jan.-Dec. 2024","VALUE_IN_EUR_MIRROR",4919251359
"Hungary","Greece","Total","IMPORT","Total","Jan.-Dec. 2025","VALUE_IN_EUR",258559052
"Hungary","Greece","Total","IMPORT","Total","Jan.-Dec. 2025","VALUE_IN_EUR_MIRROR",297139874
"Hungary","Greece","Total","IMPORT","Total","Jan.-Dec. 2024","VALUE_IN_EUR",200903560
"Hungary","Greece","Total","IMPORT","Total","Jan.-Dec. 2024","VALUE_IN_EUR_MIRROR",325611575
"Hungary","Greece","Total","EXPORT","Total","Jan.-Dec. 2025","VALUE_IN_EUR",955420631
"Hungary","Greece","Total","EXPORT","Total","Jan.-Dec. 2025","VALUE_IN_EUR_MIRROR",903208203
"Hungary","Greece","Total","EXPORT","Total","Jan.-Dec. 2024","VALUE_IN_EUR",815915407
"Hungary","Greece","Total","EXPORT","Total","Jan.-Dec. 2024","VALUE_IN_EUR_MIRROR",806107601
"Hungary","Croatia","Total","IMPORT","Total","Jan.-Dec. 2025","VALUE_IN_EUR",961995368
"Hungary","Croatia","Total","IMPORT","Total","Jan.-Dec. 2024","VALUE_IN_EUR",1243474398
"Hungary","Croatia","Total","IMPORT","Total","Jan.-Dec. 2024","VALUE_IN_EUR_MIRROR",1486114319
"Hungary","Croatia","Total","EXPORT","Total","Jan.-Dec. 2025","VALUE_IN_EUR",2964195870
"Hungary","Croatia","Total","EXPORT","Total","Jan.-Dec. 2024","VALUE_IN_EUR",2712400954
"Hungary","Croatia","Total","EXPORT","Total","Jan.-Dec. 2024","VALUE_IN_EUR_MIRROR",2801736776
"Hungary","Ireland (Eire)","Total","IMPORT","Total","Jan.-Dec. 2025","VALUE_IN_EUR",2682155051
"Hungary","Ireland (Eire)","Total","IMPORT","Total","Jan.-Dec. 2025","VALUE_IN_EUR_MIRROR",2370151327
"Hungary","Ireland (Eire)","Total","IMPORT","Total","Jan.-Dec. 2024","VALUE_IN_EUR",1064366670
"Hungary","Ireland (Eire)","Total","IMPORT","Total","Jan.-Dec. 2024","VALUE_IN_EUR_MIRROR",663639052
"Hungary","Ireland (Eire)","Total","EXPORT","Total","Jan.-Dec. 2025","VALUE_IN_EUR",817508746
"Hungary","Ireland (Eire)","Total","EXPORT","Total","Jan.-Dec. 2025","VALUE_IN_EUR_MIRROR",813860621
"Hungary","Ireland (Eire)","Total","EXPORT","Total","Jan.-Dec. 2024","VALUE_IN_EUR",1128287751
"Hungary","Ireland (Eire)","Total","EXPORT","Total","Jan.-Dec. 2024","VALUE_IN_EUR_MIRROR",931903662
"Hungary","Italy (incl. San Marino 'SM' -> 1993)","Total","IMPORT","Total","Jan.-Dec. 2025","VALUE_IN_EUR",5359344570
"Hungary","Italy (incl. San Marino 'SM' -> 1993)","Total","IMPORT","Total","Jan.-Dec. 2024","VALUE_IN_EUR",5372344070
"Hungary","Italy (incl. San Marino 'SM' -> 1993)","Total","IMPORT","Total","Jan.-Dec. 2024","VALUE_IN_EUR_MIRROR",5776943715
"Hungary","Italy (incl. San Marino 'SM' -> 1993)","Total","EXPORT","Total","Jan.-Dec. 2025","VALUE_IN_EUR",7155811016
"Hungary","Italy (incl. San Marino 'SM' -> 1993)","Total","EXPORT","Total","Jan.-Dec. 2024","VALUE_IN_EUR",7358770740
"Hungary","Italy (incl. San Marino 'SM' -> 1993)","Total","EXPORT","Total","Jan.-Dec. 2024","VALUE_IN_EUR_MIRROR",7370964327
"Hungary","Lithuania","Total","IMPORT","Total","Jan.-Dec. 2025","VALUE_IN_EUR",233214993
"Hungary","Lithuania","Total","IMPORT","Total","Jan.-Dec. 2025","VALUE_IN_EUR_MIRROR",304530865
"Hungary","Lithuania","Total","IMPORT","Total","Jan.-Dec. 2024","VALUE_IN_EUR",259804997
"Hungary","Lithuania","Total","IMPORT","Total","Jan.-Dec. 2024","VALUE_IN_EUR_MIRROR",263112400
"Hungary","Lithuania","Total","EXPORT","Total","Jan.-Dec. 2025","VALUE_IN_EUR",311972924
"Hungary","Lithuania","Total","EXPORT","Total","Jan.-Dec. 2025","VALUE_IN_EUR_MIRROR",248167692
"Hungary","Lithuania","Total","EXPORT","Total","Jan.-Dec. 2024","VALUE_IN_EUR",406705636
"Hungary","Lithuania","Total","EXPORT","Total","Jan.-Dec. 2024","VALUE_IN_EUR_MIRROR",233835251
"Hungary","Luxembourg","Total","IMPORT","Total","Jan.-Dec. 2025","VALUE_IN_EUR",156183622
"Hungary","Luxembourg","Total","IMPORT","Total","Jan.-Dec. 2024","VALUE_IN_EUR",134390701
"Hungary","Luxembourg","Total","IMPORT","Total","Jan.-Dec. 2024","VALUE_IN_EUR_MIRROR",106833855
"Hungary","Luxembourg","Total","EXPORT","Total","Jan.-Dec. 2025","VALUE_IN_EUR",149473914
"Hungary","Luxembourg","Total","EXPORT","Total","Jan.-Dec. 2024","VALUE_IN_EUR",310887382
"Hungary","Luxembourg","Total","EXPORT","Total","Jan.-Dec. 2024","VALUE_IN_EUR_MIRROR",135513664
"Hungary","Latvia","Total","IMPORT","Total","Jan.-Dec. 2025","VALUE_IN_EUR",65769881
"Hungary","Latvia","Total","IMPORT","Total","Jan.-Dec. 2025","VALUE_IN_EUR_MIRROR",115230972
"Hungary","Latvia","Total","IMPORT","Total","Jan.-Dec. 2024","VALUE_IN_EUR",64241872
"Hungary","Latvia","Total","IMPORT","Total","Jan.-Dec. 2024","VALUE_IN_EUR_MIRROR",124442468
"Hungary","Latvia","Total","EXPORT","Total","Jan.-Dec. 2025","VALUE_IN_EUR",222429752
"Hungary","Latvia","Total","EXPORT","Total","Jan.-Dec. 2025","VALUE_IN_EUR_MIRROR",191470768
"Hungary","Latvia","Total","EXPORT","Total","Jan.-Dec. 2024","VALUE_IN_EUR",194009991
"Hungary","Latvia","Total","EXPORT","Total","Jan.-Dec. 2024","VALUE_IN_EUR_MIRROR",186721945
"Hungary","Malta","Total","IMPORT","Total","Jan.-Dec. 2025","VALUE_IN_EUR",58300292
"Hungary","Malta","Total","IMPORT","Total","Jan.-Dec. 2024","VALUE_IN_EUR",105735279
"Hungary","Malta","Total","IMPORT","Total","Jan.-Dec. 2024","VALUE_IN_EUR_MIRROR",40668016
"Hungary","Malta","Total","EXPORT","Total","Jan.-Dec. 2025","VALUE_IN_EUR",37337955
"Hungary","Malta","Total","EXPORT","Total","Jan.-Dec. 2024","VALUE_IN_EUR",32826949
"Hungary","Malta","Total","EXPORT","Total","Jan.-Dec. 2024","VALUE_IN_EUR_MIRROR",14869375
"Hungary","Netherlands","Total","IMPORT","Total","Jan.-Dec. 2025","VALUE_IN_EUR",7060956648
"Hungary","Netherlands","Total","IMPORT","Total","Jan.-Dec. 2024","VALUE_IN_EUR",7583488509
"Hungary","Netherlands","Total","IMPORT","Total","Jan.-Dec. 2024","VALUE_IN_EUR_MIRROR",8192233864
"Hungary","Netherlands","Total","EXPORT","Total","Jan.-Dec. 2025","VALUE_IN_EUR",5484381526
"Hungary","Netherlands","Total","EXPORT","Total","Jan.-Dec. 2024","VALUE_IN_EUR",5275185317
"Hungary","Netherlands","Total","EXPORT","Total","Jan.-Dec. 2024","VALUE_IN_EUR_MIRROR",4343495957
"Hungary","Poland","Total","IMPORT","Total","Jan.-Dec. 2025","VALUE_IN_EUR",8405773829
"Hungary","Poland","Total","IMPORT","Total","Jan.-Dec. 2024","VALUE_IN_EUR",8107973669
"Hungary","Poland","Total","IMPORT","Total","Jan.-Dec. 2024","VALUE_IN_EUR_MIRROR",8876473486
"Hungary","Poland","Total","EXPORT","Total","Jan.-Dec. 2025","VALUE_IN_EUR",7285353211
"Hungary","Poland","Total","EXPORT","Total","Jan.-Dec. 2024","VALUE_IN_EUR",7952676506
"Hungary","Poland","Total","EXPORT","Total","Jan.-Dec. 2024","VALUE_IN_EUR_MIRROR",7224466488
"Hungary","Portugal","Total","IMPORT","Total","Jan.-Dec. 2025","VALUE_IN_EUR",346553594
"Hungary","Portugal","Total","IMPORT","Total","Jan.-Dec. 2025","VALUE_IN_EUR_MIRROR",472523078
"Hungary","Portugal","Total","IMPORT","Total","Jan.-Dec. 2024","VALUE_IN_EUR",351890188
"Hungary","Portugal","Total","IMPORT","Total","Jan.-Dec. 2024","VALUE_IN_EUR_MIRROR",416317131
"Hungary","Portugal","Total","EXPORT","Total","Jan.-Dec. 2025","VALUE_IN_EUR",951048278
"Hungary","Portugal","Total","EXPORT","Total","Jan.-Dec. 2025","VALUE_IN_EUR_MIRROR",847843503
"Hungary","Portugal","Total","EXPORT","Total","Jan.-Dec. 2024","VALUE_IN_EUR",708575869
"Hungary","Portugal","Total","EXPORT","Total","Jan.-Dec. 2024","VALUE_IN_EUR_MIRROR",614490915
"Hungary","Romania","Total","IMPORT","Total","Jan.-Dec. 2025","VALUE_IN_EUR",4054322187
"Hungary","Romania","Total","IMPORT","Total","Jan.-Dec. 2024","VALUE_IN_EUR",3613277528
"Hungary","Romania","Total","IMPORT","Total","Jan.-Dec. 2024","VALUE_IN_EUR_MIRROR",4922811743
"Hungary","Romania","Total","EXPORT","Total","Jan.-Dec. 2025","VALUE_IN_EUR",8446021926
"Hungary","Romania","Total","EXPORT","Total","Jan.-Dec. 2024","VALUE_IN_EUR",8116925031
"Hungary","Romania","Total","EXPORT","Total","Jan.-Dec. 2024","VALUE_IN_EUR_MIRROR",8318863511
"Hungary","Sweden","Total","IMPORT","Total","Jan.-Dec. 2025","VALUE_IN_EUR",940294488
"Hungary","Sweden","Total","IMPORT","Total","Jan.-Dec. 2024","VALUE_IN_EUR",867898699
"Hungary","Sweden","Total","IMPORT","Total","Jan.-Dec. 2024","VALUE_IN_EUR_MIRROR",798660403
"Hungary","Sweden","Total","EXPORT","Total","Jan.-Dec. 2025","VALUE_IN_EUR",1656295871
"Hungary","Sweden","Total","EXPORT","Total","Jan.-Dec. 2024","VALUE_IN_EUR",1688624394
"Hungary","Sweden","Total","EXPORT","Total","Jan.-Dec. 2024","VALUE_IN_EUR_MIRROR",1607895864
"Hungary","Slovenia","Total","IMPORT","Total","Jan.-Dec. 2025","VALUE_IN_EUR",2277985562
"Hungary","Slovenia","Total","IMPORT","Total","Jan.-Dec. 2024","VALUE_IN_EUR",2380312279
"Hungary","Slovenia","Total","IMPORT","Total","Jan.-Dec. 2024","VALUE_IN_EUR_MIRROR",2654734517
"Hungary","Slovenia","Total","EXPORT","Total","Jan.-Dec. 2025","VALUE_IN_EUR",2308007245
"Hungary","Slovenia","Total","EXPORT","Total","Jan.-Dec. 2024","VALUE_IN_EUR",2166615978
"Hungary","Slovenia","Total","EXPORT","Total","Jan.-Dec. 2024","VALUE_IN_EUR_MIRROR",2033265589
"Hungary","Slovakia","Total","IMPORT","Total","Jan.-Dec. 2025","VALUE_IN_EUR",8354548956
"Hungary","Slovakia","Total","IMPORT","Total","Jan.-Dec. 2024","VALUE_IN_EUR",7727375953
"Hungary","Slovakia","Total","IMPORT","Total","Jan.-Dec. 2024","VALUE_IN_EUR_MIRROR",8319743309
"Hungary","Slovakia","Total","EXPORT","Total","Jan.-Dec. 2025","VALUE_IN_EUR",6961223210
"Hungary","Slovakia","Total","EXPORT","Total","Jan.-Dec. 2024","VALUE_IN_EUR",6805163544
"Hungary","Slovakia","Total","EXPORT","Total","Jan.-Dec. 2024","VALUE_IN_EUR_MIRROR",6878542640
"Ireland (Eire)","Austria","Total","IMPORT","Total","Jan.-Dec. 2025","VALUE_IN_EUR",491465685
"Ireland (Eire)","Austria","Total","IMPORT","Total","Jan.-Dec. 2024","VALUE_IN_EUR",651563674
"Ireland (Eire)","Austria","Total","IMPORT","Total","Jan.-Dec. 2024","VALUE_IN_EUR_MIRROR",668176621
"Ireland (Eire)","Austria","Total","EXPORT","Total","Jan.-Dec. 2025","VALUE_IN_EUR",488335101
"Ireland (Eire)","Austria","Total","EXPORT","Total","Jan.-Dec. 2024","VALUE_IN_EUR",534022230
"Ireland (Eire)","Austria","Total","EXPORT","Total","Jan.-Dec. 2024","VALUE_IN_EUR_MIRROR",707068380
"Ireland (Eire)","Belgium (incl. Luxembourg 'LU' -> 1998)","Total","IMPORT","Total","Jan.-Dec. 2025","VALUE_IN_EUR",5396473032
"Ireland (Eire)","Belgium (incl. Luxembourg 'LU' -> 1998)","Total","IMPORT","Total","Jan.-Dec. 2024","VALUE_IN_EUR",4363670082
"Ireland (Eire)","Belgium (incl. Luxembourg 'LU' -> 1998)","Total","IMPORT","Total","Jan.-Dec. 2024","VALUE_IN_EUR_MIRROR",5230756362
"Ireland (Eire)","Belgium (incl. Luxembourg 'LU' -> 1998)","Total","EXPORT","Total","Jan.-Dec. 2025","VALUE_IN_EUR",15931684521
"Ireland (Eire)","Belgium (incl. Luxembourg 'LU' -> 1998)","Total","EXPORT","Total","Jan.-Dec. 2024","VALUE_IN_EUR",17079716061
"Ireland (Eire)","Belgium (incl. Luxembourg 'LU' -> 1998)","Total","EXPORT","Total","Jan.-Dec. 2024","VALUE_IN_EUR_MIRROR",18357181328
"Ireland (Eire)","Bulgaria","Total","IMPORT","Total","Jan.-Dec. 2025","VALUE_IN_EUR",107560441
"Ireland (Eire)","Bulgaria","Total","IMPORT","Total","Jan.-Dec. 2024","VALUE_IN_EUR",72727976
"Ireland (Eire)","Bulgaria","Total","IMPORT","Total","Jan.-Dec. 2024","VALUE_IN_EUR_MIRROR",128597902
"Ireland (Eire)","Bulgaria","Total","EXPORT","Total","Jan.-Dec. 2025","VALUE_IN_EUR",184419834
"Ireland (Eire)","Bulgaria","Total","EXPORT","Total","Jan.-Dec. 2024","VALUE_IN_EUR",149668679
"Ireland (Eire)","Bulgaria","Total","EXPORT","Total","Jan.-Dec. 2024","VALUE_IN_EUR_MIRROR",226234338
"Ireland (Eire)","Cyprus","Total","IMPORT","Total","Jan.-Dec. 2025","VALUE_IN_EUR",15384440
"Ireland (Eire)","Cyprus","Total","IMPORT","Total","Jan.-Dec. 2024","VALUE_IN_EUR",17126597
"Ireland (Eire)","Cyprus","Total","IMPORT","Total","Jan.-Dec. 2024","VALUE_IN_EUR_MIRROR",39009515
"Ireland (Eire)","Cyprus","Total","EXPORT","Total","Jan.-Dec. 2025","VALUE_IN_EUR",94495355
"Ireland (Eire)","Cyprus","Total","EXPORT","Total","Jan.-Dec. 2024","VALUE_IN_EUR",94663348
"Ireland (Eire)","Cyprus","Total","EXPORT","Total","Jan.-Dec. 2024","VALUE_IN_EUR_MIRROR",130270705
"Ireland (Eire)","Czechia","Total","IMPORT","Total","Jan.-Dec. 2025","VALUE_IN_EUR",1648823324
"Ireland (Eire)","Czechia","Total","IMPORT","Total","Jan.-Dec. 2025","VALUE_IN_EUR_MIRROR",1379509718
"Ireland (Eire)","Czechia","Total","IMPORT","Total","Jan.-Dec. 2024","VALUE_IN_EUR",1600212857
"Ireland (Eire)","Czechia","Total","IMPORT","Total","Jan.-Dec. 2024","VALUE_IN_EUR_MIRROR",1534427408
"Ireland (Eire)","Czechia","Total","EXPORT","Total","Jan.-Dec. 2025","VALUE_IN_EUR",603276613
"Ireland (Eire)","Czechia","Total","EXPORT","Total","Jan.-Dec. 2025","VALUE_IN_EUR_MIRROR",1764157970
"Ireland (Eire)","Czechia","Total","EXPORT","Total","Jan.-Dec. 2024","VALUE_IN_EUR",513159839
"Ireland (Eire)","Czechia","Total","EXPORT","Total","Jan.-Dec. 2024","VALUE_IN_EUR_MIRROR",1555908457
"Ireland (Eire)","Germany (incl. German Democratic Republic 'DD' from 1991)","Total","IMPORT","Total","Jan.-Dec. 2025","VALUE_IN_EUR",16694718153
"Ireland (Eire)","Germany (incl. German Democratic Republic 'DD' from 1991)","Total","IMPORT","Total","Jan.-Dec. 2024","VALUE_IN_EUR",13814226825
"Ireland (Eire)","Germany (incl. German Democratic Republic 'DD' from 1991)","Total","IMPORT","Total","Jan.-Dec. 2024","VALUE_IN_EUR_MIRROR",9837432681
"Ireland (Eire)","Germany (incl. German Democratic Republic 'DD' from 1991)","Total","EXPORT","Total","Jan.-Dec. 2025","VALUE_IN_EUR",15306500622
"Ireland (Eire)","Germany (incl. German Democratic Republic 'DD' from 1991)","Total","EXPORT","Total","Jan.-Dec. 2024","VALUE_IN_EUR",20087401861
"Ireland (Eire)","Germany (incl. German Democratic Republic 'DD' from 1991)","Total","EXPORT","Total","Jan.-Dec. 2024","VALUE_IN_EUR_MIRROR",24014536705
"Ireland (Eire)","Denmark","Total","IMPORT","Total","Jan.-Dec. 2025","VALUE_IN_EUR",1152322060
"Ireland (Eire)","Denmark","Total","IMPORT","Total","Jan.-Dec. 2024","VALUE_IN_EUR",799432077
"Ireland (Eire)","Denmark","Total","IMPORT","Total","Jan.-Dec. 2024","VALUE_IN_EUR_MIRROR",862238760
"Ireland (Eire)","Denmark","Total","EXPORT","Total","Jan.-Dec. 2025","VALUE_IN_EUR",615242488
"Ireland (Eire)","Denmark","Total","EXPORT","Total","Jan.-Dec. 2024","VALUE_IN_EUR",607487946
"Ireland (Eire)","Denmark","Total","EXPORT","Total","Jan.-Dec. 2024","VALUE_IN_EUR_MIRROR",834715922
"Ireland (Eire)","Estonia","Total","IMPORT","Total","Jan.-Dec. 2025","VALUE_IN_EUR",19139944
"Ireland (Eire)","Estonia","Total","IMPORT","Total","Jan.-Dec. 2025","VALUE_IN_EUR_MIRROR",62732541
"Ireland (Eire)","Estonia","Total","IMPORT","Total","Jan.-Dec. 2024","VALUE_IN_EUR",26593879
"Ireland (Eire)","Estonia","Total","IMPORT","Total","Jan.-Dec. 2024","VALUE_IN_EUR_MIRROR",44267230
"Ireland (Eire)","Estonia","Total","EXPORT","Total","Jan.-Dec. 2025","VALUE_IN_EUR",24859779
"Ireland (Eire)","Estonia","Total","EXPORT","Total","Jan.-Dec. 2025","VALUE_IN_EUR_MIRROR",23957326
"Ireland (Eire)","Estonia","Total","EXPORT","Total","Jan.-Dec. 2024","VALUE_IN_EUR",28060477
"Ireland (Eire)","Estonia","Total","EXPORT","Total","Jan.-Dec. 2024","VALUE_IN_EUR_MIRROR",40301829
"Ireland (Eire)","Spain (incl. Canary Islands 'XB' from 1997)","Total","IMPORT","Total","Jan.-Dec. 2025","VALUE_IN_EUR",2333084170
"Ireland (Eire)","Spain (incl. Canary Islands 'XB' from 1997)","Total","IMPORT","Total","Jan.-Dec. 2025","VALUE_IN_EUR_MIRROR",2967397220
"Ireland (Eire)","Spain (incl. Canary Islands 'XB' from 1997)","Total","IMPORT","Total","Jan.-Dec. 2024","VALUE_IN_EUR",2610776952
"Ireland (Eire)","Spain (incl. Canary Islands 'XB' from 1997)","Total","IMPORT","Total","Jan.-Dec. 2024","VALUE_IN_EUR_MIRROR",3985152961
"Ireland (Eire)","Spain (incl. Canary Islands 'XB' from 1997)","Total","EXPORT","Total","Jan.-Dec. 2025","VALUE_IN_EUR",4028585369
"Ireland (Eire)","Spain (incl. Canary Islands 'XB' from 1997)","Total","EXPORT","Total","Jan.-Dec. 2025","VALUE_IN_EUR_MIRROR",4794662094
"Ireland (Eire)","Spain (incl. Canary Islands 'XB' from 1997)","Total","EXPORT","Total","Jan.-Dec. 2024","VALUE_IN_EUR",5215715070
"Ireland (Eire)","Spain (incl. Canary Islands 'XB' from 1997)","Total","EXPORT","Total","Jan.-Dec. 2024","VALUE_IN_EUR_MIRROR",5558248436
"Ireland (Eire)","Finland","Total","IMPORT","Total","Jan.-Dec. 2025","VALUE_IN_EUR",226267770
"Ireland (Eire)","Finland","Total","IMPORT","Total","Jan.-Dec. 2024","VALUE_IN_EUR",216773425
"Ireland (Eire)","Finland","Total","IMPORT","Total","Jan.-Dec. 2024","VALUE_IN_EUR_MIRROR",285868094
"Ireland (Eire)","Finland","Total","EXPORT","Total","Jan.-Dec. 2025","VALUE_IN_EUR",336936168
"Ireland (Eire)","Finland","Total","EXPORT","Total","Jan.-Dec. 2024","VALUE_IN_EUR",227187793
"Ireland (Eire)","Finland","Total","EXPORT","Total","Jan.-Dec. 2024","VALUE_IN_EUR_MIRROR",583163614
"Ireland (Eire)","France (incl. Saint Barthélemy 'BL' -> 2012; incl. French Guiana 'GF', Guadeloupe 'GP', Martinique 'MQ', Réunion 'RE' from 1997; incl. Mayotte 'YT' from 2014)","Total","IMPORT","Total","Jan.-Dec. 2025","VALUE_IN_EUR",11960263705
"Ireland (Eire)","France (incl. Saint Barthélemy 'BL' -> 2012; incl. French Guiana 'GF', Guadeloupe 'GP', Martinique 'MQ', Réunion 'RE' from 1997; incl. Mayotte 'YT' from 2014)","Total","IMPORT","Total","Jan.-Dec. 2024","VALUE_IN_EUR",14458176373
"Ireland (Eire)","France (incl. Saint Barthélemy 'BL' -> 2012; incl. French Guiana 'GF', Guadeloupe 'GP', Martinique 'MQ', Réunion 'RE' from 1997; incl. Mayotte 'YT' from 2014)","Total","IMPORT","Total","Jan.-Dec. 2024","VALUE_IN_EUR_MIRROR",5544363175
"Ireland (Eire)","France (incl. Saint Barthélemy 'BL' -> 2012; incl. French Guiana 'GF', Guadeloupe 'GP', Martinique 'MQ', Réunion 'RE' from 1997; incl. Mayotte 'YT' from 2014)","Total","EXPORT","Total","Jan.-Dec. 2025","VALUE_IN_EUR",5787091700
"Ireland (Eire)","France (incl. Saint Barthélemy 'BL' -> 2012; incl. French Guiana 'GF', Guadeloupe 'GP', Martinique 'MQ', Réunion 'RE' from 1997; incl. Mayotte 'YT' from 2014)","Total","EXPORT","Total","Jan.-Dec. 2024","VALUE_IN_EUR",6343316332
"Ireland (Eire)","France (incl. Saint Barthélemy 'BL' -> 2012; incl. French Guiana 'GF', Guadeloupe 'GP', Martinique 'MQ', Réunion 'RE' from 1997; incl. Mayotte 'YT' from 2014)","Total","EXPORT","Total","Jan.-Dec. 2024","VALUE_IN_EUR_MIRROR",8147767626
"Ireland (Eire)","Greece","Total","IMPORT","Total","Jan.-Dec. 2025","VALUE_IN_EUR",171665125
"Ireland (Eire)","Greece","Total","IMPORT","Total","Jan.-Dec. 2025","VALUE_IN_EUR_MIRROR",320811918
"Ireland (Eire)","Greece","Total","IMPORT","Total","Jan.-Dec. 2024","VALUE_IN_EUR",166997171
"Ireland (Eire)","Greece","Total","IMPORT","Total","Jan.-Dec. 2024","VALUE_IN_EUR_MIRROR",323977283
"Ireland (Eire)","Greece","Total","EXPORT","Total","Jan.-Dec. 2025","VALUE_IN_EUR",421099696
"Ireland (Eire)","Greece","Total","EXPORT","Total","Jan.-Dec. 2025","VALUE_IN_EUR_MIRROR",542717209
"Ireland (Eire)","Greece","Total","EXPORT","Total","Jan.-Dec. 2024","VALUE_IN_EUR",490288256
"Ireland (Eire)","Greece","Total","EXPORT","Total","Jan.-Dec. 2024","VALUE_IN_EUR_MIRROR",609500352
"Ireland (Eire)","Croatia","Total","IMPORT","Total","Jan.-Dec. 2025","VALUE_IN_EUR",37158763
"Ireland (Eire)","Croatia","Total","IMPORT","Total","Jan.-Dec. 2024","VALUE_IN_EUR",32945856
"Ireland (Eire)","Croatia","Total","IMPORT","Total","Jan.-Dec. 2024","VALUE_IN_EUR_MIRROR",93049931
"Ireland (Eire)","Croatia","Total","EXPORT","Total","Jan.-Dec. 2025","VALUE_IN_EUR",96953767
"Ireland (Eire)","Croatia","Total","EXPORT","Total","Jan.-Dec. 2024","VALUE_IN_EUR",132342962
"Ireland (Eire)","Croatia","Total","EXPORT","Total","Jan.-Dec. 2024","VALUE_IN_EUR_MIRROR",312131129
"Ireland (Eire)","Hungary","Total","IMPORT","Total","Jan.-Dec. 2025","VALUE_IN_EUR",813860621
"Ireland (Eire)","Hungary","Total","IMPORT","Total","Jan.-Dec. 2025","VALUE_IN_EUR_MIRROR",817508746
"Ireland (Eire)","Hungary","Total","IMPORT","Total","Jan.-Dec. 2024","VALUE_IN_EUR",931903662
"Ireland (Eire)","Hungary","Total","IMPORT","Total","Jan.-Dec. 2024","VALUE_IN_EUR_MIRROR",1128287751
"Ireland (Eire)","Hungary","Total","EXPORT","Total","Jan.-Dec. 2025","VALUE_IN_EUR",2370151327
"Ireland (Eire)","Hungary","Total","EXPORT","Total","Jan.-Dec. 2025","VALUE_IN_EUR_MIRROR",2682155051
"Ireland (Eire)","Hungary","Total","EXPORT","Total","Jan.-Dec. 2024","VALUE_IN_EUR",663639052
"Ireland (Eire)","Hungary","Total","EXPORT","Total","Jan.-Dec. 2024","VALUE_IN_EUR_MIRROR",1064366670
"Ireland (Eire)","Italy (incl. San Marino 'SM' -> 1993)","Total","IMPORT","Total","Jan.-Dec. 2025","VALUE_IN_EUR",4375766731
"Ireland (Eire)","Italy (incl. San Marino 'SM' -> 1993)","Total","IMPORT","Total","Jan.-Dec. 2024","VALUE_IN_EUR",3081019831
"Ireland (Eire)","Italy (incl. San Marino 'SM' -> 1993)","Total","IMPORT","Total","Jan.-Dec. 2024","VALUE_IN_EUR_MIRROR",3627411004
"Ireland (Eire)","Italy (incl. San Marino 'SM' -> 1993)","Total","EXPORT","Total","Jan.-Dec. 2025","VALUE_IN_EUR",7575481808
"Ireland (Eire)","Italy (incl. San Marino 'SM' -> 1993)","Total","EXPORT","Total","Jan.-Dec. 2024","VALUE_IN_EUR",6972025759
"Ireland (Eire)","Italy (incl. San Marino 'SM' -> 1993)","Total","EXPORT","Total","Jan.-Dec. 2024","VALUE_IN_EUR_MIRROR",7401731658
"Ireland (Eire)","Lithuania","Total","IMPORT","Total","Jan.-Dec. 2025","VALUE_IN_EUR",145886955
"Ireland (Eire)","Lithuania","Total","IMPORT","Total","Jan.-Dec. 2025","VALUE_IN_EUR_MIRROR",191704288
"Ireland (Eire)","Lithuania","Total","IMPORT","Total","Jan.-Dec. 2024","VALUE_IN_EUR",161484568
"Ireland (Eire)","Lithuania","Total","IMPORT","Total","Jan.-Dec. 2024","VALUE_IN_EUR_MIRROR",180393420
"Ireland (Eire)","Lithuania","Total","EXPORT","Total","Jan.-Dec. 2025","VALUE_IN_EUR",96316357
"Ireland (Eire)","Lithuania","Total","EXPORT","Total","Jan.-Dec. 2025","VALUE_IN_EUR_MIRROR",142103959
"Ireland (Eire)","Lithuania","Total","EXPORT","Total","Jan.-Dec. 2024","VALUE_IN_EUR",101078280
"Ireland (Eire)","Lithuania","Total","EXPORT","Total","Jan.-Dec. 2024","VALUE_IN_EUR_MIRROR",144628679
"Ireland (Eire)","Luxembourg","Total","IMPORT","Total","Jan.-Dec. 2025","VALUE_IN_EUR",83068875
"Ireland (Eire)","Luxembourg","Total","IMPORT","Total","Jan.-Dec. 2024","VALUE_IN_EUR",84484924
"Ireland (Eire)","Luxembourg","Total","IMPORT","Total","Jan.-Dec. 2024","VALUE_IN_EUR_MIRROR",72522438
"Ireland (Eire)","Luxembourg","Total","EXPORT","Total","Jan.-Dec. 2025","VALUE_IN_EUR",136784631
"Ireland (Eire)","Luxembourg","Total","EXPORT","Total","Jan.-Dec. 2024","VALUE_IN_EUR",103191958
"Ireland (Eire)","Luxembourg","Total","EXPORT","Total","Jan.-Dec. 2024","VALUE_IN_EUR_MIRROR",157169342
"Ireland (Eire)","Latvia","Total","IMPORT","Total","Jan.-Dec. 2025","VALUE_IN_EUR",85826817
"Ireland (Eire)","Latvia","Total","IMPORT","Total","Jan.-Dec. 2025","VALUE_IN_EUR_MIRROR",114210765
"Ireland (Eire)","Latvia","Total","IMPORT","Total","Jan.-Dec. 2024","VALUE_IN_EUR",72059724
"Ireland (Eire)","Latvia","Total","IMPORT","Total","Jan.-Dec. 2024","VALUE_IN_EUR_MIRROR",95447603
"Ireland (Eire)","Latvia","Total","EXPORT","Total","Jan.-Dec. 2025","VALUE_IN_EUR",53339426
"Ireland (Eire)","Latvia","Total","EXPORT","Total","Jan.-Dec. 2025","VALUE_IN_EUR_MIRROR",103094941
"Ireland (Eire)","Latvia","Total","EXPORT","Total","Jan.-Dec. 2024","VALUE_IN_EUR",59553490
"Ireland (Eire)","Latvia","Total","EXPORT","Total","Jan.-Dec. 2024","VALUE_IN_EUR_MIRROR",88951923
"Ireland (Eire)","Malta","Total","IMPORT","Total","Jan.-Dec. 2025","VALUE_IN_EUR",50318979
"Ireland (Eire)","Malta","Total","IMPORT","Total","Jan.-Dec. 2024","VALUE_IN_EUR",13536255
"Ireland (Eire)","Malta","Total","IMPORT","Total","Jan.-Dec. 2024","VALUE_IN_EUR_MIRROR",3758929
"Ireland (Eire)","Malta","Total","EXPORT","Total","Jan.-Dec. 2025","VALUE_IN_EUR",60132890
"Ireland (Eire)","Malta","Total","EXPORT","Total","Jan.-Dec. 2024","VALUE_IN_EUR",65029977
"Ireland (Eire)","Malta","Total","EXPORT","Total","Jan.-Dec. 2024","VALUE_IN_EUR_MIRROR",81535100
"Ireland (Eire)","Netherlands","Total","IMPORT","Total","Jan.-Dec. 2025","VALUE_IN_EUR",9077705032
"Ireland (Eire)","Netherlands","Total","IMPORT","Total","Jan.-Dec. 2024","VALUE_IN_EUR",9198952539
"Ireland (Eire)","Netherlands","Total","IMPORT","Total","Jan.-Dec. 2024","VALUE_IN_EUR_MIRROR",10388518892
"Ireland (Eire)","Netherlands","Total","EXPORT","Total","Jan.-Dec. 2025","VALUE_IN_EUR",26772352080
"Ireland (Eire)","Netherlands","Total","EXPORT","Total","Jan.-Dec. 2024","VALUE_IN_EUR",22908787198
"Ireland (Eire)","Netherlands","Total","EXPORT","Total","Jan.-Dec. 2024","VALUE_IN_EUR_MIRROR",23539430670
"Ireland (Eire)","Poland","Total","IMPORT","Total","Jan.-Dec. 2025","VALUE_IN_EUR",1858766800
"Ireland (Eire)","Poland","Total","IMPORT","Total","Jan.-Dec. 2024","VALUE_IN_EUR",1389990860
"Ireland (Eire)","Poland","Total","IMPORT","Total","Jan.-Dec. 2024","VALUE_IN_EUR_MIRROR",1648893621
"Ireland (Eire)","Poland","Total","EXPORT","Total","Jan.-Dec. 2025","VALUE_IN_EUR",1948817375
"Ireland (Eire)","Poland","Total","EXPORT","Total","Jan.-Dec. 2024","VALUE_IN_EUR",1758363903
"Ireland (Eire)","Poland","Total","EXPORT","Total","Jan.-Dec. 2024","VALUE_IN_EUR_MIRROR",2004263242
"Ireland (Eire)","Portugal","Total","IMPORT","Total","Jan.-Dec. 2025","VALUE_IN_EUR",389753346
"Ireland (Eire)","Portugal","Total","IMPORT","Total","Jan.-Dec. 2025","VALUE_IN_EUR_MIRROR",534039025
"Ireland (Eire)","Portugal","Total","IMPORT","Total","Jan.-Dec. 2024","VALUE_IN_EUR",650404000
"Ireland (Eire)","Portugal","Total","IMPORT","Total","Jan.-Dec. 2024","VALUE_IN_EUR_MIRROR",475194667
"Ireland (Eire)","Portugal","Total","EXPORT","Total","Jan.-Dec. 2025","VALUE_IN_EUR",3020576955
"Ireland (Eire)","Portugal","Total","EXPORT","Total","Jan.-Dec. 2025","VALUE_IN_EUR_MIRROR",3265850094
"Ireland (Eire)","Portugal","Total","EXPORT","Total","Jan.-Dec. 2024","VALUE_IN_EUR",1741763578
"Ireland (Eire)","Portugal","Total","EXPORT","Total","Jan.-Dec. 2024","VALUE_IN_EUR_MIRROR",2031445165
"Ireland (Eire)","Romania","Total","IMPORT","Total","Jan.-Dec. 2025","VALUE_IN_EUR",140085651
"Ireland (Eire)","Romania","Total","IMPORT","Total","Jan.-Dec. 2024","VALUE_IN_EUR",119870559
"Ireland (Eire)","Romania","Total","IMPORT","Total","Jan.-Dec. 2024","VALUE_IN_EUR_MIRROR",243839381
"Ireland (Eire)","Romania","Total","EXPORT","Total","Jan.-Dec. 2025","VALUE_IN_EUR",431918843
"Ireland (Eire)","Romania","Total","EXPORT","Total","Jan.-Dec. 2024","VALUE_IN_EUR",426652750
"Ireland (Eire)","Romania","Total","EXPORT","Total","Jan.-Dec. 2024","VALUE_IN_EUR_MIRROR",627950399
"Ireland (Eire)","Sweden","Total","IMPORT","Total","Jan.-Dec. 2025","VALUE_IN_EUR",713792902
"Ireland (Eire)","Sweden","Total","IMPORT","Total","Jan.-Dec. 2024","VALUE_IN_EUR",841366763
"Ireland (Eire)","Sweden","Total","IMPORT","Total","Jan.-Dec. 2024","VALUE_IN_EUR_MIRROR",815217794
"Ireland (Eire)","Sweden","Total","EXPORT","Total","Jan.-Dec. 2025","VALUE_IN_EUR",1427451987
"Ireland (Eire)","Sweden","Total","EXPORT","Total","Jan.-Dec. 2024","VALUE_IN_EUR",1259333172
"Ireland (Eire)","Sweden","Total","EXPORT","Total","Jan.-Dec. 2024","VALUE_IN_EUR_MIRROR",1935024072
"Ireland (Eire)","Slovenia","Total","IMPORT","Total","Jan.-Dec. 2025","VALUE_IN_EUR",50385836
"Ireland (Eire)","Slovenia","Total","IMPORT","Total","Jan.-Dec. 2024","VALUE_IN_EUR",48969860
"Ireland (Eire)","Slovenia","Total","IMPORT","Total","Jan.-Dec. 2024","VALUE_IN_EUR_MIRROR",71210785
"Ireland (Eire)","Slovenia","Total","EXPORT","Total","Jan.-Dec. 2025","VALUE_IN_EUR",156905061
"Ireland (Eire)","Slovenia","Total","EXPORT","Total","Jan.-Dec. 2024","VALUE_IN_EUR",145213884
"Ireland (Eire)","Slovenia","Total","EXPORT","Total","Jan.-Dec. 2024","VALUE_IN_EUR_MIRROR",176465559
"Ireland (Eire)","Slovakia","Total","IMPORT","Total","Jan.-Dec. 2025","VALUE_IN_EUR",218511231
"Ireland (Eire)","Slovakia","Total","IMPORT","Total","Jan.-Dec. 2024","VALUE_IN_EUR",236625563
"Ireland (Eire)","Slovakia","Total","IMPORT","Total","Jan.-Dec. 2024","VALUE_IN_EUR_MIRROR",314467737
"Ireland (Eire)","Slovakia","Total","EXPORT","Total","Jan.-Dec. 2025","VALUE_IN_EUR",167930888
"Ireland (Eire)","Slovakia","Total","EXPORT","Total","Jan.-Dec. 2024","VALUE_IN_EUR",194831137
"Ireland (Eire)","Slovakia","Total","EXPORT","Total","Jan.-Dec. 2024","VALUE_IN_EUR_MIRROR",434358683
"Italy (incl. San Marino 'SM' -> 1993)","Austria","Total","IMPORT","Total","Jan.-Dec. 2024","VALUE_IN_EUR",12498157450
"Italy (incl. San Marino 'SM' -> 1993)","Austria","Total","IMPORT","Total","Jan.-Dec. 2024","VALUE_IN_EUR_MIRROR",11935448188
"Italy (incl. San Marino 'SM' -> 1993)","Austria","Total","EXPORT","Total","Jan.-Dec. 2024","VALUE_IN_EUR",12540388324
"Italy (incl. San Marino 'SM' -> 1993)","Austria","Total","EXPORT","Total","Jan.-Dec. 2024","VALUE_IN_EUR_MIRROR",12407577875
"Italy (incl. San Marino 'SM' -> 1993)","Belgium (incl. Luxembourg 'LU' -> 1998)","Total","IMPORT","Total","Jan.-Dec. 2024","VALUE_IN_EUR",25301552631
"Italy (incl. San Marino 'SM' -> 1993)","Belgium (incl. Luxembourg 'LU' -> 1998)","Total","IMPORT","Total","Jan.-Dec. 2024","VALUE_IN_EUR_MIRROR",25067943051
"Italy (incl. San Marino 'SM' -> 1993)","Belgium (incl. Luxembourg 'LU' -> 1998)","Total","EXPORT","Total","Jan.-Dec. 2024","VALUE_IN_EUR",19195391577
"Italy (incl. San Marino 'SM' -> 1993)","Belgium (incl. Luxembourg 'LU' -> 1998)","Total","EXPORT","Total","Jan.-Dec. 2024","VALUE_IN_EUR_MIRROR",18735007957
"Italy (incl. San Marino 'SM' -> 1993)","Bulgaria","Total","IMPORT","Total","Jan.-Dec. 2024","VALUE_IN_EUR",3364977886
"Italy (incl. San Marino 'SM' -> 1993)","Bulgaria","Total","IMPORT","Total","Jan.-Dec. 2024","VALUE_IN_EUR_MIRROR",2994720295
"Italy (incl. San Marino 'SM' -> 1993)","Bulgaria","Total","EXPORT","Total","Jan.-Dec. 2024","VALUE_IN_EUR",3333694027
"Italy (incl. San Marino 'SM' -> 1993)","Bulgaria","Total","EXPORT","Total","Jan.-Dec. 2024","VALUE_IN_EUR_MIRROR",2872644775
"Italy (incl. San Marino 'SM' -> 1993)","Cyprus","Total","IMPORT","Total","Jan.-Dec. 2024","VALUE_IN_EUR",179934545
"Italy (incl. San Marino 'SM' -> 1993)","Cyprus","Total","IMPORT","Total","Jan.-Dec. 2024","VALUE_IN_EUR_MIRROR",43440985
"Italy (incl. San Marino 'SM' -> 1993)","Cyprus","Total","EXPORT","Total","Jan.-Dec. 2024","VALUE_IN_EUR",1023296323
"Italy (incl. San Marino 'SM' -> 1993)","Cyprus","Total","EXPORT","Total","Jan.-Dec. 2024","VALUE_IN_EUR_MIRROR",968476921
"Italy (incl. San Marino 'SM' -> 1993)","Czechia","Total","IMPORT","Total","Jan.-Dec. 2025","VALUE_IN_EUR_MIRROR",9661189696
"Italy (incl. San Marino 'SM' -> 1993)","Czechia","Total","IMPORT","Total","Jan.-Dec. 2024","VALUE_IN_EUR",8857079483
"Italy (incl. San Marino 'SM' -> 1993)","Czechia","Total","IMPORT","Total","Jan.-Dec. 2024","VALUE_IN_EUR_MIRROR",9407076366
"Italy (incl. San Marino 'SM' -> 1993)","Czechia","Total","EXPORT","Total","Jan.-Dec. 2025","VALUE_IN_EUR_MIRROR",8328168854
"Italy (incl. San Marino 'SM' -> 1993)","Czechia","Total","EXPORT","Total","Jan.-Dec. 2024","VALUE_IN_EUR",8168227756
"Italy (incl. San Marino 'SM' -> 1993)","Czechia","Total","EXPORT","Total","Jan.-Dec. 2024","VALUE_IN_EUR_MIRROR",8244546858
"Italy (incl. San Marino 'SM' -> 1993)","Germany (incl. German Democratic Republic 'DD' from 1991)","Total","IMPORT","Total","Jan.-Dec. 2024","VALUE_IN_EUR",83197653343
"Italy (incl. San Marino 'SM' -> 1993)","Germany (incl. German Democratic Republic 'DD' from 1991)","Total","IMPORT","Total","Jan.-Dec. 2024","VALUE_IN_EUR_MIRROR",80200418964
"Italy (incl. San Marino 'SM' -> 1993)","Germany (incl. German Democratic Republic 'DD' from 1991)","Total","EXPORT","Total","Jan.-Dec. 2024","VALUE_IN_EUR",70532158447
"Italy (incl. San Marino 'SM' -> 1993)","Germany (incl. German Democratic Republic 'DD' from 1991)","Total","EXPORT","Total","Jan.-Dec. 2024","VALUE_IN_EUR_MIRROR",68199637041
"Italy (incl. San Marino 'SM' -> 1993)","Denmark","Total","IMPORT","Total","Jan.-Dec. 2024","VALUE_IN_EUR",3499382076
"Italy (incl. San Marino 'SM' -> 1993)","Denmark","Total","IMPORT","Total","Jan.-Dec. 2024","VALUE_IN_EUR_MIRROR",3097706499
"Italy (incl. San Marino 'SM' -> 1993)","Denmark","Total","EXPORT","Total","Jan.-Dec. 2024","VALUE_IN_EUR",3850007248
"Italy (incl. San Marino 'SM' -> 1993)","Denmark","Total","EXPORT","Total","Jan.-Dec. 2024","VALUE_IN_EUR_MIRROR",3919985609
"Italy (incl. San Marino 'SM' -> 1993)","Estonia","Total","IMPORT","Total","Jan.-Dec. 2025","VALUE_IN_EUR_MIRROR",310423920
"Italy (incl. San Marino 'SM' -> 1993)","Estonia","Total","IMPORT","Total","Jan.-Dec. 2024","VALUE_IN_EUR",267874970
"Italy (incl. San Marino 'SM' -> 1993)","Estonia","Total","IMPORT","Total","Jan.-Dec. 2024","VALUE_IN_EUR_MIRROR",248626783
"Italy (incl. San Marino 'SM' -> 1993)","Estonia","Total","EXPORT","Total","Jan.-Dec. 2025","VALUE_IN_EUR_MIRROR",650202375
"Italy (incl. San Marino 'SM' -> 1993)","Estonia","Total","EXPORT","Total","Jan.-Dec. 2024","VALUE_IN_EUR",687337361
"Italy (incl. San Marino 'SM' -> 1993)","Estonia","Total","EXPORT","Total","Jan.-Dec. 2024","VALUE_IN_EUR_MIRROR",561954331
"Italy (incl. San Marino 'SM' -> 1993)","Spain (incl. Canary Islands 'XB' from 1997)","Total","IMPORT","Total","Jan.-Dec. 2025","VALUE_IN_EUR_MIRROR",32871558805
"Italy (incl. San Marino 'SM' -> 1993)","Spain (incl. Canary Islands 'XB' from 1997)","Total","IMPORT","Total","Jan.-Dec. 2024","VALUE_IN_EUR",33897637246
"Italy (incl. San Marino 'SM' -> 1993)","Spain (incl. Canary Islands 'XB' from 1997)","Total","IMPORT","Total","Jan.-Dec. 2024","VALUE_IN_EUR_MIRROR",34305922222
"Italy (incl. San Marino 'SM' -> 1993)","Spain (incl. Canary Islands 'XB' from 1997)","Total","EXPORT","Total","Jan.-Dec. 2025","VALUE_IN_EUR_MIRROR",36879897322
"Italy (incl. San Marino 'SM' -> 1993)","Spain (incl. Canary Islands 'XB' from 1997)","Total","EXPORT","Total","Jan.-Dec. 2024","VALUE_IN_EUR",34497083749
"Italy (incl. San Marino 'SM' -> 1993)","Spain (incl. Canary Islands 'XB' from 1997)","Total","EXPORT","Total","Jan.-Dec. 2024","VALUE_IN_EUR_MIRROR",33563411064
"Italy (incl. San Marino 'SM' -> 1993)","Finland","Total","IMPORT","Total","Jan.-Dec. 2024","VALUE_IN_EUR",2196795363
"Italy (incl. San Marino 'SM' -> 1993)","Finland","Total","IMPORT","Total","Jan.-Dec. 2024","VALUE_IN_EUR_MIRROR",1919574578
"Italy (incl. San Marino 'SM' -> 1993)","Finland","Total","EXPORT","Total","Jan.-Dec. 2024","VALUE_IN_EUR",2018064878
"Italy (incl. San Marino 'SM' -> 1993)","Finland","Total","EXPORT","Total","Jan.-Dec. 2024","VALUE_IN_EUR_MIRROR",2213281719
"Italy (incl. San Marino 'SM' -> 1993)","France (incl. Saint Barthélemy 'BL' -> 2012; incl. French Guiana 'GF', Guadeloupe 'GP', Martinique 'MQ', Réunion 'RE' from 1997; incl. Mayotte 'YT' from 2014)","Total","IMPORT","Total","Jan.-Dec. 2024","VALUE_IN_EUR",44119792909
"Italy (incl. San Marino 'SM' -> 1993)","France (incl. Saint Barthélemy 'BL' -> 2012; incl. French Guiana 'GF', Guadeloupe 'GP', Martinique 'MQ', Réunion 'RE' from 1997; incl. Mayotte 'YT' from 2014)","Total","IMPORT","Total","Jan.-Dec. 2024","VALUE_IN_EUR_MIRROR",48067727958
"Italy (incl. San Marino 'SM' -> 1993)","France (incl. Saint Barthélemy 'BL' -> 2012; incl. French Guiana 'GF', Guadeloupe 'GP', Martinique 'MQ', Réunion 'RE' from 1997; incl. Mayotte 'YT' from 2014)","Total","EXPORT","Total","Jan.-Dec. 2024","VALUE_IN_EUR",61686058305
"Italy (incl. San Marino 'SM' -> 1993)","France (incl. Saint Barthélemy 'BL' -> 2012; incl. French Guiana 'GF', Guadeloupe 'GP', Martinique 'MQ', Réunion 'RE' from 1997; incl. Mayotte 'YT' from 2014)","Total","EXPORT","Total","Jan.-Dec. 2024","VALUE_IN_EUR_MIRROR",55129101110
"Italy (incl. San Marino 'SM' -> 1993)","Greece","Total","IMPORT","Total","Jan.-Dec. 2025","VALUE_IN_EUR_MIRROR",4430509129
"Italy (incl. San Marino 'SM' -> 1993)","Greece","Total","IMPORT","Total","Jan.-Dec. 2024","VALUE_IN_EUR",4852695269
"Italy (incl. San Marino 'SM' -> 1993)","Greece","Total","IMPORT","Total","Jan.-Dec. 2024","VALUE_IN_EUR_MIRROR",5284625842
"Italy (incl. San Marino 'SM' -> 1993)","Greece","Total","EXPORT","Total","Jan.-Dec. 2025","VALUE_IN_EUR_MIRROR",7401940776
"Italy (incl. San Marino 'SM' -> 1993)","Greece","Total","EXPORT","Total","Jan.-Dec. 2024","VALUE_IN_EUR",7256839205
"Italy (incl. San Marino 'SM' -> 1993)","Greece","Total","EXPORT","Total","Jan.-Dec. 2024","VALUE_IN_EUR_MIRROR",7538086391
"Italy (incl. San Marino 'SM' -> 1993)","Croatia","Total","IMPORT","Total","Jan.-Dec. 2024","VALUE_IN_EUR",2643515638
"Italy (incl. San Marino 'SM' -> 1993)","Croatia","Total","IMPORT","Total","Jan.-Dec. 2024","VALUE_IN_EUR_MIRROR",2742233541
"Italy (incl. San Marino 'SM' -> 1993)","Croatia","Total","EXPORT","Total","Jan.-Dec. 2024","VALUE_IN_EUR",5583744542
"Italy (incl. San Marino 'SM' -> 1993)","Croatia","Total","EXPORT","Total","Jan.-Dec. 2024","VALUE_IN_EUR_MIRROR",5673264969
"Italy (incl. San Marino 'SM' -> 1993)","Hungary","Total","IMPORT","Total","Jan.-Dec. 2025","VALUE_IN_EUR_MIRROR",7155811016
"Italy (incl. San Marino 'SM' -> 1993)","Hungary","Total","IMPORT","Total","Jan.-Dec. 2024","VALUE_IN_EUR",7370964327
"Italy (incl. San Marino 'SM' -> 1993)","Hungary","Total","IMPORT","Total","Jan.-Dec. 2024","VALUE_IN_EUR_MIRROR",7358770740
"Italy (incl. San Marino 'SM' -> 1993)","Hungary","Total","EXPORT","Total","Jan.-Dec. 2025","VALUE_IN_EUR_MIRROR",5359344570
"Italy (incl. San Marino 'SM' -> 1993)","Hungary","Total","EXPORT","Total","Jan.-Dec. 2024","VALUE_IN_EUR",5776943715
"Italy (incl. San Marino 'SM' -> 1993)","Hungary","Total","EXPORT","Total","Jan.-Dec. 2024","VALUE_IN_EUR_MIRROR",5372344070
"Italy (incl. San Marino 'SM' -> 1993)","Ireland (Eire)","Total","IMPORT","Total","Jan.-Dec. 2025","VALUE_IN_EUR_MIRROR",7575481808
"Italy (incl. San Marino 'SM' -> 1993)","Ireland (Eire)","Total","IMPORT","Total","Jan.-Dec. 2024","VALUE_IN_EUR",7401731658
"Italy (incl. San Marino 'SM' -> 1993)","Ireland (Eire)","Total","IMPORT","Total","Jan.-Dec. 2024","VALUE_IN_EUR_MIRROR",6972025759
"Italy (incl. San Marino 'SM' -> 1993)","Ireland (Eire)","Total","EXPORT","Total","Jan.-Dec. 2025","VALUE_IN_EUR_MIRROR",4375766731
"Italy (incl. San Marino 'SM' -> 1993)","Ireland (Eire)","Total","EXPORT","Total","Jan.-Dec. 2024","VALUE_IN_EUR",3627411004
"Italy (incl. San Marino 'SM' -> 1993)","Ireland (Eire)","Total","EXPORT","Total","Jan.-Dec. 2024","VALUE_IN_EUR_MIRROR",3081019831
"Italy (incl. San Marino 'SM' -> 1993)","Lithuania","Total","IMPORT","Total","Jan.-Dec. 2025","VALUE_IN_EUR_MIRROR",921061027
"Italy (incl. San Marino 'SM' -> 1993)","Lithuania","Total","IMPORT","Total","Jan.-Dec. 2024","VALUE_IN_EUR",900226999
"Italy (incl. San Marino 'SM' -> 1993)","Lithuania","Total","IMPORT","Total","Jan.-Dec. 2024","VALUE_IN_EUR_MIRROR",934091335
"Italy (incl. San Marino 'SM' -> 1993)","Lithuania","Total","EXPORT","Total","Jan.-Dec. 2025","VALUE_IN_EUR_MIRROR",1291789059
"Italy (incl. San Marino 'SM' -> 1993)","Lithuania","Total","EXPORT","Total","Jan.-Dec. 2024","VALUE_IN_EUR",1443846793
"Italy (incl. San Marino 'SM' -> 1993)","Lithuania","Total","EXPORT","Total","Jan.-Dec. 2024","VALUE_IN_EUR_MIRROR",1227765813
"Italy (incl. San Marino 'SM' -> 1993)","Luxembourg","Total","IMPORT","Total","Jan.-Dec. 2024","VALUE_IN_EUR",1007328740
"Italy (incl. San Marino 'SM' -> 1993)","Luxembourg","Total","IMPORT","Total","Jan.-Dec. 2024","VALUE_IN_EUR_MIRROR",682938669
"Italy (incl. San Marino 'SM' -> 1993)","Luxembourg","Total","EXPORT","Total","Jan.-Dec. 2024","VALUE_IN_EUR",815315667
"Italy (incl. San Marino 'SM' -> 1993)","Luxembourg","Total","EXPORT","Total","Jan.-Dec. 2024","VALUE_IN_EUR_MIRROR",706562628
"Italy (incl. San Marino 'SM' -> 1993)","Latvia","Total","IMPORT","Total","Jan.-Dec. 2025","VALUE_IN_EUR_MIRROR",332875126
"Italy (incl. San Marino 'SM' -> 1993)","Latvia","Total","IMPORT","Total","Jan.-Dec. 2024","VALUE_IN_EUR",338599194
"Italy (incl. San Marino 'SM' -> 1993)","Latvia","Total","IMPORT","Total","Jan.-Dec. 2024","VALUE_IN_EUR_MIRROR",301133495
"Italy (incl. San Marino 'SM' -> 1993)","Latvia","Total","EXPORT","Total","Jan.-Dec. 2025","VALUE_IN_EUR_MIRROR",768139970
"Italy (incl. San Marino 'SM' -> 1993)","Latvia","Total","EXPORT","Total","Jan.-Dec. 2024","VALUE_IN_EUR",818630482
"Italy (incl. San Marino 'SM' -> 1993)","Latvia","Total","EXPORT","Total","Jan.-Dec. 2024","VALUE_IN_EUR_MIRROR",764945983
"Italy (incl. San Marino 'SM' -> 1993)","Malta","Total","IMPORT","Total","Jan.-Dec. 2024","VALUE_IN_EUR",319372824
"Italy (incl. San Marino 'SM' -> 1993)","Malta","Total","IMPORT","Total","Jan.-Dec. 2024","VALUE_IN_EUR_MIRROR",188939572
"Italy (incl. San Marino 'SM' -> 1993)","Malta","Total","EXPORT","Total","Jan.-Dec. 2024","VALUE_IN_EUR",2409853530
"Italy (incl. San Marino 'SM' -> 1993)","Malta","Total","EXPORT","Total","Jan.-Dec. 2024","VALUE_IN_EUR_MIRROR",1929129027
"Italy (incl. San Marino 'SM' -> 1993)","Netherlands","Total","IMPORT","Total","Jan.-Dec. 2024","VALUE_IN_EUR",35720514135
"Italy (incl. San Marino 'SM' -> 1993)","Netherlands","Total","IMPORT","Total","Jan.-Dec. 2024","VALUE_IN_EUR_MIRROR",36448539251
"Italy (incl. San Marino 'SM' -> 1993)","Netherlands","Total","EXPORT","Total","Jan.-Dec. 2024","VALUE_IN_EUR",19231922342
"Italy (incl. San Marino 'SM' -> 1993)","Netherlands","Total","EXPORT","Total","Jan.-Dec. 2024","VALUE_IN_EUR_MIRROR",18813322890
"Italy (incl. San Marino 'SM' -> 1993)","Poland","Total","IMPORT","Total","Jan.-Dec. 2024","VALUE_IN_EUR",16271309089
"Italy (incl. San Marino 'SM' -> 1993)","Poland","Total","IMPORT","Total","Jan.-Dec. 2024","VALUE_IN_EUR_MIRROR",16223476286
"Italy (incl. San Marino 'SM' -> 1993)","Poland","Total","EXPORT","Total","Jan.-Dec. 2024","VALUE_IN_EUR",19655253147
"Italy (incl. San Marino 'SM' -> 1993)","Poland","Total","EXPORT","Total","Jan.-Dec. 2024","VALUE_IN_EUR_MIRROR",16562763584
"Italy (incl. San Marino 'SM' -> 1993)","Portugal","Total","IMPORT","Total","Jan.-Dec. 2025","VALUE_IN_EUR_MIRROR",3535688334
"Italy (incl. San Marino 'SM' -> 1993)","Portugal","Total","IMPORT","Total","Jan.-Dec. 2024","VALUE_IN_EUR",3709374133
"Italy (incl. San Marino 'SM' -> 1993)","Portugal","Total","IMPORT","Total","Jan.-Dec. 2024","VALUE_IN_EUR_MIRROR",3570319777
"Italy (incl. San Marino 'SM' -> 1993)","Portugal","Total","EXPORT","Total","Jan.-Dec. 2025","VALUE_IN_EUR_MIRROR",5581161395
"Italy (incl. San Marino 'SM' -> 1993)","Portugal","Total","EXPORT","Total","Jan.-Dec. 2024","VALUE_IN_EUR",5666271620
"Italy (incl. San Marino 'SM' -> 1993)","Portugal","Total","EXPORT","Total","Jan.-Dec. 2024","VALUE_IN_EUR_MIRROR",5556462117
"Italy (incl. San Marino 'SM' -> 1993)","Romania","Total","IMPORT","Total","Jan.-Dec. 2024","VALUE_IN_EUR",8506802986
"Italy (incl. San Marino 'SM' -> 1993)","Romania","Total","IMPORT","Total","Jan.-Dec. 2024","VALUE_IN_EUR_MIRROR",8847860786
"Italy (incl. San Marino 'SM' -> 1993)","Romania","Total","EXPORT","Total","Jan.-Dec. 2024","VALUE_IN_EUR",10146729092
"Italy (incl. San Marino 'SM' -> 1993)","Romania","Total","EXPORT","Total","Jan.-Dec. 2024","VALUE_IN_EUR_MIRROR",10442742668
"Italy (incl. San Marino 'SM' -> 1993)","Sweden","Total","IMPORT","Total","Jan.-Dec. 2024","VALUE_IN_EUR",5519317777
"Italy (incl. San Marino 'SM' -> 1993)","Sweden","Total","IMPORT","Total","Jan.-Dec. 2024","VALUE_IN_EUR_MIRROR",5311969934
"Italy (incl. San Marino 'SM' -> 1993)","Sweden","Total","EXPORT","Total","Jan.-Dec. 2024","VALUE_IN_EUR",5952815045
"Italy (incl. San Marino 'SM' -> 1993)","Sweden","Total","EXPORT","Total","Jan.-Dec. 2024","VALUE_IN_EUR_MIRROR",5711986801
"Italy (incl. San Marino 'SM' -> 1993)","Slovenia","Total","IMPORT","Total","Jan.-Dec. 2024","VALUE_IN_EUR",5460374749
"Italy (incl. San Marino 'SM' -> 1993)","Slovenia","Total","IMPORT","Total","Jan.-Dec. 2024","VALUE_IN_EUR_MIRROR",5930156296
"Italy (incl. San Marino 'SM' -> 1993)","Slovenia","Total","EXPORT","Total","Jan.-Dec. 2024","VALUE_IN_EUR",5635454733
"Italy (incl. San Marino 'SM' -> 1993)","Slovenia","Total","EXPORT","Total","Jan.-Dec. 2024","VALUE_IN_EUR_MIRROR",5773478371
"Italy (incl. San Marino 'SM' -> 1993)","Slovakia","Total","IMPORT","Total","Jan.-Dec. 2024","VALUE_IN_EUR",4463181165
"Italy (incl. San Marino 'SM' -> 1993)","Slovakia","Total","IMPORT","Total","Jan.-Dec. 2024","VALUE_IN_EUR_MIRROR",4632683073
"Italy (incl. San Marino 'SM' -> 1993)","Slovakia","Total","EXPORT","Total","Jan.-Dec. 2024","VALUE_IN_EUR",3815275535
"Italy (incl. San Marino 'SM' -> 1993)","Slovakia","Total","EXPORT","Total","Jan.-Dec. 2024","VALUE_IN_EUR_MIRROR",3823402513
"Lithuania","Austria","Total","IMPORT","Total","Jan.-Dec. 2025","VALUE_IN_EUR",525484503
"Lithuania","Austria","Total","IMPORT","Total","Jan.-Dec. 2024","VALUE_IN_EUR",463600443
"Lithuania","Austria","Total","IMPORT","Total","Jan.-Dec. 2024","VALUE_IN_EUR_MIRROR",455023691
"Lithuania","Austria","Total","EXPORT","Total","Jan.-Dec. 2025","VALUE_IN_EUR",320826672
"Lithuania","Austria","Total","EXPORT","Total","Jan.-Dec. 2024","VALUE_IN_EUR",275869266
"Lithuania","Austria","Total","EXPORT","Total","Jan.-Dec. 2024","VALUE_IN_EUR_MIRROR",242949958
"Lithuania","Belgium (incl. Luxembourg 'LU' -> 1998)","Total","IMPORT","Total","Jan.-Dec. 2025","VALUE_IN_EUR",1005258927
"Lithuania","Belgium (incl. Luxembourg 'LU' -> 1998)","Total","IMPORT","Total","Jan.-Dec. 2024","VALUE_IN_EUR",1060982524
"Lithuania","Belgium (incl. Luxembourg 'LU' -> 1998)","Total","IMPORT","Total","Jan.-Dec. 2024","VALUE_IN_EUR_MIRROR",1219234498
"Lithuania","Belgium (incl. Luxembourg 'LU' -> 1998)","Total","EXPORT","Total","Jan.-Dec. 2025","VALUE_IN_EUR",571490133
"Lithuania","Belgium (incl. Luxembourg 'LU' -> 1998)","Total","EXPORT","Total","Jan.-Dec. 2024","VALUE_IN_EUR",499174954
"Lithuania","Belgium (incl. Luxembourg 'LU' -> 1998)","Total","EXPORT","Total","Jan.-Dec. 2024","VALUE_IN_EUR_MIRROR",456145297
"Lithuania","Bulgaria","Total","IMPORT","Total","Jan.-Dec. 2025","VALUE_IN_EUR",114383821
"Lithuania","Bulgaria","Total","IMPORT","Total","Jan.-Dec. 2024","VALUE_IN_EUR",108107276
"Lithuania","Bulgaria","Total","IMPORT","Total","Jan.-Dec. 2024","VALUE_IN_EUR_MIRROR",105998003
"Lithuania","Bulgaria","Total","EXPORT","Total","Jan.-Dec. 2025","VALUE_IN_EUR",170277811
"Lithuania","Bulgaria","Total","EXPORT","Total","Jan.-Dec. 2024","VALUE_IN_EUR",184921165
"Lithuania","Bulgaria","Total","EXPORT","Total","Jan.-Dec. 2024","VALUE_IN_EUR_MIRROR",135011109
"Lithuania","Cyprus","Total","IMPORT","Total","Jan.-Dec. 2025","VALUE_IN_EUR",17174741
"Lithuania","Cyprus","Total","IMPORT","Total","Jan.-Dec. 2024","VALUE_IN_EUR",10804337
"Lithuania","Cyprus","Total","IMPORT","Total","Jan.-Dec. 2024","VALUE_IN_EUR_MIRROR",8772677
"Lithuania","Cyprus","Total","EXPORT","Total","Jan.-Dec. 2025","VALUE_IN_EUR",27032700
"Lithuania","Cyprus","Total","EXPORT","Total","Jan.-Dec. 2024","VALUE_IN_EUR",22544690
"Lithuania","Cyprus","Total","EXPORT","Total","Jan.-Dec. 2024","VALUE_IN_EUR_MIRROR",13689760
"Lithuania","Czechia","Total","IMPORT","Total","Jan.-Dec. 2025","VALUE_IN_EUR",983426883
"Lithuania","Czechia","Total","IMPORT","Total","Jan.-Dec. 2025","VALUE_IN_EUR_MIRROR",983846457
"Lithuania","Czechia","Total","IMPORT","Total","Jan.-Dec. 2024","VALUE_IN_EUR",987803234
"Lithuania","Czechia","Total","IMPORT","Total","Jan.-Dec. 2024","VALUE_IN_EUR_MIRROR",1078445581
"Lithuania","Czechia","Total","EXPORT","Total","Jan.-Dec. 2025","VALUE_IN_EUR",541742623
"Lithuania","Czechia","Total","EXPORT","Total","Jan.-Dec. 2025","VALUE_IN_EUR_MIRROR",498710044
"Lithuania","Czechia","Total","EXPORT","Total","Jan.-Dec. 2024","VALUE_IN_EUR",513010058
"Lithuania","Czechia","Total","EXPORT","Total","Jan.-Dec. 2024","VALUE_IN_EUR_MIRROR",508883198
"Lithuania","Germany (incl. German Democratic Republic 'DD' from 1991)","Total","IMPORT","Total","Jan.-Dec. 2025","VALUE_IN_EUR",5594433196
"Lithuania","Germany (incl. German Democratic Republic 'DD' from 1991)","Total","IMPORT","Total","Jan.-Dec. 2024","VALUE_IN_EUR",5162899713
"Lithuania","Germany (incl. German Democratic Republic 'DD' from 1991)","Total","IMPORT","Total","Jan.-Dec. 2024","VALUE_IN_EUR_MIRROR",5212638019
"Lithuania","Germany (incl. German Democratic Republic 'DD' from 1991)","Total","EXPORT","Total","Jan.-Dec. 2025","VALUE_IN_EUR",3303177856
"Lithuania","Germany (incl. German Democratic Republic 'DD' from 1991)","Total","EXPORT","Total","Jan.-Dec. 2024","VALUE_IN_EUR",3230776960
"Lithuania","Germany (incl. German Democratic Republic 'DD' from 1991)","Total","EXPORT","Total","Jan.-Dec. 2024","VALUE_IN_EUR_MIRROR",2854657337
"Lithuania","Denmark","Total","IMPORT","Total","Jan.-Dec. 2025","VALUE_IN_EUR",637887560
"Lithuania","Denmark","Total","IMPORT","Total","Jan.-Dec. 2024","VALUE_IN_EUR",713292146
"Lithuania","Denmark","Total","IMPORT","Total","Jan.-Dec. 2024","VALUE_IN_EUR_MIRROR",554630119
"Lithuania","Denmark","Total","EXPORT","Total","Jan.-Dec. 2025","VALUE_IN_EUR",1013302438
"Lithuania","Denmark","Total","EXPORT","Total","Jan.-Dec. 2024","VALUE_IN_EUR",908721912
"Lithuania","Denmark","Total","EXPORT","Total","Jan.-Dec. 2024","VALUE_IN_EUR_MIRROR",890396483
"Lithuania","Estonia","Total","IMPORT","Total","Jan.-Dec. 2025","VALUE_IN_EUR",1744728094
"Lithuania","Estonia","Total","IMPORT","Total","Jan.-Dec. 2025","VALUE_IN_EUR_MIRROR",1608104474
"Lithuania","Estonia","Total","IMPORT","Total","Jan.-Dec. 2024","VALUE_IN_EUR",1600696306
"Lithuania","Estonia","Total","IMPORT","Total","Jan.-Dec. 2024","VALUE_IN_EUR_MIRROR",1403699783
"Lithuania","Estonia","Total","EXPORT","Total","Jan.-Dec. 2025","VALUE_IN_EUR",2229446814
"Lithuania","Estonia","Total","EXPORT","Total","Jan.-Dec. 2025","VALUE_IN_EUR_MIRROR",2207395223
"Lithuania","Estonia","Total","EXPORT","Total","Jan.-Dec. 2024","VALUE_IN_EUR",2190777751
"Lithuania","Estonia","Total","EXPORT","Total","Jan.-Dec. 2024","VALUE_IN_EUR_MIRROR",2204585023
"Lithuania","Spain (incl. Canary Islands 'XB' from 1997)","Total","IMPORT","Total","Jan.-Dec. 2025","VALUE_IN_EUR",599926107
"Lithuania","Spain (incl. Canary Islands 'XB' from 1997)","Total","IMPORT","Total","Jan.-Dec. 2025","VALUE_IN_EUR_MIRROR",685732973
"Lithuania","Spain (incl. Canary Islands 'XB' from 1997)","Total","IMPORT","Total","Jan.-Dec. 2024","VALUE_IN_EUR",545997172
"Lithuania","Spain (incl. Canary Islands 'XB' from 1997)","Total","IMPORT","Total","Jan.-Dec. 2024","VALUE_IN_EUR_MIRROR",622479945
"Lithuania","Spain (incl. Canary Islands 'XB' from 1997)","Total","EXPORT","Total","Jan.-Dec. 2025","VALUE_IN_EUR",623867234
"Lithuania","Spain (incl. Canary Islands 'XB' from 1997)","Total","EXPORT","Total","Jan.-Dec. 2025","VALUE_IN_EUR_MIRROR",676371474
"Lithuania","Spain (incl. Canary Islands 'XB' from 1997)","Total","EXPORT","Total","Jan.-Dec. 2024","VALUE_IN_EUR",552178487
"Lithuania","Spain (incl. Canary Islands 'XB' from 1997)","Total","EXPORT","Total","Jan.-Dec. 2024","VALUE_IN_EUR_MIRROR",570722646
"Lithuania","Finland","Total","IMPORT","Total","Jan.-Dec. 2025","VALUE_IN_EUR",1016267324
"Lithuania","Finland","Total","IMPORT","Total","Jan.-Dec. 2024","VALUE_IN_EUR",939259994
"Lithuania","Finland","Total","IMPORT","Total","Jan.-Dec. 2024","VALUE_IN_EUR_MIRROR",768961249
"Lithuania","Finland","Total","EXPORT","Total","Jan.-Dec. 2025","VALUE_IN_EUR",791364026
"Lithuania","Finland","Total","EXPORT","Total","Jan.-Dec. 2024","VALUE_IN_EUR",794947226
"Lithuania","Finland","Total","EXPORT","Total","Jan.-Dec. 2024","VALUE_IN_EUR_MIRROR",724981256
"Lithuania","France (incl. Saint Barthélemy 'BL' -> 2012; incl. French Guiana 'GF', Guadeloupe 'GP', Martinique 'MQ', Réunion 'RE' from 1997; incl. Mayotte 'YT' from 2014)","Total","IMPORT","Total","Jan.-Dec. 2025","VALUE_IN_EUR",1024637454
"Lithuania","France (incl. Saint Barthélemy 'BL' -> 2012; incl. French Guiana 'GF', Guadeloupe 'GP', Martinique 'MQ', Réunion 'RE' from 1997; incl. Mayotte 'YT' from 2014)","Total","IMPORT","Total","Jan.-Dec. 2024","VALUE_IN_EUR",1049010544
"Lithuania","France (incl. Saint Barthélemy 'BL' -> 2012; incl. French Guiana 'GF', Guadeloupe 'GP', Martinique 'MQ', Réunion 'RE' from 1997; incl. Mayotte 'YT' from 2014)","Total","IMPORT","Total","Jan.-Dec. 2024","VALUE_IN_EUR_MIRROR",1084866502
"Lithuania","France (incl. Saint Barthélemy 'BL' -> 2012; incl. French Guiana 'GF', Guadeloupe 'GP', Martinique 'MQ', Réunion 'RE' from 1997; incl. Mayotte 'YT' from 2014)","Total","EXPORT","Total","Jan.-Dec. 2025","VALUE_IN_EUR",1048065147
"Lithuania","France (incl. Saint Barthélemy 'BL' -> 2012; incl. French Guiana 'GF', Guadeloupe 'GP', Martinique 'MQ', Réunion 'RE' from 1997; incl. Mayotte 'YT' from 2014)","Total","EXPORT","Total","Jan.-Dec. 2024","VALUE_IN_EUR",997765958
"Lithuania","France (incl. Saint Barthélemy 'BL' -> 2012; incl. French Guiana 'GF', Guadeloupe 'GP', Martinique 'MQ', Réunion 'RE' from 1997; incl. Mayotte 'YT' from 2014)","Total","EXPORT","Total","Jan.-Dec. 2024","VALUE_IN_EUR_MIRROR",830523214
"Lithuania","Greece","Total","IMPORT","Total","Jan.-Dec. 2025","VALUE_IN_EUR",67668033
"Lithuania","Greece","Total","IMPORT","Total","Jan.-Dec. 2025","VALUE_IN_EUR_MIRROR",76796860
"Lithuania","Greece","Total","IMPORT","Total","Jan.-Dec. 2024","VALUE_IN_EUR",58761334
"Lithuania","Greece","Total","IMPORT","Total","Jan.-Dec. 2024","VALUE_IN_EUR_MIRROR",75954994
"Lithuania","Greece","Total","EXPORT","Total","Jan.-Dec. 2025","VALUE_IN_EUR",134162007
"Lithuania","Greece","Total","EXPORT","Total","Jan.-Dec. 2025","VALUE_IN_EUR_MIRROR",115957859
"Lithuania","Greece","Total","EXPORT","Total","Jan.-Dec. 2024","VALUE_IN_EUR",128045261
"Lithuania","Greece","Total","EXPORT","Total","Jan.-Dec. 2024","VALUE_IN_EUR_MIRROR",105972308
"Lithuania","Croatia","Total","IMPORT","Total","Jan.-Dec. 2025","VALUE_IN_EUR",142739486
"Lithuania","Croatia","Total","IMPORT","Total","Jan.-Dec. 2024","VALUE_IN_EUR",120386409
"Lithuania","Croatia","Total","IMPORT","Total","Jan.-Dec. 2024","VALUE_IN_EUR_MIRROR",82649753
"Lithuania","Croatia","Total","EXPORT","Total","Jan.-Dec. 2025","VALUE_IN_EUR",96248324
"Lithuania","Croatia","Total","EXPORT","Total","Jan.-Dec. 2024","VALUE_IN_EUR",73723583
"Lithuania","Croatia","Total","EXPORT","Total","Jan.-Dec. 2024","VALUE_IN_EUR_MIRROR",77931761
"Lithuania","Hungary","Total","IMPORT","Total","Jan.-Dec. 2025","VALUE_IN_EUR",248167692
"Lithuania","Hungary","Total","IMPORT","Total","Jan.-Dec. 2025","VALUE_IN_EUR_MIRROR",311972924
"Lithuania","Hungary","Total","IMPORT","Total","Jan.-Dec. 2024","VALUE_IN_EUR",233835251
"Lithuania","Hungary","Total","IMPORT","Total","Jan.-Dec. 2024","VALUE_IN_EUR_MIRROR",406705636
"Lithuania","Hungary","Total","EXPORT","Total","Jan.-Dec. 2025","VALUE_IN_EUR",304530865
"Lithuania","Hungary","Total","EXPORT","Total","Jan.-Dec. 2025","VALUE_IN_EUR_MIRROR",233214993
"Lithuania","Hungary","Total","EXPORT","Total","Jan.-Dec. 2024","VALUE_IN_EUR",263112400
"Lithuania","Hungary","Total","EXPORT","Total","Jan.-Dec. 2024","VALUE_IN_EUR_MIRROR",259804997
"Lithuania","Ireland (Eire)","Total","IMPORT","Total","Jan.-Dec. 2025","VALUE_IN_EUR",142103959
"Lithuania","Ireland (Eire)","Total","IMPORT","Total","Jan.-Dec. 2025","VALUE_IN_EUR_MIRROR",96316357
"Lithuania","Ireland (Eire)","Total","IMPORT","Total","Jan.-Dec. 2024","VALUE_IN_EUR",144628679
"Lithuania","Ireland (Eire)","Total","IMPORT","Total","Jan.-Dec. 2024","VALUE_IN_EUR_MIRROR",101078280
"Lithuania","Ireland (Eire)","Total","EXPORT","Total","Jan.-Dec. 2025","VALUE_IN_EUR",191704288
"Lithuania","Ireland (Eire)","Total","EXPORT","Total","Jan.-Dec. 2025","VALUE_IN_EUR_MIRROR",145886955
"Lithuania","Ireland (Eire)","Total","EXPORT","Total","Jan.-Dec. 2024","VALUE_IN_EUR",180393420
"Lithuania","Ireland (Eire)","Total","EXPORT","Total","Jan.-Dec. 2024","VALUE_IN_EUR_MIRROR",161484568
"Lithuania","Italy (incl. San Marino 'SM' -> 1993)","Total","IMPORT","Total","Jan.-Dec. 2025","VALUE_IN_EUR",1291789059
"Lithuania","Italy (incl. San Marino 'SM' -> 1993)","Total","IMPORT","Total","Jan.-Dec. 2024","VALUE_IN_EUR",1227765813
"Lithuania","Italy (incl. San Marino 'SM' -> 1993)","Total","IMPORT","Total","Jan.-Dec. 2024","VALUE_IN_EUR_MIRROR",1443846793
"Lithuania","Italy (incl. San Marino 'SM' -> 1993)","Total","EXPORT","Total","Jan.-Dec. 2025","VALUE_IN_EUR",921061027
"Lithuania","Italy (incl. San Marino 'SM' -> 1993)","Total","EXPORT","Total","Jan.-Dec. 2024","VALUE_IN_EUR",934091335
"Lithuania","Italy (incl. San Marino 'SM' -> 1993)","Total","EXPORT","Total","Jan.-Dec. 2024","VALUE_IN_EUR_MIRROR",900226999
"Lithuania","Luxembourg","Total","IMPORT","Total","Jan.-Dec. 2025","VALUE_IN_EUR",34760796
"Lithuania","Luxembourg","Total","IMPORT","Total","Jan.-Dec. 2024","VALUE_IN_EUR",17618354
"Lithuania","Luxembourg","Total","IMPORT","Total","Jan.-Dec. 2024","VALUE_IN_EUR_MIRROR",32980128
"Lithuania","Luxembourg","Total","EXPORT","Total","Jan.-Dec. 2025","VALUE_IN_EUR",96736223
"Lithuania","Luxembourg","Total","EXPORT","Total","Jan.-Dec. 2024","VALUE_IN_EUR",88574404
"Lithuania","Luxembourg","Total","EXPORT","Total","Jan.-Dec. 2024","VALUE_IN_EUR_MIRROR",48111487
"Lithuania","Latvia","Total","IMPORT","Total","Jan.-Dec. 2025","VALUE_IN_EUR",3670162376
"Lithuania","Latvia","Total","IMPORT","Total","Jan.-Dec. 2025","VALUE_IN_EUR_MIRROR",3646752454
"Lithuania","Latvia","Total","IMPORT","Total","Jan.-Dec. 2024","VALUE_IN_EUR",3377336666
"Lithuania","Latvia","Total","IMPORT","Total","Jan.-Dec. 2024","VALUE_IN_EUR_MIRROR",3421896461
"Lithuania","Latvia","Total","EXPORT","Total","Jan.-Dec. 2025","VALUE_IN_EUR",4582205289
"Lithuania","Latvia","Total","EXPORT","Total","Jan.-Dec. 2025","VALUE_IN_EUR_MIRROR",4752568216
"Lithuania","Latvia","Total","EXPORT","Total","Jan.-Dec. 2024","VALUE_IN_EUR",4374378104
"Lithuania","Latvia","Total","EXPORT","Total","Jan.-Dec. 2024","VALUE_IN_EUR_MIRROR",4480839684
"Lithuania","Malta","Total","IMPORT","Total","Jan.-Dec. 2025","VALUE_IN_EUR",19839232
"Lithuania","Malta","Total","IMPORT","Total","Jan.-Dec. 2024","VALUE_IN_EUR",21329635
"Lithuania","Malta","Total","IMPORT","Total","Jan.-Dec. 2024","VALUE_IN_EUR_MIRROR",8483613
"Lithuania","Malta","Total","EXPORT","Total","Jan.-Dec. 2025","VALUE_IN_EUR",8072716
"Lithuania","Malta","Total","EXPORT","Total","Jan.-Dec. 2024","VALUE_IN_EUR",8107285
"Lithuania","Malta","Total","EXPORT","Total","Jan.-Dec. 2024","VALUE_IN_EUR_MIRROR",4896778
"Lithuania","Netherlands","Total","IMPORT","Total","Jan.-Dec. 2025","VALUE_IN_EUR",2253917838
"Lithuania","Netherlands","Total","IMPORT","Total","Jan.-Dec. 2024","VALUE_IN_EUR",2080363314
"Lithuania","Netherlands","Total","IMPORT","Total","Jan.-Dec. 2024","VALUE_IN_EUR_MIRROR",2219421916
"Lithuania","Netherlands","Total","EXPORT","Total","Jan.-Dec. 2025","VALUE_IN_EUR",2422749042
"Lithuania","Netherlands","Total","EXPORT","Total","Jan.-Dec. 2024","VALUE_IN_EUR",2492371508
"Lithuania","Netherlands","Total","EXPORT","Total","Jan.-Dec. 2024","VALUE_IN_EUR_MIRROR",2200232872
"Lithuania","Poland","Total","IMPORT","Total","Jan.-Dec. 2025","VALUE_IN_EUR",6016909956
"Lithuania","Poland","Total","IMPORT","Total","Jan.-Dec. 2024","VALUE_IN_EUR",5792027093
"Lithuania","Poland","Total","IMPORT","Total","Jan.-Dec. 2024","VALUE_IN_EUR_MIRROR",5979771098
"Lithuania","Poland","Total","EXPORT","Total","Jan.-Dec. 2025","VALUE_IN_EUR",3769158351
"Lithuania","Poland","Total","EXPORT","Total","Jan.-Dec. 2024","VALUE_IN_EUR",3636655826
"Lithuania","Poland","Total","EXPORT","Total","Jan.-Dec. 2024","VALUE_IN_EUR_MIRROR",3276266866
"Lithuania","Portugal","Total","IMPORT","Total","Jan.-Dec. 2025","VALUE_IN_EUR",60871814
"Lithuania","Portugal","Total","IMPORT","Total","Jan.-Dec. 2025","VALUE_IN_EUR_MIRROR",80351369
"Lithuania","Portugal","Total","IMPORT","Total","Jan.-Dec. 2024","VALUE_IN_EUR",63654572
"Lithuania","Portugal","Total","IMPORT","Total","Jan.-Dec. 2024","VALUE_IN_EUR_MIRROR",84811876
"Lithuania","Portugal","Total","EXPORT","Total","Jan.-Dec. 2025","VALUE_IN_EUR",143944402
"Lithuania","Portugal","Total","EXPORT","Total","Jan.-Dec. 2025","VALUE_IN_EUR_MIRROR",102860274
"Lithuania","Portugal","Total","EXPORT","Total","Jan.-Dec. 2024","VALUE_IN_EUR",119040963
"Lithuania","Portugal","Total","EXPORT","Total","Jan.-Dec. 2024","VALUE_IN_EUR_MIRROR",101912329
"Lithuania","Romania","Total","IMPORT","Total","Jan.-Dec. 2025","VALUE_IN_EUR",179130984
"Lithuania","Romania","Total","IMPORT","Total","Jan.-Dec. 2024","VALUE_IN_EUR",161770022
"Lithuania","Romania","Total","IMPORT","Total","Jan.-Dec. 2024","VALUE_IN_EUR_MIRROR",204719119
"Lithuania","Romania","Total","EXPORT","Total","Jan.-Dec. 2025","VALUE_IN_EUR",279017462
"Lithuania","Romania","Total","EXPORT","Total","Jan.-Dec. 2024","VALUE_IN_EUR",274118399
"Lithuania","Romania","Total","EXPORT","Total","Jan.-Dec. 2024","VALUE_IN_EUR_MIRROR",280846615
"Lithuania","Sweden","Total","IMPORT","Total","Jan.-Dec. 2025","VALUE_IN_EUR",1833880532
"Lithuania","Sweden","Total","IMPORT","Total","Jan.-Dec. 2024","VALUE_IN_EUR",1719232781
"Lithuania","Sweden","Total","IMPORT","Total","Jan.-Dec. 2024","VALUE_IN_EUR_MIRROR",1372450650
"Lithuania","Sweden","Total","EXPORT","Total","Jan.-Dec. 2025","VALUE_IN_EUR",1602942723
"Lithuania","Sweden","Total","EXPORT","Total","Jan.-Dec. 2024","VALUE_IN_EUR",1573550181
"Lithuania","Sweden","Total","EXPORT","Total","Jan.-Dec. 2024","VALUE_IN_EUR_MIRROR",1451537041
"Lithuania","Slovenia","Total","IMPORT","Total","Jan.-Dec. 2025","VALUE_IN_EUR",231565833
"Lithuania","Slovenia","Total","IMPORT","Total","Jan.-Dec. 2024","VALUE_IN_EUR",203084983
"Lithuania","Slovenia","Total","IMPORT","Total","Jan.-Dec. 2024","VALUE_IN_EUR_MIRROR",224920727
"Lithuania","Slovenia","Total","EXPORT","Total","Jan.-Dec. 2025","VALUE_IN_EUR",63679165
"Lithuania","Slovenia","Total","EXPORT","Total","Jan.-Dec. 2024","VALUE_IN_EUR",89225417
"Lithuania","Slovenia","Total","EXPORT","Total","Jan.-Dec. 2024","VALUE_IN_EUR_MIRROR",104287198
"Lithuania","Slovakia","Total","IMPORT","Total","Jan.-Dec. 2025","VALUE_IN_EUR",225553657
"Lithuania","Slovakia","Total","IMPORT","Total","Jan.-Dec. 2024","VALUE_IN_EUR",207872814
"Lithuania","Slovakia","Total","IMPORT","Total","Jan.-Dec. 2024","VALUE_IN_EUR_MIRROR",267168868
"Lithuania","Slovakia","Total","EXPORT","Total","Jan.-Dec. 2025","VALUE_IN_EUR",235772578
"Lithuania","Slovakia","Total","EXPORT","Total","Jan.-Dec. 2024","VALUE_IN_EUR",226573281
"Lithuania","Slovakia","Total","EXPORT","Total","Jan.-Dec. 2024","VALUE_IN_EUR_MIRROR",238145833
"Luxembourg","Austria","Total","IMPORT","Total","Jan.-Dec. 2024","VALUE_IN_EUR",241544787
"Luxembourg","Austria","Total","IMPORT","Total","Jan.-Dec. 2024","VALUE_IN_EUR_MIRROR",221820741
"Luxembourg","Austria","Total","EXPORT","Total","Jan.-Dec. 2024","VALUE_IN_EUR",296475778
"Luxembourg","Austria","Total","EXPORT","Total","Jan.-Dec. 2024","VALUE_IN_EUR_MIRROR",551070734
"Luxembourg","Belgium (incl. Luxembourg 'LU' -> 1998)","Total","IMPORT","Total","Jan.-Dec. 2024","VALUE_IN_EUR",7932559697
"Luxembourg","Belgium (incl. Luxembourg 'LU' -> 1998)","Total","IMPORT","Total","Jan.-Dec. 2024","VALUE_IN_EUR_MIRROR",7531905913
"Luxembourg","Belgium (incl. Luxembourg 'LU' -> 1998)","Total","EXPORT","Total","Jan.-Dec. 2024","VALUE_IN_EUR",1906264138
"Luxembourg","Belgium (incl. Luxembourg 'LU' -> 1998)","Total","EXPORT","Total","Jan.-Dec. 2024","VALUE_IN_EUR_MIRROR",1804400101
"Luxembourg","Bulgaria","Total","IMPORT","Total","Jan.-Dec. 2024","VALUE_IN_EUR",8006082
"Luxembourg","Bulgaria","Total","IMPORT","Total","Jan.-Dec. 2024","VALUE_IN_EUR_MIRROR",15003055
"Luxembourg","Bulgaria","Total","EXPORT","Total","Jan.-Dec. 2024","VALUE_IN_EUR",38013394
"Luxembourg","Bulgaria","Total","EXPORT","Total","Jan.-Dec. 2024","VALUE_IN_EUR_MIRROR",35939445
"Luxembourg","Cyprus","Total","IMPORT","Total","Jan.-Dec. 2024","VALUE_IN_EUR",2483935
"Luxembourg","Cyprus","Total","IMPORT","Total","Jan.-Dec. 2024","VALUE_IN_EUR_MIRROR",3351
"Luxembourg","Cyprus","Total","EXPORT","Total","Jan.-Dec. 2024","VALUE_IN_EUR",5385321
"Luxembourg","Cyprus","Total","EXPORT","Total","Jan.-Dec. 2024","VALUE_IN_EUR_MIRROR",8032597
"Luxembourg","Czechia","Total","IMPORT","Total","Jan.-Dec. 2025","VALUE_IN_EUR_MIRROR",409086041
"Luxembourg","Czechia","Total","IMPORT","Total","Jan.-Dec. 2024","VALUE_IN_EUR",249179075
"Luxembourg","Czechia","Total","IMPORT","Total","Jan.-Dec. 2024","VALUE_IN_EUR_MIRROR",424144750
"Luxembourg","Czechia","Total","EXPORT","Total","Jan.-Dec. 2025","VALUE_IN_EUR_MIRROR",406367191
"Luxembourg","Czechia","Total","EXPORT","Total","Jan.-Dec. 2024","VALUE_IN_EUR",163010013
"Luxembourg","Czechia","Total","EXPORT","Total","Jan.-Dec. 2024","VALUE_IN_EUR_MIRROR",377063924
"Luxembourg","Germany (incl. German Democratic Republic 'DD' from 1991)","Total","IMPORT","Total","Jan.-Dec. 2024","VALUE_IN_EUR",6783296470
"Luxembourg","Germany (incl. German Democratic Republic 'DD' from 1991)","Total","IMPORT","Total","Jan.-Dec. 2024","VALUE_IN_EUR_MIRROR",6631363889
"Luxembourg","Germany (incl. German Democratic Republic 'DD' from 1991)","Total","EXPORT","Total","Jan.-Dec. 2024","VALUE_IN_EUR",3782519224
"Luxembourg","Germany (incl. German Democratic Republic 'DD' from 1991)","Total","EXPORT","Total","Jan.-Dec. 2024","VALUE_IN_EUR_MIRROR",4432792049
"Luxembourg","Denmark","Total","IMPORT","Total","Jan.-Dec. 2024","VALUE_IN_EUR",78891418
"Luxembourg","Denmark","Total","IMPORT","Total","Jan.-Dec. 2024","VALUE_IN_EUR_MIRROR",109331031
"Luxembourg","Denmark","Total","EXPORT","Total","Jan.-Dec. 2024","VALUE_IN_EUR",126646357
"Luxembourg","Denmark","Total","EXPORT","Total","Jan.-Dec. 2024","VALUE_IN_EUR_MIRROR",252374311
"Luxembourg","Estonia","Total","IMPORT","Total","Jan.-Dec. 2025","VALUE_IN_EUR_MIRROR",2768210
"Luxembourg","Estonia","Total","IMPORT","Total","Jan.-Dec. 2024","VALUE_IN_EUR",1842464
"Luxembourg","Estonia","Total","IMPORT","Total","Jan.-Dec. 2024","VALUE_IN_EUR_MIRROR",2624044
"Luxembourg","Estonia","Total","EXPORT","Total","Jan.-Dec. 2025","VALUE_IN_EUR_MIRROR",7286704
"Luxembourg","Estonia","Total","EXPORT","Total","Jan.-Dec. 2024","VALUE_IN_EUR",8394374
"Luxembourg","Estonia","Total","EXPORT","Total","Jan.-Dec. 2024","VALUE_IN_EUR_MIRROR",17113166
"Luxembourg","Spain (incl. Canary Islands 'XB' from 1997)","Total","IMPORT","Total","Jan.-Dec. 2025","VALUE_IN_EUR_MIRROR",623966957
"Luxembourg","Spain (incl. Canary Islands 'XB' from 1997)","Total","IMPORT","Total","Jan.-Dec. 2024","VALUE_IN_EUR",401682759
"Luxembourg","Spain (incl. Canary Islands 'XB' from 1997)","Total","IMPORT","Total","Jan.-Dec. 2024","VALUE_IN_EUR_MIRROR",522727343
"Luxembourg","Spain (incl. Canary Islands 'XB' from 1997)","Total","EXPORT","Total","Jan.-Dec. 2025","VALUE_IN_EUR_MIRROR",763176464
"Luxembourg","Spain (incl. Canary Islands 'XB' from 1997)","Total","EXPORT","Total","Jan.-Dec. 2024","VALUE_IN_EUR",492850349
"Luxembourg","Spain (incl. Canary Islands 'XB' from 1997)","Total","EXPORT","Total","Jan.-Dec. 2024","VALUE_IN_EUR_MIRROR",750177414
"Luxembourg","Finland","Total","IMPORT","Total","Jan.-Dec. 2024","VALUE_IN_EUR",39900459
"Luxembourg","Finland","Total","IMPORT","Total","Jan.-Dec. 2024","VALUE_IN_EUR_MIRROR",39204516
"Luxembourg","Finland","Total","EXPORT","Total","Jan.-Dec. 2024","VALUE_IN_EUR",63312683
"Luxembourg","Finland","Total","EXPORT","Total","Jan.-Dec. 2024","VALUE_IN_EUR_MIRROR",142121312
"Luxembourg","France (incl. Saint Barthélemy 'BL' -> 2012; incl. French Guiana 'GF', Guadeloupe 'GP', Martinique 'MQ', Réunion 'RE' from 1997; incl. Mayotte 'YT' from 2014)","Total","IMPORT","Total","Jan.-Dec. 2024","VALUE_IN_EUR",3013439260
"Luxembourg","France (incl. Saint Barthélemy 'BL' -> 2012; incl. French Guiana 'GF', Guadeloupe 'GP', Martinique 'MQ', Réunion 'RE' from 1997; incl. Mayotte 'YT' from 2014)","Total","IMPORT","Total","Jan.-Dec. 2024","VALUE_IN_EUR_MIRROR",3118489366
"Luxembourg","France (incl. Saint Barthélemy 'BL' -> 2012; incl. French Guiana 'GF', Guadeloupe 'GP', Martinique 'MQ', Réunion 'RE' from 1997; incl. Mayotte 'YT' from 2014)","Total","EXPORT","Total","Jan.-Dec. 2024","VALUE_IN_EUR",2300664792
"Luxembourg","France (incl. Saint Barthélemy 'BL' -> 2012; incl. French Guiana 'GF', Guadeloupe 'GP', Martinique 'MQ', Réunion 'RE' from 1997; incl. Mayotte 'YT' from 2014)","Total","EXPORT","Total","Jan.-Dec. 2024","VALUE_IN_EUR_MIRROR",2564040187
"Luxembourg","Greece","Total","IMPORT","Total","Jan.-Dec. 2025","VALUE_IN_EUR_MIRROR",35721353
"Luxembourg","Greece","Total","IMPORT","Total","Jan.-Dec. 2024","VALUE_IN_EUR",14892772
"Luxembourg","Greece","Total","IMPORT","Total","Jan.-Dec. 2024","VALUE_IN_EUR_MIRROR",56506600
"Luxembourg","Greece","Total","EXPORT","Total","Jan.-Dec. 2025","VALUE_IN_EUR_MIRROR",86917978
"Luxembourg","Greece","Total","EXPORT","Total","Jan.-Dec. 2024","VALUE_IN_EUR",39462921
"Luxembourg","Greece","Total","EXPORT","Total","Jan.-Dec. 2024","VALUE_IN_EUR_MIRROR",60499840
"Luxembourg","Croatia","Total","IMPORT","Total","Jan.-Dec. 2024","VALUE_IN_EUR",13213475
"Luxembourg","Croatia","Total","IMPORT","Total","Jan.-Dec. 2024","VALUE_IN_EUR_MIRROR",13150428
"Luxembourg","Croatia","Total","EXPORT","Total","Jan.-Dec. 2024","VALUE_IN_EUR",14023967
"Luxembourg","Croatia","Total","EXPORT","Total","Jan.-Dec. 2024","VALUE_IN_EUR_MIRROR",36593396
"Luxembourg","Hungary","Total","IMPORT","Total","Jan.-Dec. 2025","VALUE_IN_EUR_MIRROR",149473914
"Luxembourg","Hungary","Total","IMPORT","Total","Jan.-Dec. 2024","VALUE_IN_EUR",135513664
"Luxembourg","Hungary","Total","IMPORT","Total","Jan.-Dec. 2024","VALUE_IN_EUR_MIRROR",310887382
"Luxembourg","Hungary","Total","EXPORT","Total","Jan.-Dec. 2025","VALUE_IN_EUR_MIRROR",156183622
"Luxembourg","Hungary","Total","EXPORT","Total","Jan.-Dec. 2024","VALUE_IN_EUR",106833855
"Luxembourg","Hungary","Total","EXPORT","Total","Jan.-Dec. 2024","VALUE_IN_EUR_MIRROR",134390701
"Luxembourg","Ireland (Eire)","Total","IMPORT","Total","Jan.-Dec. 2025","VALUE_IN_EUR_MIRROR",136784631
"Luxembourg","Ireland (Eire)","Total","IMPORT","Total","Jan.-Dec. 2024","VALUE_IN_EUR",157169342
"Luxembourg","Ireland (Eire)","Total","IMPORT","Total","Jan.-Dec. 2024","VALUE_IN_EUR_MIRROR",103191958
"Luxembourg","Ireland (Eire)","Total","EXPORT","Total","Jan.-Dec. 2025","VALUE_IN_EUR_MIRROR",83068875
"Luxembourg","Ireland (Eire)","Total","EXPORT","Total","Jan.-Dec. 2024","VALUE_IN_EUR",72522438
"Luxembourg","Ireland (Eire)","Total","EXPORT","Total","Jan.-Dec. 2024","VALUE_IN_EUR_MIRROR",84484924
"Luxembourg","Italy (incl. San Marino 'SM' -> 1993)","Total","IMPORT","Total","Jan.-Dec. 2024","VALUE_IN_EUR",706562628
"Luxembourg","Italy (incl. San Marino 'SM' -> 1993)","Total","IMPORT","Total","Jan.-Dec. 2024","VALUE_IN_EUR_MIRROR",815315667
"Luxembourg","Italy (incl. San Marino 'SM' -> 1993)","Total","EXPORT","Total","Jan.-Dec. 2024","VALUE_IN_EUR",682938669
"Luxembourg","Italy (incl. San Marino 'SM' -> 1993)","Total","EXPORT","Total","Jan.-Dec. 2024","VALUE_IN_EUR_MIRROR",1007328740
"Luxembourg","Lithuania","Total","IMPORT","Total","Jan.-Dec. 2025","VALUE_IN_EUR_MIRROR",96736223
"Luxembourg","Lithuania","Total","IMPORT","Total","Jan.-Dec. 2024","VALUE_IN_EUR",48111487
"Luxembourg","Lithuania","Total","IMPORT","Total","Jan.-Dec. 2024","VALUE_IN_EUR_MIRROR",88574404
"Luxembourg","Lithuania","Total","EXPORT","Total","Jan.-Dec. 2025","VALUE_IN_EUR_MIRROR",34760796
"Luxembourg","Lithuania","Total","EXPORT","Total","Jan.-Dec. 2024","VALUE_IN_EUR",32980128
"Luxembourg","Lithuania","Total","EXPORT","Total","Jan.-Dec. 2024","VALUE_IN_EUR_MIRROR",17618354
"Luxembourg","Latvia","Total","IMPORT","Total","Jan.-Dec. 2025","VALUE_IN_EUR_MIRROR",14056319
"Luxembourg","Latvia","Total","IMPORT","Total","Jan.-Dec. 2024","VALUE_IN_EUR",8424960
"Luxembourg","Latvia","Total","IMPORT","Total","Jan.-Dec. 2024","VALUE_IN_EUR_MIRROR",12274282
"Luxembourg","Latvia","Total","EXPORT","Total","Jan.-Dec. 2025","VALUE_IN_EUR_MIRROR",27454490
"Luxembourg","Latvia","Total","EXPORT","Total","Jan.-Dec. 2024","VALUE_IN_EUR",10605273
"Luxembourg","Latvia","Total","EXPORT","Total","Jan.-Dec. 2024","VALUE_IN_EUR_MIRROR",11332148
"Luxembourg","Malta","Total","IMPORT","Total","Jan.-Dec. 2024","VALUE_IN_EUR",1512162
"Luxembourg","Malta","Total","IMPORT","Total","Jan.-Dec. 2024","VALUE_IN_EUR_MIRROR",445279
"Luxembourg","Malta","Total","EXPORT","Total","Jan.-Dec. 2024","VALUE_IN_EUR",3306468
"Luxembourg","Malta","Total","EXPORT","Total","Jan.-Dec. 2024","VALUE_IN_EUR_MIRROR",4004597
"Luxembourg","Netherlands","Total","IMPORT","Total","Jan.-Dec. 2024","VALUE_IN_EUR",1451764716
"Luxembourg","Netherlands","Total","IMPORT","Total","Jan.-Dec. 2024","VALUE_IN_EUR_MIRROR",2417925333
"Luxembourg","Netherlands","Total","EXPORT","Total","Jan.-Dec. 2024","VALUE_IN_EUR",929478650
"Luxembourg","Netherlands","Total","EXPORT","Total","Jan.-Dec. 2024","VALUE_IN_EUR_MIRROR",1178490786
"Luxembourg","Poland","Total","IMPORT","Total","Jan.-Dec. 2024","VALUE_IN_EUR",480117746
"Luxembourg","Poland","Total","IMPORT","Total","Jan.-Dec. 2024","VALUE_IN_EUR_MIRROR",565520341
"Luxembourg","Poland","Total","EXPORT","Total","Jan.-Dec. 2024","VALUE_IN_EUR",377595695
"Luxembourg","Poland","Total","EXPORT","Total","Jan.-Dec. 2024","VALUE_IN_EUR_MIRROR",447084377
"Luxembourg","Portugal","Total","IMPORT","Total","Jan.-Dec. 2025","VALUE_IN_EUR_MIRROR",133856322
"Luxembourg","Portugal","Total","IMPORT","Total","Jan.-Dec. 2024","VALUE_IN_EUR",90117473
"Luxembourg","Portugal","Total","IMPORT","Total","Jan.-Dec. 2024","VALUE_IN_EUR_MIRROR",128715532
"Luxembourg","Portugal","Total","EXPORT","Total","Jan.-Dec. 2025","VALUE_IN_EUR_MIRROR",103036077
"Luxembourg","Portugal","Total","EXPORT","Total","Jan.-Dec. 2024","VALUE_IN_EUR",93005212
"Luxembourg","Portugal","Total","EXPORT","Total","Jan.-Dec. 2024","VALUE_IN_EUR_MIRROR",93635330
"Luxembourg","Romania","Total","IMPORT","Total","Jan.-Dec. 2024","VALUE_IN_EUR",11454438
"Luxembourg","Romania","Total","IMPORT","Total","Jan.-Dec. 2024","VALUE_IN_EUR_MIRROR",22978624
"Luxembourg","Romania","Total","EXPORT","Total","Jan.-Dec. 2024","VALUE_IN_EUR",109278484
"Luxembourg","Romania","Total","EXPORT","Total","Jan.-Dec. 2024","VALUE_IN_EUR_MIRROR",140413276
"Luxembourg","Sweden","Total","IMPORT","Total","Jan.-Dec. 2024","VALUE_IN_EUR",88258037
"Luxembourg","Sweden","Total","IMPORT","Total","Jan.-Dec. 2024","VALUE_IN_EUR_MIRROR",92888365
"Luxembourg","Sweden","Total","EXPORT","Total","Jan.-Dec. 2024","VALUE_IN_EUR",170874740
"Luxembourg","Sweden","Total","EXPORT","Total","Jan.-Dec. 2024","VALUE_IN_EUR_MIRROR",266601351
"Luxembourg","Slovenia","Total","IMPORT","Total","Jan.-Dec. 2024","VALUE_IN_EUR",20648551
"Luxembourg","Slovenia","Total","IMPORT","Total","Jan.-Dec. 2024","VALUE_IN_EUR_MIRROR",32575456
"Luxembourg","Slovenia","Total","EXPORT","Total","Jan.-Dec. 2024","VALUE_IN_EUR",42824327
"Luxembourg","Slovenia","Total","EXPORT","Total","Jan.-Dec. 2024","VALUE_IN_EUR_MIRROR",51362276
"Luxembourg","Slovakia","Total","IMPORT","Total","Jan.-Dec. 2024","VALUE_IN_EUR",63574773
"Luxembourg","Slovakia","Total","IMPORT","Total","Jan.-Dec. 2024","VALUE_IN_EUR_MIRROR",116772681
"Luxembourg","Slovakia","Total","EXPORT","Total","Jan.-Dec. 2024","VALUE_IN_EUR",70575647
"Luxembourg","Slovakia","Total","EXPORT","Total","Jan.-Dec. 2024","VALUE_IN_EUR_MIRROR",161233853
"Latvia","Austria","Total","IMPORT","Total","Jan.-Dec. 2025","VALUE_IN_EUR",237911635
"Latvia","Austria","Total","IMPORT","Total","Jan.-Dec. 2024","VALUE_IN_EUR",218782573
"Latvia","Austria","Total","IMPORT","Total","Jan.-Dec. 2024","VALUE_IN_EUR_MIRROR",198459364
"Latvia","Austria","Total","EXPORT","Total","Jan.-Dec. 2025","VALUE_IN_EUR",110537759
"Latvia","Austria","Total","EXPORT","Total","Jan.-Dec. 2024","VALUE_IN_EUR",116126017
"Latvia","Austria","Total","EXPORT","Total","Jan.-Dec. 2024","VALUE_IN_EUR_MIRROR",89689974
"Latvia","Belgium (incl. Luxembourg 'LU' -> 1998)","Total","IMPORT","Total","Jan.-Dec. 2025","VALUE_IN_EUR",442698703
"Latvia","Belgium (incl. Luxembourg 'LU' -> 1998)","Total","IMPORT","Total","Jan.-Dec. 2024","VALUE_IN_EUR",457053705
"Latvia","Belgium (incl. Luxembourg 'LU' -> 1998)","Total","IMPORT","Total","Jan.-Dec. 2024","VALUE_IN_EUR_MIRROR",472930583
"Latvia","Belgium (incl. Luxembourg 'LU' -> 1998)","Total","EXPORT","Total","Jan.-Dec. 2025","VALUE_IN_EUR",264397541
"Latvia","Belgium (incl. Luxembourg 'LU' -> 1998)","Total","EXPORT","Total","Jan.-Dec. 2024","VALUE_IN_EUR",286324334
"Latvia","Belgium (incl. Luxembourg 'LU' -> 1998)","Total","EXPORT","Total","Jan.-Dec. 2024","VALUE_IN_EUR_MIRROR",179520500
"Latvia","Bulgaria","Total","IMPORT","Total","Jan.-Dec. 2025","VALUE_IN_EUR",81891556
"Latvia","Bulgaria","Total","IMPORT","Total","Jan.-Dec. 2024","VALUE_IN_EUR",55322929
"Latvia","Bulgaria","Total","IMPORT","Total","Jan.-Dec. 2024","VALUE_IN_EUR_MIRROR",46142975
"Latvia","Bulgaria","Total","EXPORT","Total","Jan.-Dec. 2025","VALUE_IN_EUR",72419571
"Latvia","Bulgaria","Total","EXPORT","Total","Jan.-Dec. 2024","VALUE_IN_EUR",66891919
"Latvia","Bulgaria","Total","EXPORT","Total","Jan.-Dec. 2024","VALUE_IN_EUR_MIRROR",44210885
"Latvia","Cyprus","Total","IMPORT","Total","Jan.-Dec. 2025","VALUE_IN_EUR",41700821
"Latvia","Cyprus","Total","IMPORT","Total","Jan.-Dec. 2024","VALUE_IN_EUR",16281153
"Latvia","Cyprus","Total","IMPORT","Total","Jan.-Dec. 2024","VALUE_IN_EUR_MIRROR",4333905
"Latvia","Cyprus","Total","EXPORT","Total","Jan.-Dec. 2025","VALUE_IN_EUR",47294222
"Latvia","Cyprus","Total","EXPORT","Total","Jan.-Dec. 2024","VALUE_IN_EUR",22116323
"Latvia","Cyprus","Total","EXPORT","Total","Jan.-Dec. 2024","VALUE_IN_EUR_MIRROR",8620079
"Latvia","Czechia","Total","IMPORT","Total","Jan.-Dec. 2025","VALUE_IN_EUR",316194866
"Latvia","Czechia","Total","IMPORT","Total","Jan.-Dec. 2025","VALUE_IN_EUR_MIRROR",348294551
"Latvia","Czechia","Total","IMPORT","Total","Jan.-Dec. 2024","VALUE_IN_EUR",421819928
"Latvia","Czechia","Total","IMPORT","Total","Jan.-Dec. 2024","VALUE_IN_EUR_MIRROR",479445341
"Latvia","Czechia","Total","EXPORT","Total","Jan.-Dec. 2025","VALUE_IN_EUR",239436391
"Latvia","Czechia","Total","EXPORT","Total","Jan.-Dec. 2025","VALUE_IN_EUR_MIRROR",235545975
"Latvia","Czechia","Total","EXPORT","Total","Jan.-Dec. 2024","VALUE_IN_EUR",220112745
"Latvia","Czechia","Total","EXPORT","Total","Jan.-Dec. 2024","VALUE_IN_EUR_MIRROR",196475119
"Latvia","Germany (incl. German Democratic Republic 'DD' from 1991)","Total","IMPORT","Total","Jan.-Dec. 2025","VALUE_IN_EUR",2812713835
"Latvia","Germany (incl. German Democratic Republic 'DD' from 1991)","Total","IMPORT","Total","Jan.-Dec. 2024","VALUE_IN_EUR",2528799789
"Latvia","Germany (incl. German Democratic Republic 'DD' from 1991)","Total","IMPORT","Total","Jan.-Dec. 2024","VALUE_IN_EUR_MIRROR",2506234603
"Latvia","Germany (incl. German Democratic Republic 'DD' from 1991)","Total","EXPORT","Total","Jan.-Dec. 2025","VALUE_IN_EUR",1318377667
"Latvia","Germany (incl. German Democratic Republic 'DD' from 1991)","Total","EXPORT","Total","Jan.-Dec. 2024","VALUE_IN_EUR",1249452735
"Latvia","Germany (incl. German Democratic Republic 'DD' from 1991)","Total","EXPORT","Total","Jan.-Dec. 2024","VALUE_IN_EUR_MIRROR",1036730408
"Latvia","Denmark","Total","IMPORT","Total","Jan.-Dec. 2025","VALUE_IN_EUR",534372142
"Latvia","Denmark","Total","IMPORT","Total","Jan.-Dec. 2024","VALUE_IN_EUR",428097624
"Latvia","Denmark","Total","IMPORT","Total","Jan.-Dec. 2024","VALUE_IN_EUR_MIRROR",368883747
"Latvia","Denmark","Total","EXPORT","Total","Jan.-Dec. 2025","VALUE_IN_EUR",757772002
"Latvia","Denmark","Total","EXPORT","Total","Jan.-Dec. 2024","VALUE_IN_EUR",809824999
"Latvia","Denmark","Total","EXPORT","Total","Jan.-Dec. 2024","VALUE_IN_EUR_MIRROR",789785194
"Latvia","Estonia","Total","IMPORT","Total","Jan.-Dec. 2025","VALUE_IN_EUR",2142561948
"Latvia","Estonia","Total","IMPORT","Total","Jan.-Dec. 2025","VALUE_IN_EUR_MIRROR",2082866480
"Latvia","Estonia","Total","IMPORT","Total","Jan.-Dec. 2024","VALUE_IN_EUR",1869373663
"Latvia","Estonia","Total","IMPORT","Total","Jan.-Dec. 2024","VALUE_IN_EUR_MIRROR",1935558929
"Latvia","Estonia","Total","EXPORT","Total","Jan.-Dec. 2025","VALUE_IN_EUR",2239399766
"Latvia","Estonia","Total","EXPORT","Total","Jan.-Dec. 2025","VALUE_IN_EUR_MIRROR",2523219984
"Latvia","Estonia","Total","EXPORT","Total","Jan.-Dec. 2024","VALUE_IN_EUR",2221901070
"Latvia","Estonia","Total","EXPORT","Total","Jan.-Dec. 2024","VALUE_IN_EUR_MIRROR",2250888057
"Latvia","Spain (incl. Canary Islands 'XB' from 1997)","Total","IMPORT","Total","Jan.-Dec. 2025","VALUE_IN_EUR",335105036
"Latvia","Spain (incl. Canary Islands 'XB' from 1997)","Total","IMPORT","Total","Jan.-Dec. 2025","VALUE_IN_EUR_MIRROR",388364325
"Latvia","Spain (incl. Canary Islands 'XB' from 1997)","Total","IMPORT","Total","Jan.-Dec. 2024","VALUE_IN_EUR",294231240
"Latvia","Spain (incl. Canary Islands 'XB' from 1997)","Total","IMPORT","Total","Jan.-Dec. 2024","VALUE_IN_EUR_MIRROR",347269312
"Latvia","Spain (incl. Canary Islands 'XB' from 1997)","Total","EXPORT","Total","Jan.-Dec. 2025","VALUE_IN_EUR",359588691
"Latvia","Spain (incl. Canary Islands 'XB' from 1997)","Total","EXPORT","Total","Jan.-Dec. 2025","VALUE_IN_EUR_MIRROR",319226178
"Latvia","Spain (incl. Canary Islands 'XB' from 1997)","Total","EXPORT","Total","Jan.-Dec. 2024","VALUE_IN_EUR",262909973
"Latvia","Spain (incl. Canary Islands 'XB' from 1997)","Total","EXPORT","Total","Jan.-Dec. 2024","VALUE_IN_EUR_MIRROR",242720667
"Latvia","Finland","Total","IMPORT","Total","Jan.-Dec. 2025","VALUE_IN_EUR",1245650285
"Latvia","Finland","Total","IMPORT","Total","Jan.-Dec. 2024","VALUE_IN_EUR",1211578823
"Latvia","Finland","Total","IMPORT","Total","Jan.-Dec. 2024","VALUE_IN_EUR_MIRROR",988460753
"Latvia","Finland","Total","EXPORT","Total","Jan.-Dec. 2025","VALUE_IN_EUR",597238626
"Latvia","Finland","Total","EXPORT","Total","Jan.-Dec. 2024","VALUE_IN_EUR",558089838
"Latvia","Finland","Total","EXPORT","Total","Jan.-Dec. 2024","VALUE_IN_EUR_MIRROR",539974567
"Latvia","France (incl. Saint Barthélemy 'BL' -> 2012; incl. French Guiana 'GF', Guadeloupe 'GP', Martinique 'MQ', Réunion 'RE' from 1997; incl. Mayotte 'YT' from 2014)","Total","IMPORT","Total","Jan.-Dec. 2025","VALUE_IN_EUR",416021837
"Latvia","France (incl. Saint Barthélemy 'BL' -> 2012; incl. French Guiana 'GF', Guadeloupe 'GP', Martinique 'MQ', Réunion 'RE' from 1997; incl. Mayotte 'YT' from 2014)","Total","IMPORT","Total","Jan.-Dec. 2024","VALUE_IN_EUR",372427098
"Latvia","France (incl. Saint Barthélemy 'BL' -> 2012; incl. French Guiana 'GF', Guadeloupe 'GP', Martinique 'MQ', Réunion 'RE' from 1997; incl. Mayotte 'YT' from 2014)","Total","IMPORT","Total","Jan.-Dec. 2024","VALUE_IN_EUR_MIRROR",479984436
"Latvia","France (incl. Saint Barthélemy 'BL' -> 2012; incl. French Guiana 'GF', Guadeloupe 'GP', Martinique 'MQ', Réunion 'RE' from 1997; incl. Mayotte 'YT' from 2014)","Total","EXPORT","Total","Jan.-Dec. 2025","VALUE_IN_EUR",519652787
"Latvia","France (incl. Saint Barthélemy 'BL' -> 2012; incl. French Guiana 'GF', Guadeloupe 'GP', Martinique 'MQ', Réunion 'RE' from 1997; incl. Mayotte 'YT' from 2014)","Total","EXPORT","Total","Jan.-Dec. 2024","VALUE_IN_EUR",478674929
"Latvia","France (incl. Saint Barthélemy 'BL' -> 2012; incl. French Guiana 'GF', Guadeloupe 'GP', Martinique 'MQ', Réunion 'RE' from 1997; incl. Mayotte 'YT' from 2014)","Total","EXPORT","Total","Jan.-Dec. 2024","VALUE_IN_EUR_MIRROR",373858242
"Latvia","Greece","Total","IMPORT","Total","Jan.-Dec. 2025","VALUE_IN_EUR",35279787
"Latvia","Greece","Total","IMPORT","Total","Jan.-Dec. 2025","VALUE_IN_EUR_MIRROR",49508976
"Latvia","Greece","Total","IMPORT","Total","Jan.-Dec. 2024","VALUE_IN_EUR",37807040
"Latvia","Greece","Total","IMPORT","Total","Jan.-Dec. 2024","VALUE_IN_EUR_MIRROR",45318181
"Latvia","Greece","Total","EXPORT","Total","Jan.-Dec. 2025","VALUE_IN_EUR",46508569
"Latvia","Greece","Total","EXPORT","Total","Jan.-Dec. 2025","VALUE_IN_EUR_MIRROR",51610352
"Latvia","Greece","Total","EXPORT","Total","Jan.-Dec. 2024","VALUE_IN_EUR",36711442
"Latvia","Greece","Total","EXPORT","Total","Jan.-Dec. 2024","VALUE_IN_EUR_MIRROR",37063586
"Latvia","Croatia","Total","IMPORT","Total","Jan.-Dec. 2025","VALUE_IN_EUR",31559004
"Latvia","Croatia","Total","IMPORT","Total","Jan.-Dec. 2024","VALUE_IN_EUR",31898595
"Latvia","Croatia","Total","IMPORT","Total","Jan.-Dec. 2024","VALUE_IN_EUR_MIRROR",38207772
"Latvia","Croatia","Total","EXPORT","Total","Jan.-Dec. 2025","VALUE_IN_EUR",25409335
"Latvia","Croatia","Total","EXPORT","Total","Jan.-Dec. 2024","VALUE_IN_EUR",21498889
"Latvia","Croatia","Total","EXPORT","Total","Jan.-Dec. 2024","VALUE_IN_EUR_MIRROR",17207101
"Latvia","Hungary","Total","IMPORT","Total","Jan.-Dec. 2025","VALUE_IN_EUR",191470768
"Latvia","Hungary","Total","IMPORT","Total","Jan.-Dec. 2025","VALUE_IN_EUR_MIRROR",222429752
"Latvia","Hungary","Total","IMPORT","Total","Jan.-Dec. 2024","VALUE_IN_EUR",186721945
"Latvia","Hungary","Total","IMPORT","Total","Jan.-Dec. 2024","VALUE_IN_EUR_MIRROR",194009991
"Latvia","Hungary","Total","EXPORT","Total","Jan.-Dec. 2025","VALUE_IN_EUR",115230972
"Latvia","Hungary","Total","EXPORT","Total","Jan.-Dec. 2025","VALUE_IN_EUR_MIRROR",65769881
"Latvia","Hungary","Total","EXPORT","Total","Jan.-Dec. 2024","VALUE_IN_EUR",124442468
"Latvia","Hungary","Total","EXPORT","Total","Jan.-Dec. 2024","VALUE_IN_EUR_MIRROR",64241872
"Latvia","Ireland (Eire)","Total","IMPORT","Total","Jan.-Dec. 2025","VALUE_IN_EUR",103094941
"Latvia","Ireland (Eire)","Total","IMPORT","Total","Jan.-Dec. 2025","VALUE_IN_EUR_MIRROR",53339426
"Latvia","Ireland (Eire)","Total","IMPORT","Total","Jan.-Dec. 2024","VALUE_IN_EUR",88951923
"Latvia","Ireland (Eire)","Total","IMPORT","Total","Jan.-Dec. 2024","VALUE_IN_EUR_MIRROR",59553490
"Latvia","Ireland (Eire)","Total","EXPORT","Total","Jan.-Dec. 2025","VALUE_IN_EUR",114210765
"Latvia","Ireland (Eire)","Total","EXPORT","Total","Jan.-Dec. 2025","VALUE_IN_EUR_MIRROR",85826817
"Latvia","Ireland (Eire)","Total","EXPORT","Total","Jan.-Dec. 2024","VALUE_IN_EUR",95447603
"Latvia","Ireland (Eire)","Total","EXPORT","Total","Jan.-Dec. 2024","VALUE_IN_EUR_MIRROR",72059724
"Latvia","Italy (incl. San Marino 'SM' -> 1993)","Total","IMPORT","Total","Jan.-Dec. 2025","VALUE_IN_EUR",768139970
"Latvia","Italy (incl. San Marino 'SM' -> 1993)","Total","IMPORT","Total","Jan.-Dec. 2024","VALUE_IN_EUR",764945983
"Latvia","Italy (incl. San Marino 'SM' -> 1993)","Total","IMPORT","Total","Jan.-Dec. 2024","VALUE_IN_EUR_MIRROR",818630482
"Latvia","Italy (incl. San Marino 'SM' -> 1993)","Total","EXPORT","Total","Jan.-Dec. 2025","VALUE_IN_EUR",332875126
"Latvia","Italy (incl. San Marino 'SM' -> 1993)","Total","EXPORT","Total","Jan.-Dec. 2024","VALUE_IN_EUR",301133495
"Latvia","Italy (incl. San Marino 'SM' -> 1993)","Total","EXPORT","Total","Jan.-Dec. 2024","VALUE_IN_EUR_MIRROR",338599194
"Latvia","Lithuania","Total","IMPORT","Total","Jan.-Dec. 2025","VALUE_IN_EUR",4752568216
"Latvia","Lithuania","Total","IMPORT","Total","Jan.-Dec. 2025","VALUE_IN_EUR_MIRROR",4582205289
"Latvia","Lithuania","Total","IMPORT","Total","Jan.-Dec. 2024","VALUE_IN_EUR",4480839684
"Latvia","Lithuania","Total","IMPORT","Total","Jan.-Dec. 2024","VALUE_IN_EUR_MIRROR",4374378104
"Latvia","Lithuania","Total","EXPORT","Total","Jan.-Dec. 2025","VALUE_IN_EUR",3646752454
"Latvia","Lithuania","Total","EXPORT","Total","Jan.-Dec. 2025","VALUE_IN_EUR_MIRROR",3670162376
"Latvia","Lithuania","Total","EXPORT","Total","Jan.-Dec. 2024","VALUE_IN_EUR",3421896461
"Latvia","Lithuania","Total","EXPORT","Total","Jan.-Dec. 2024","VALUE_IN_EUR_MIRROR",3377336666
"Latvia","Luxembourg","Total","IMPORT","Total","Jan.-Dec. 2025","VALUE_IN_EUR",27454490
"Latvia","Luxembourg","Total","IMPORT","Total","Jan.-Dec. 2024","VALUE_IN_EUR",11332148
"Latvia","Luxembourg","Total","IMPORT","Total","Jan.-Dec. 2024","VALUE_IN_EUR_MIRROR",10605273
"Latvia","Luxembourg","Total","EXPORT","Total","Jan.-Dec. 2025","VALUE_IN_EUR",14056319
"Latvia","Luxembourg","Total","EXPORT","Total","Jan.-Dec. 2024","VALUE_IN_EUR",12274282
"Latvia","Luxembourg","Total","EXPORT","Total","Jan.-Dec. 2024","VALUE_IN_EUR_MIRROR",8424960
"Latvia","Malta","Total","IMPORT","Total","Jan.-Dec. 2025","VALUE_IN_EUR",2720200
"Latvia","Malta","Total","IMPORT","Total","Jan.-Dec. 2024","VALUE_IN_EUR",3061406
"Latvia","Malta","Total","IMPORT","Total","Jan.-Dec. 2024","VALUE_IN_EUR_MIRROR",1495920
"Latvia","Malta","Total","EXPORT","Total","Jan.-Dec. 2025","VALUE_IN_EUR",12686944
"Latvia","Malta","Total","EXPORT","Total","Jan.-Dec. 2024","VALUE_IN_EUR",12631865
"Latvia","Malta","Total","EXPORT","Total","Jan.-Dec. 2024","VALUE_IN_EUR_MIRROR",5790407
"Latvia","Netherlands","Total","IMPORT","Total","Jan.-Dec. 2025","VALUE_IN_EUR",1148514331
"Latvia","Netherlands","Total","IMPORT","Total","Jan.-Dec. 2024","VALUE_IN_EUR",1037066885
"Latvia","Netherlands","Total","IMPORT","Total","Jan.-Dec. 2024","VALUE_IN_EUR_MIRROR",1184038250
"Latvia","Netherlands","Total","EXPORT","Total","Jan.-Dec. 2025","VALUE_IN_EUR",634020449
"Latvia","Netherlands","Total","EXPORT","Total","Jan.-Dec. 2024","VALUE_IN_EUR",645654312
"Latvia","Netherlands","Total","EXPORT","Total","Jan.-Dec. 2024","VALUE_IN_EUR_MIRROR",694482353
"Latvia","Poland","Total","IMPORT","Total","Jan.-Dec. 2025","VALUE_IN_EUR",2580953494
"Latvia","Poland","Total","IMPORT","Total","Jan.-Dec. 2024","VALUE_IN_EUR",2444654655
"Latvia","Poland","Total","IMPORT","Total","Jan.-Dec. 2024","VALUE_IN_EUR_MIRROR",2407878746
"Latvia","Poland","Total","EXPORT","Total","Jan.-Dec. 2025","VALUE_IN_EUR",916646429
"Latvia","Poland","Total","EXPORT","Total","Jan.-Dec. 2024","VALUE_IN_EUR",884067632
"Latvia","Poland","Total","EXPORT","Total","Jan.-Dec. 2024","VALUE_IN_EUR_MIRROR",746452878
"Latvia","Portugal","Total","IMPORT","Total","Jan.-Dec. 2025","VALUE_IN_EUR",34073575
"Latvia","Portugal","Total","IMPORT","Total","Jan.-Dec. 2025","VALUE_IN_EUR_MIRROR",90861531
"Latvia","Portugal","Total","IMPORT","Total","Jan.-Dec. 2024","VALUE_IN_EUR",61231524
"Latvia","Portugal","Total","IMPORT","Total","Jan.-Dec. 2024","VALUE_IN_EUR_MIRROR",74302718
"Latvia","Portugal","Total","EXPORT","Total","Jan.-Dec. 2025","VALUE_IN_EUR",45992429
"Latvia","Portugal","Total","EXPORT","Total","Jan.-Dec. 2025","VALUE_IN_EUR_MIRROR",40605684
"Latvia","Portugal","Total","EXPORT","Total","Jan.-Dec. 2024","VALUE_IN_EUR",55493003
"Latvia","Portugal","Total","EXPORT","Total","Jan.-Dec. 2024","VALUE_IN_EUR_MIRROR",46191283
"Latvia","Romania","Total","IMPORT","Total","Jan.-Dec. 2025","VALUE_IN_EUR",77029611
"Latvia","Romania","Total","IMPORT","Total","Jan.-Dec. 2024","VALUE_IN_EUR",71986818
"Latvia","Romania","Total","IMPORT","Total","Jan.-Dec. 2024","VALUE_IN_EUR_MIRROR",79835235
"Latvia","Romania","Total","EXPORT","Total","Jan.-Dec. 2025","VALUE_IN_EUR",126188713
"Latvia","Romania","Total","EXPORT","Total","Jan.-Dec. 2024","VALUE_IN_EUR",85927152
"Latvia","Romania","Total","EXPORT","Total","Jan.-Dec. 2024","VALUE_IN_EUR_MIRROR",82908968
"Latvia","Sweden","Total","IMPORT","Total","Jan.-Dec. 2025","VALUE_IN_EUR",770126599
"Latvia","Sweden","Total","IMPORT","Total","Jan.-Dec. 2024","VALUE_IN_EUR",711660561
"Latvia","Sweden","Total","IMPORT","Total","Jan.-Dec. 2024","VALUE_IN_EUR_MIRROR",677666310
"Latvia","Sweden","Total","EXPORT","Total","Jan.-Dec. 2025","VALUE_IN_EUR",1025461397
"Latvia","Sweden","Total","EXPORT","Total","Jan.-Dec. 2024","VALUE_IN_EUR",1044366174
"Latvia","Sweden","Total","EXPORT","Total","Jan.-Dec. 2024","VALUE_IN_EUR_MIRROR",971089872
"Latvia","Slovenia","Total","IMPORT","Total","Jan.-Dec. 2025","VALUE_IN_EUR",84905284
"Latvia","Slovenia","Total","IMPORT","Total","Jan.-Dec. 2024","VALUE_IN_EUR",86054583
"Latvia","Slovenia","Total","IMPORT","Total","Jan.-Dec. 2024","VALUE_IN_EUR_MIRROR",99702578
"Latvia","Slovenia","Total","EXPORT","Total","Jan.-Dec. 2025","VALUE_IN_EUR",28917920
"Latvia","Slovenia","Total","EXPORT","Total","Jan.-Dec. 2024","VALUE_IN_EUR",32469087
"Latvia","Slovenia","Total","EXPORT","Total","Jan.-Dec. 2024","VALUE_IN_EUR_MIRROR",31789927
"Latvia","Slovakia","Total","IMPORT","Total","Jan.-Dec. 2025","VALUE_IN_EUR",219924451
"Latvia","Slovakia","Total","IMPORT","Total","Jan.-Dec. 2024","VALUE_IN_EUR",223641069
"Latvia","Slovakia","Total","IMPORT","Total","Jan.-Dec. 2024","VALUE_IN_EUR_MIRROR",252629284
"Latvia","Slovakia","Total","EXPORT","Total","Jan.-Dec. 2025","VALUE_IN_EUR",81719251
"Latvia","Slovakia","Total","EXPORT","Total","Jan.-Dec. 2024","VALUE_IN_EUR",63974580
"Latvia","Slovakia","Total","EXPORT","Total","Jan.-Dec. 2024","VALUE_IN_EUR_MIRROR",72217618
"Malta","Austria","Total","IMPORT","Total","Jan.-Dec. 2024","VALUE_IN_EUR",29599773
"Malta","Austria","Total","IMPORT","Total","Jan.-Dec. 2024","VALUE_IN_EUR_MIRROR",37291407
"Malta","Austria","Total","EXPORT","Total","Jan.-Dec. 2024","VALUE_IN_EUR",18083504
"Malta","Austria","Total","EXPORT","Total","Jan.-Dec. 2024","VALUE_IN_EUR_MIRROR",17389150
"Malta","Belgium (incl. Luxembourg 'LU' -> 1998)","Total","IMPORT","Total","Jan.-Dec. 2024","VALUE_IN_EUR",155143546
"Malta","Belgium (incl. Luxembourg 'LU' -> 1998)","Total","IMPORT","Total","Jan.-Dec. 2024","VALUE_IN_EUR_MIRROR",231159214
"Malta","Belgium (incl. Luxembourg 'LU' -> 1998)","Total","EXPORT","Total","Jan.-Dec. 2024","VALUE_IN_EUR",23723518
"Malta","Belgium (incl. Luxembourg 'LU' -> 1998)","Total","EXPORT","Total","Jan.-Dec. 2024","VALUE_IN_EUR_MIRROR",118732938
"Malta","Bulgaria","Total","IMPORT","Total","Jan.-Dec. 2024","VALUE_IN_EUR",31953182
"Malta","Bulgaria","Total","IMPORT","Total","Jan.-Dec. 2024","VALUE_IN_EUR_MIRROR",17678033
"Malta","Bulgaria","Total","EXPORT","Total","Jan.-Dec. 2024","VALUE_IN_EUR",7505728
"Malta","Bulgaria","Total","EXPORT","Total","Jan.-Dec. 2024","VALUE_IN_EUR_MIRROR",10139629
"Malta","Cyprus","Total","IMPORT","Total","Jan.-Dec. 2024","VALUE_IN_EUR",11264973
"Malta","Cyprus","Total","IMPORT","Total","Jan.-Dec. 2024","VALUE_IN_EUR_MIRROR",37393403
"Malta","Cyprus","Total","EXPORT","Total","Jan.-Dec. 2024","VALUE_IN_EUR",23763118
"Malta","Cyprus","Total","EXPORT","Total","Jan.-Dec. 2024","VALUE_IN_EUR_MIRROR",23888244
"Malta","Czechia","Total","IMPORT","Total","Jan.-Dec. 2025","VALUE_IN_EUR_MIRROR",44563544
"Malta","Czechia","Total","IMPORT","Total","Jan.-Dec. 2024","VALUE_IN_EUR",17901150
"Malta","Czechia","Total","IMPORT","Total","Jan.-Dec. 2024","VALUE_IN_EUR_MIRROR",39695879
"Malta","Czechia","Total","EXPORT","Total","Jan.-Dec. 2025","VALUE_IN_EUR_MIRROR",44538296
"Malta","Czechia","Total","EXPORT","Total","Jan.-Dec. 2024","VALUE_IN_EUR",21941508
"Malta","Czechia","Total","EXPORT","Total","Jan.-Dec. 2024","VALUE_IN_EUR_MIRROR",107585279
"Malta","Germany (incl. German Democratic Republic 'DD' from 1991)","Total","IMPORT","Total","Jan.-Dec. 2024","VALUE_IN_EUR",447907454
"Malta","Germany (incl. German Democratic Republic 'DD' from 1991)","Total","IMPORT","Total","Jan.-Dec. 2024","VALUE_IN_EUR_MIRROR",805397875
"Malta","Germany (incl. German Democratic Republic 'DD' from 1991)","Total","EXPORT","Total","Jan.-Dec. 2024","VALUE_IN_EUR",781910619
"Malta","Germany (incl. German Democratic Republic 'DD' from 1991)","Total","EXPORT","Total","Jan.-Dec. 2024","VALUE_IN_EUR_MIRROR",1100972168
"Malta","Denmark","Total","IMPORT","Total","Jan.-Dec. 2024","VALUE_IN_EUR",113502533
"Malta","Denmark","Total","IMPORT","Total","Jan.-Dec. 2024","VALUE_IN_EUR_MIRROR",88151721
"Malta","Denmark","Total","EXPORT","Total","Jan.-Dec. 2024","VALUE_IN_EUR",6742973
"Malta","Denmark","Total","EXPORT","Total","Jan.-Dec. 2024","VALUE_IN_EUR_MIRROR",37183670
"Malta","Estonia","Total","IMPORT","Total","Jan.-Dec. 2025","VALUE_IN_EUR_MIRROR",4778630
"Malta","Estonia","Total","IMPORT","Total","Jan.-Dec. 2024","VALUE_IN_EUR",3275828
"Malta","Estonia","Total","IMPORT","Total","Jan.-Dec. 2024","VALUE_IN_EUR_MIRROR",4316510
"Malta","Estonia","Total","EXPORT","Total","Jan.-Dec. 2025","VALUE_IN_EUR_MIRROR",2469446
"Malta","Estonia","Total","EXPORT","Total","Jan.-Dec. 2024","VALUE_IN_EUR",1862206
"Malta","Estonia","Total","EXPORT","Total","Jan.-Dec. 2024","VALUE_IN_EUR_MIRROR",11402786
"Malta","Spain (incl. Canary Islands 'XB' from 1997)","Total","IMPORT","Total","Jan.-Dec. 2025","VALUE_IN_EUR_MIRROR",1083040155
"Malta","Spain (incl. Canary Islands 'XB' from 1997)","Total","IMPORT","Total","Jan.-Dec. 2024","VALUE_IN_EUR",683355182
"Malta","Spain (incl. Canary Islands 'XB' from 1997)","Total","IMPORT","Total","Jan.-Dec. 2024","VALUE_IN_EUR_MIRROR",843850416
"Malta","Spain (incl. Canary Islands 'XB' from 1997)","Total","EXPORT","Total","Jan.-Dec. 2025","VALUE_IN_EUR_MIRROR",295829527
"Malta","Spain (incl. Canary Islands 'XB' from 1997)","Total","EXPORT","Total","Jan.-Dec. 2024","VALUE_IN_EUR",65880241
"Malta","Spain (incl. Canary Islands 'XB' from 1997)","Total","EXPORT","Total","Jan.-Dec. 2024","VALUE_IN_EUR_MIRROR",321837361
"Malta","Finland","Total","IMPORT","Total","Jan.-Dec. 2024","VALUE_IN_EUR",12784042
"Malta","Finland","Total","IMPORT","Total","Jan.-Dec. 2024","VALUE_IN_EUR_MIRROR",95001379
"Malta","Finland","Total","EXPORT","Total","Jan.-Dec. 2024","VALUE_IN_EUR",7517926
"Malta","Finland","Total","EXPORT","Total","Jan.-Dec. 2024","VALUE_IN_EUR_MIRROR",18014260
"Malta","France (incl. Saint Barthélemy 'BL' -> 2012; incl. French Guiana 'GF', Guadeloupe 'GP', Martinique 'MQ', Réunion 'RE' from 1997; incl. Mayotte 'YT' from 2014)","Total","IMPORT","Total","Jan.-Dec. 2024","VALUE_IN_EUR",1185283396
"Malta","France (incl. Saint Barthélemy 'BL' -> 2012; incl. French Guiana 'GF', Guadeloupe 'GP', Martinique 'MQ', Réunion 'RE' from 1997; incl. Mayotte 'YT' from 2014)","Total","IMPORT","Total","Jan.-Dec. 2024","VALUE_IN_EUR_MIRROR",1327439286
"Malta","France (incl. Saint Barthélemy 'BL' -> 2012; incl. French Guiana 'GF', Guadeloupe 'GP', Martinique 'MQ', Réunion 'RE' from 1997; incl. Mayotte 'YT' from 2014)","Total","EXPORT","Total","Jan.-Dec. 2024","VALUE_IN_EUR",69649233
"Malta","France (incl. Saint Barthélemy 'BL' -> 2012; incl. French Guiana 'GF', Guadeloupe 'GP', Martinique 'MQ', Réunion 'RE' from 1997; incl. Mayotte 'YT' from 2014)","Total","EXPORT","Total","Jan.-Dec. 2024","VALUE_IN_EUR_MIRROR",113761243
"Malta","Greece","Total","IMPORT","Total","Jan.-Dec. 2025","VALUE_IN_EUR_MIRROR",444410992
"Malta","Greece","Total","IMPORT","Total","Jan.-Dec. 2024","VALUE_IN_EUR",192692652
"Malta","Greece","Total","IMPORT","Total","Jan.-Dec. 2024","VALUE_IN_EUR_MIRROR",502580474
"Malta","Greece","Total","EXPORT","Total","Jan.-Dec. 2025","VALUE_IN_EUR_MIRROR",193581529
"Malta","Greece","Total","EXPORT","Total","Jan.-Dec. 2024","VALUE_IN_EUR",137662264
"Malta","Greece","Total","EXPORT","Total","Jan.-Dec. 2024","VALUE_IN_EUR_MIRROR",328051638
"Malta","Croatia","Total","IMPORT","Total","Jan.-Dec. 2024","VALUE_IN_EUR",91726736
"Malta","Croatia","Total","IMPORT","Total","Jan.-Dec. 2024","VALUE_IN_EUR_MIRROR",110460500
"Malta","Croatia","Total","EXPORT","Total","Jan.-Dec. 2024","VALUE_IN_EUR",2995059
"Malta","Croatia","Total","EXPORT","Total","Jan.-Dec. 2024","VALUE_IN_EUR_MIRROR",5814738
"Malta","Hungary","Total","IMPORT","Total","Jan.-Dec. 2025","VALUE_IN_EUR_MIRROR",37337955
"Malta","Hungary","Total","IMPORT","Total","Jan.-Dec. 2024","VALUE_IN_EUR",14869375
"Malta","Hungary","Total","IMPORT","Total","Jan.-Dec. 2024","VALUE_IN_EUR_MIRROR",32826949
"Malta","Hungary","Total","EXPORT","Total","Jan.-Dec. 2025","VALUE_IN_EUR_MIRROR",58300292
"Malta","Hungary","Total","EXPORT","Total","Jan.-Dec. 2024","VALUE_IN_EUR",40668016
"Malta","Hungary","Total","EXPORT","Total","Jan.-Dec. 2024","VALUE_IN_EUR_MIRROR",105735279
"Malta","Ireland (Eire)","Total","IMPORT","Total","Jan.-Dec. 2025","VALUE_IN_EUR_MIRROR",60132890
"Malta","Ireland (Eire)","Total","IMPORT","Total","Jan.-Dec. 2024","VALUE_IN_EUR",81535100
"Malta","Ireland (Eire)","Total","IMPORT","Total","Jan.-Dec. 2024","VALUE_IN_EUR_MIRROR",65029977
"Malta","Ireland (Eire)","Total","EXPORT","Total","Jan.-Dec. 2025","VALUE_IN_EUR_MIRROR",50318979
"Malta","Ireland (Eire)","Total","EXPORT","Total","Jan.-Dec. 2024","VALUE_IN_EUR",3758929
"Malta","Ireland (Eire)","Total","EXPORT","Total","Jan.-Dec. 2024","VALUE_IN_EUR_MIRROR",13536255
"Malta","Italy (incl. San Marino 'SM' -> 1993)","Total","IMPORT","Total","Jan.-Dec. 2024","VALUE_IN_EUR",1929129027
"Malta","Italy (incl. San Marino 'SM' -> 1993)","Total","IMPORT","Total","Jan.-Dec. 2024","VALUE_IN_EUR_MIRROR",2409853530
"Malta","Italy (incl. San Marino 'SM' -> 1993)","Total","EXPORT","Total","Jan.-Dec. 2024","VALUE_IN_EUR",188939572
"Malta","Italy (incl. San Marino 'SM' -> 1993)","Total","EXPORT","Total","Jan.-Dec. 2024","VALUE_IN_EUR_MIRROR",319372824
"Malta","Lithuania","Total","IMPORT","Total","Jan.-Dec. 2025","VALUE_IN_EUR_MIRROR",8072716
"Malta","Lithuania","Total","IMPORT","Total","Jan.-Dec. 2024","VALUE_IN_EUR",4896778
"Malta","Lithuania","Total","IMPORT","Total","Jan.-Dec. 2024","VALUE_IN_EUR_MIRROR",8107285
"Malta","Lithuania","Total","EXPORT","Total","Jan.-Dec. 2025","VALUE_IN_EUR_MIRROR",19839232
"Malta","Lithuania","Total","EXPORT","Total","Jan.-Dec. 2024","VALUE_IN_EUR",8483613
"Malta","Lithuania","Total","EXPORT","Total","Jan.-Dec. 2024","VALUE_IN_EUR_MIRROR",21329635
"Malta","Luxembourg","Total","IMPORT","Total","Jan.-Dec. 2024","VALUE_IN_EUR",4004597
"Malta","Luxembourg","Total","IMPORT","Total","Jan.-Dec. 2024","VALUE_IN_EUR_MIRROR",3306468
"Malta","Luxembourg","Total","EXPORT","Total","Jan.-Dec. 2024","VALUE_IN_EUR",445279
"Malta","Luxembourg","Total","EXPORT","Total","Jan.-Dec. 2024","VALUE_IN_EUR_MIRROR",1512162
"Malta","Latvia","Total","IMPORT","Total","Jan.-Dec. 2025","VALUE_IN_EUR_MIRROR",12686944
"Malta","Latvia","Total","IMPORT","Total","Jan.-Dec. 2024","VALUE_IN_EUR",5790407
"Malta","Latvia","Total","IMPORT","Total","Jan.-Dec. 2024","VALUE_IN_EUR_MIRROR",12631865
"Malta","Latvia","Total","EXPORT","Total","Jan.-Dec. 2025","VALUE_IN_EUR_MIRROR",2720200
"Malta","Latvia","Total","EXPORT","Total","Jan.-Dec. 2024","VALUE_IN_EUR",1495920
"Malta","Latvia","Total","EXPORT","Total","Jan.-Dec. 2024","VALUE_IN_EUR_MIRROR",3061406
"Malta","Netherlands","Total","IMPORT","Total","Jan.-Dec. 2024","VALUE_IN_EUR",323990904
"Malta","Netherlands","Total","IMPORT","Total","Jan.-Dec. 2024","VALUE_IN_EUR_MIRROR",729272259
"Malta","Netherlands","Total","EXPORT","Total","Jan.-Dec. 2024","VALUE_IN_EUR",71261691
"Malta","Netherlands","Total","EXPORT","Total","Jan.-Dec. 2024","VALUE_IN_EUR_MIRROR",86821663
"Malta","Poland","Total","IMPORT","Total","Jan.-Dec. 2024","VALUE_IN_EUR",69785775
"Malta","Poland","Total","IMPORT","Total","Jan.-Dec. 2024","VALUE_IN_EUR_MIRROR",135109645
"Malta","Poland","Total","EXPORT","Total","Jan.-Dec. 2024","VALUE_IN_EUR",49573963
"Malta","Poland","Total","EXPORT","Total","Jan.-Dec. 2024","VALUE_IN_EUR_MIRROR",111233810
"Malta","Portugal","Total","IMPORT","Total","Jan.-Dec. 2025","VALUE_IN_EUR_MIRROR",64559467
"Malta","Portugal","Total","IMPORT","Total","Jan.-Dec. 2024","VALUE_IN_EUR",22687872
"Malta","Portugal","Total","IMPORT","Total","Jan.-Dec. 2024","VALUE_IN_EUR_MIRROR",49800289
"Malta","Portugal","Total","EXPORT","Total","Jan.-Dec. 2025","VALUE_IN_EUR_MIRROR",66451955
"Malta","Portugal","Total","EXPORT","Total","Jan.-Dec. 2024","VALUE_IN_EUR",27267175
"Malta","Portugal","Total","EXPORT","Total","Jan.-Dec. 2024","VALUE_IN_EUR_MIRROR",116532288
"Malta","Romania","Total","IMPORT","Total","Jan.-Dec. 2024","VALUE_IN_EUR",35127067
"Malta","Romania","Total","IMPORT","Total","Jan.-Dec. 2024","VALUE_IN_EUR_MIRROR",46287201
"Malta","Romania","Total","EXPORT","Total","Jan.-Dec. 2024","VALUE_IN_EUR",18021653
"Malta","Romania","Total","EXPORT","Total","Jan.-Dec. 2024","VALUE_IN_EUR_MIRROR",28092171
"Malta","Sweden","Total","IMPORT","Total","Jan.-Dec. 2024","VALUE_IN_EUR",179341820
"Malta","Sweden","Total","IMPORT","Total","Jan.-Dec. 2024","VALUE_IN_EUR_MIRROR",132465283
"Malta","Sweden","Total","EXPORT","Total","Jan.-Dec. 2024","VALUE_IN_EUR",16725274
"Malta","Sweden","Total","EXPORT","Total","Jan.-Dec. 2024","VALUE_IN_EUR_MIRROR",83227386
"Malta","Slovenia","Total","IMPORT","Total","Jan.-Dec. 2024","VALUE_IN_EUR",24456190
"Malta","Slovenia","Total","IMPORT","Total","Jan.-Dec. 2024","VALUE_IN_EUR_MIRROR",30239083
"Malta","Slovenia","Total","EXPORT","Total","Jan.-Dec. 2024","VALUE_IN_EUR",24106184
"Malta","Slovenia","Total","EXPORT","Total","Jan.-Dec. 2024","VALUE_IN_EUR_MIRROR",8377989
"Malta","Slovakia","Total","IMPORT","Total","Jan.-Dec. 2024","VALUE_IN_EUR",5547125
"Malta","Slovakia","Total","IMPORT","Total","Jan.-Dec. 2024","VALUE_IN_EUR_MIRROR",12004310
"Malta","Slovakia","Total","EXPORT","Total","Jan.-Dec. 2024","VALUE_IN_EUR",5264498
"Malta","Slovakia","Total","EXPORT","Total","Jan.-Dec. 2024","VALUE_IN_EUR_MIRROR",30973974
"Netherlands","Austria","Total","IMPORT","Total","Jan.-Dec. 2024","VALUE_IN_EUR",3787054882
"Netherlands","Austria","Total","IMPORT","Total","Jan.-Dec. 2024","VALUE_IN_EUR_MIRROR",3647328156
"Netherlands","Austria","Total","EXPORT","Total","Jan.-Dec. 2024","VALUE_IN_EUR",10927900314
"Netherlands","Austria","Total","EXPORT","Total","Jan.-Dec. 2024","VALUE_IN_EUR_MIRROR",10223901483
"Netherlands","Belgium (incl. Luxembourg 'LU' -> 1998)","Total","IMPORT","Total","Jan.-Dec. 2024","VALUE_IN_EUR",60832933652
"Netherlands","Belgium (incl. Luxembourg 'LU' -> 1998)","Total","IMPORT","Total","Jan.-Dec. 2024","VALUE_IN_EUR_MIRROR",67110312825
"Netherlands","Belgium (incl. Luxembourg 'LU' -> 1998)","Total","EXPORT","Total","Jan.-Dec. 2024","VALUE_IN_EUR",98262785212
"Netherlands","Belgium (incl. Luxembourg 'LU' -> 1998)","Total","EXPORT","Total","Jan.-Dec. 2024","VALUE_IN_EUR_MIRROR",99965443743
"Netherlands","Bulgaria","Total","IMPORT","Total","Jan.-Dec. 2024","VALUE_IN_EUR",884033495
"Netherlands","Bulgaria","Total","IMPORT","Total","Jan.-Dec. 2024","VALUE_IN_EUR_MIRROR",765505813
"Netherlands","Bulgaria","Total","EXPORT","Total","Jan.-Dec. 2024","VALUE_IN_EUR",2170625642
"Netherlands","Bulgaria","Total","EXPORT","Total","Jan.-Dec. 2024","VALUE_IN_EUR_MIRROR",1865817321
"Netherlands","Cyprus","Total","IMPORT","Total","Jan.-Dec. 2024","VALUE_IN_EUR",89401688
"Netherlands","Cyprus","Total","IMPORT","Total","Jan.-Dec. 2024","VALUE_IN_EUR_MIRROR",59168588
"Netherlands","Cyprus","Total","EXPORT","Total","Jan.-Dec. 2024","VALUE_IN_EUR",623484239
"Netherlands","Cyprus","Total","EXPORT","Total","Jan.-Dec. 2024","VALUE_IN_EUR_MIRROR",535007637
"Netherlands","Czechia","Total","IMPORT","Total","Jan.-Dec. 2025","VALUE_IN_EUR_MIRROR",7885889586
"Netherlands","Czechia","Total","IMPORT","Total","Jan.-Dec. 2024","VALUE_IN_EUR",8703182487
"Netherlands","Czechia","Total","IMPORT","Total","Jan.-Dec. 2024","VALUE_IN_EUR_MIRROR",7894769861
"Netherlands","Czechia","Total","EXPORT","Total","Jan.-Dec. 2025","VALUE_IN_EUR_MIRROR",13987999869
"Netherlands","Czechia","Total","EXPORT","Total","Jan.-Dec. 2024","VALUE_IN_EUR",13623680474
"Netherlands","Czechia","Total","EXPORT","Total","Jan.-Dec. 2024","VALUE_IN_EUR_MIRROR",12834122487
"Netherlands","Germany (incl. German Democratic Republic 'DD' from 1991)","Total","IMPORT","Total","Jan.-Dec. 2024","VALUE_IN_EUR",107545341546
"Netherlands","Germany (incl. German Democratic Republic 'DD' from 1991)","Total","IMPORT","Total","Jan.-Dec. 2024","VALUE_IN_EUR_MIRROR",109130774873
"Netherlands","Germany (incl. German Democratic Republic 'DD' from 1991)","Total","EXPORT","Total","Jan.-Dec. 2024","VALUE_IN_EUR",199904273902
"Netherlands","Germany (incl. German Democratic Republic 'DD' from 1991)","Total","EXPORT","Total","Jan.-Dec. 2024","VALUE_IN_EUR_MIRROR",187107283530
"Netherlands","Denmark","Total","IMPORT","Total","Jan.-Dec. 2024","VALUE_IN_EUR",8466739172
"Netherlands","Denmark","Total","IMPORT","Total","Jan.-Dec. 2024","VALUE_IN_EUR_MIRROR",8161431118
"Netherlands","Denmark","Total","EXPORT","Total","Jan.-Dec. 2024","VALUE_IN_EUR",11133804730
"Netherlands","Denmark","Total","EXPORT","Total","Jan.-Dec. 2024","VALUE_IN_EUR_MIRROR",10340264359
"Netherlands","Estonia","Total","IMPORT","Total","Jan.-Dec. 2025","VALUE_IN_EUR_MIRROR",700356317
"Netherlands","Estonia","Total","IMPORT","Total","Jan.-Dec. 2024","VALUE_IN_EUR",1043045000
"Netherlands","Estonia","Total","IMPORT","Total","Jan.-Dec. 2024","VALUE_IN_EUR_MIRROR",679828925
"Netherlands","Estonia","Total","EXPORT","Total","Jan.-Dec. 2025","VALUE_IN_EUR_MIRROR",1297582970
"Netherlands","Estonia","Total","EXPORT","Total","Jan.-Dec. 2024","VALUE_IN_EUR",1373523238
"Netherlands","Estonia","Total","EXPORT","Total","Jan.-Dec. 2024","VALUE_IN_EUR_MIRROR",1174347927
"Netherlands","Spain (incl. Canary Islands 'XB' from 1997)","Total","IMPORT","Total","Jan.-Dec. 2025","VALUE_IN_EUR_MIRROR",14920421618
"Netherlands","Spain (incl. Canary Islands 'XB' from 1997)","Total","IMPORT","Total","Jan.-Dec. 2024","VALUE_IN_EUR",12843654410
"Netherlands","Spain (incl. Canary Islands 'XB' from 1997)","Total","IMPORT","Total","Jan.-Dec. 2024","VALUE_IN_EUR_MIRROR",14316860017
"Netherlands","Spain (incl. Canary Islands 'XB' from 1997)","Total","EXPORT","Total","Jan.-Dec. 2025","VALUE_IN_EUR_MIRROR",32726427306
"Netherlands","Spain (incl. Canary Islands 'XB' from 1997)","Total","EXPORT","Total","Jan.-Dec. 2024","VALUE_IN_EUR",30699423106
"Netherlands","Spain (incl. Canary Islands 'XB' from 1997)","Total","EXPORT","Total","Jan.-Dec. 2024","VALUE_IN_EUR_MIRROR",29909383077
"Netherlands","Finland","Total","IMPORT","Total","Jan.-Dec. 2024","VALUE_IN_EUR",5664971570
"Netherlands","Finland","Total","IMPORT","Total","Jan.-Dec. 2024","VALUE_IN_EUR_MIRROR",5677179716
"Netherlands","Finland","Total","EXPORT","Total","Jan.-Dec. 2024","VALUE_IN_EUR",7092445092
"Netherlands","Finland","Total","EXPORT","Total","Jan.-Dec. 2024","VALUE_IN_EUR_MIRROR",7076523895
"Netherlands","France (incl. Saint Barthélemy 'BL' -> 2012; incl. French Guiana 'GF', Guadeloupe 'GP', Martinique 'MQ', Réunion 'RE' from 1997; incl. Mayotte 'YT' from 2014)","Total","IMPORT","Total","Jan.-Dec. 2024","VALUE_IN_EUR",22454287941
"Netherlands","France (incl. Saint Barthélemy 'BL' -> 2012; incl. French Guiana 'GF', Guadeloupe 'GP', Martinique 'MQ', Réunion 'RE' from 1997; incl. Mayotte 'YT' from 2014)","Total","IMPORT","Total","Jan.-Dec. 2024","VALUE_IN_EUR_MIRROR",23002868467
"Netherlands","France (incl. Saint Barthélemy 'BL' -> 2012; incl. French Guiana 'GF', Guadeloupe 'GP', Martinique 'MQ', Réunion 'RE' from 1997; incl. Mayotte 'YT' from 2014)","Total","EXPORT","Total","Jan.-Dec. 2024","VALUE_IN_EUR",72039569041
"Netherlands","France (incl. Saint Barthélemy 'BL' -> 2012; incl. French Guiana 'GF', Guadeloupe 'GP', Martinique 'MQ', Réunion 'RE' from 1997; incl. Mayotte 'YT' from 2014)","Total","EXPORT","Total","Jan.-Dec. 2024","VALUE_IN_EUR_MIRROR",62257425306
"Netherlands","Greece","Total","IMPORT","Total","Jan.-Dec. 2025","VALUE_IN_EUR_MIRROR",1354982938
"Netherlands","Greece","Total","IMPORT","Total","Jan.-Dec. 2024","VALUE_IN_EUR",944089107
"Netherlands","Greece","Total","IMPORT","Total","Jan.-Dec. 2024","VALUE_IN_EUR_MIRROR",1176408445
"Netherlands","Greece","Total","EXPORT","Total","Jan.-Dec. 2025","VALUE_IN_EUR_MIRROR",5079235951
"Netherlands","Greece","Total","EXPORT","Total","Jan.-Dec. 2024","VALUE_IN_EUR",4642242446
"Netherlands","Greece","Total","EXPORT","Total","Jan.-Dec. 2024","VALUE_IN_EUR_MIRROR",4882004343
"Netherlands","Croatia","Total","IMPORT","Total","Jan.-Dec. 2024","VALUE_IN_EUR",412026194
"Netherlands","Croatia","Total","IMPORT","Total","Jan.-Dec. 2024","VALUE_IN_EUR_MIRROR",404518173
"Netherlands","Croatia","Total","EXPORT","Total","Jan.-Dec. 2024","VALUE_IN_EUR",1649959082
"Netherlands","Croatia","Total","EXPORT","Total","Jan.-Dec. 2024","VALUE_IN_EUR_MIRROR",1771872210
"Netherlands","Hungary","Total","IMPORT","Total","Jan.-Dec. 2025","VALUE_IN_EUR_MIRROR",5484381526
"Netherlands","Hungary","Total","IMPORT","Total","Jan.-Dec. 2024","VALUE_IN_EUR",4343495957
"Netherlands","Hungary","Total","IMPORT","Total","Jan.-Dec. 2024","VALUE_IN_EUR_MIRROR",5275185317
"Netherlands","Hungary","Total","EXPORT","Total","Jan.-Dec. 2025","VALUE_IN_EUR_MIRROR",7060956648
"Netherlands","Hungary","Total","EXPORT","Total","Jan.-Dec. 2024","VALUE_IN_EUR",8192233864
"Netherlands","Hungary","Total","EXPORT","Total","Jan.-Dec. 2024","VALUE_IN_EUR_MIRROR",7583488509
"Netherlands","Ireland (Eire)","Total","IMPORT","Total","Jan.-Dec. 2025","VALUE_IN_EUR_MIRROR",26772352080
"Netherlands","Ireland (Eire)","Total","IMPORT","Total","Jan.-Dec. 2024","VALUE_IN_EUR",23539430670
"Netherlands","Ireland (Eire)","Total","IMPORT","Total","Jan.-Dec. 2024","VALUE_IN_EUR_MIRROR",22908787198
"Netherlands","Ireland (Eire)","Total","EXPORT","Total","Jan.-Dec. 2025","VALUE_IN_EUR_MIRROR",9077705032
"Netherlands","Ireland (Eire)","Total","EXPORT","Total","Jan.-Dec. 2024","VALUE_IN_EUR",10388518892
"Netherlands","Ireland (Eire)","Total","EXPORT","Total","Jan.-Dec. 2024","VALUE_IN_EUR_MIRROR",9198952539
"Netherlands","Italy (incl. San Marino 'SM' -> 1993)","Total","IMPORT","Total","Jan.-Dec. 2024","VALUE_IN_EUR",18813322890
"Netherlands","Italy (incl. San Marino 'SM' -> 1993)","Total","IMPORT","Total","Jan.-Dec. 2024","VALUE_IN_EUR_MIRROR",19231922342
"Netherlands","Italy (incl. San Marino 'SM' -> 1993)","Total","EXPORT","Total","Jan.-Dec. 2024","VALUE_IN_EUR",36448539251
"Netherlands","Italy (incl. San Marino 'SM' -> 1993)","Total","EXPORT","Total","Jan.-Dec. 2024","VALUE_IN_EUR_MIRROR",35720514135
"Netherlands","Lithuania","Total","IMPORT","Total","Jan.-Dec. 2025","VALUE_IN_EUR_MIRROR",2422749042
"Netherlands","Lithuania","Total","IMPORT","Total","Jan.-Dec. 2024","VALUE_IN_EUR",2200232872
"Netherlands","Lithuania","Total","IMPORT","Total","Jan.-Dec. 2024","VALUE_IN_EUR_MIRROR",2492371508
"Netherlands","Lithuania","Total","EXPORT","Total","Jan.-Dec. 2025","VALUE_IN_EUR_MIRROR",2253917838
"Netherlands","Lithuania","Total","EXPORT","Total","Jan.-Dec. 2024","VALUE_IN_EUR",2219421916
"Netherlands","Lithuania","Total","EXPORT","Total","Jan.-Dec. 2024","VALUE_IN_EUR_MIRROR",2080363314
"Netherlands","Luxembourg","Total","IMPORT","Total","Jan.-Dec. 2024","VALUE_IN_EUR",1178490786
"Netherlands","Luxembourg","Total","IMPORT","Total","Jan.-Dec. 2024","VALUE_IN_EUR_MIRROR",929478650
"Netherlands","Luxembourg","Total","EXPORT","Total","Jan.-Dec. 2024","VALUE_IN_EUR",2417925333
"Netherlands","Luxembourg","Total","EXPORT","Total","Jan.-Dec. 2024","VALUE_IN_EUR_MIRROR",1451764716
"Netherlands","Latvia","Total","IMPORT","Total","Jan.-Dec. 2025","VALUE_IN_EUR_MIRROR",634020449
"Netherlands","Latvia","Total","IMPORT","Total","Jan.-Dec. 2024","VALUE_IN_EUR",694482353
"Netherlands","Latvia","Total","IMPORT","Total","Jan.-Dec. 2024","VALUE_IN_EUR_MIRROR",645654312
"Netherlands","Latvia","Total","EXPORT","Total","Jan.-Dec. 2025","VALUE_IN_EUR_MIRROR",1148514331
"Netherlands","Latvia","Total","EXPORT","Total","Jan.-Dec. 2024","VALUE_IN_EUR",1184038250
"Netherlands","Latvia","Total","EXPORT","Total","Jan.-Dec. 2024","VALUE_IN_EUR_MIRROR",1037066885
"Netherlands","Malta","Total","IMPORT","Total","Jan.-Dec. 2024","VALUE_IN_EUR",86821663
"Netherlands","Malta","Total","IMPORT","Total","Jan.-Dec. 2024","VALUE_IN_EUR_MIRROR",71261691
"Netherlands","Malta","Total","EXPORT","Total","Jan.-Dec. 2024","VALUE_IN_EUR",729272259
"Netherlands","Malta","Total","EXPORT","Total","Jan.-Dec. 2024","VALUE_IN_EUR_MIRROR",323990904
"Netherlands","Poland","Total","IMPORT","Total","Jan.-Dec. 2024","VALUE_IN_EUR",15835437233
"Netherlands","Poland","Total","IMPORT","Total","Jan.-Dec. 2024","VALUE_IN_EUR_MIRROR",16353922695
"Netherlands","Poland","Total","EXPORT","Total","Jan.-Dec. 2024","VALUE_IN_EUR",27333454300
"Netherlands","Poland","Total","EXPORT","Total","Jan.-Dec. 2024","VALUE_IN_EUR_MIRROR",22981613132
"Netherlands","Portugal","Total","IMPORT","Total","Jan.-Dec. 2025","VALUE_IN_EUR_MIRROR",2638356482
"Netherlands","Portugal","Total","IMPORT","Total","Jan.-Dec. 2024","VALUE_IN_EUR",2528054432
"Netherlands","Portugal","Total","IMPORT","Total","Jan.-Dec. 2024","VALUE_IN_EUR_MIRROR",2834154085
"Netherlands","Portugal","Total","EXPORT","Total","Jan.-Dec. 2025","VALUE_IN_EUR_MIRROR",6594961974
"Netherlands","Portugal","Total","EXPORT","Total","Jan.-Dec. 2024","VALUE_IN_EUR",6593390221
"Netherlands","Portugal","Total","EXPORT","Total","Jan.-Dec. 2024","VALUE_IN_EUR_MIRROR",6045584001
"Netherlands","Romania","Total","IMPORT","Total","Jan.-Dec. 2024","VALUE_IN_EUR",2963291256
"Netherlands","Romania","Total","IMPORT","Total","Jan.-Dec. 2024","VALUE_IN_EUR_MIRROR",3376231646
"Netherlands","Romania","Total","EXPORT","Total","Jan.-Dec. 2024","VALUE_IN_EUR",5687241797
"Netherlands","Romania","Total","EXPORT","Total","Jan.-Dec. 2024","VALUE_IN_EUR_MIRROR",5433307989
"Netherlands","Sweden","Total","IMPORT","Total","Jan.-Dec. 2024","VALUE_IN_EUR",10064553749
"Netherlands","Sweden","Total","IMPORT","Total","Jan.-Dec. 2024","VALUE_IN_EUR_MIRROR",9461920340
"Netherlands","Sweden","Total","EXPORT","Total","Jan.-Dec. 2024","VALUE_IN_EUR",19633615407
"Netherlands","Sweden","Total","EXPORT","Total","Jan.-Dec. 2024","VALUE_IN_EUR_MIRROR",19491133422
"Netherlands","Slovenia","Total","IMPORT","Total","Jan.-Dec. 2024","VALUE_IN_EUR",875373773
"Netherlands","Slovenia","Total","IMPORT","Total","Jan.-Dec. 2024","VALUE_IN_EUR_MIRROR",1072789245
"Netherlands","Slovenia","Total","EXPORT","Total","Jan.-Dec. 2024","VALUE_IN_EUR",1970892691
"Netherlands","Slovenia","Total","EXPORT","Total","Jan.-Dec. 2024","VALUE_IN_EUR_MIRROR",2062347393
"Netherlands","Slovakia","Total","IMPORT","Total","Jan.-Dec. 2024","VALUE_IN_EUR",1515780775
"Netherlands","Slovakia","Total","IMPORT","Total","Jan.-Dec. 2024","VALUE_IN_EUR_MIRROR",2073395520
"Netherlands","Slovakia","Total","EXPORT","Total","Jan.-Dec. 2024","VALUE_IN_EUR",2871117428
"Netherlands","Slovakia","Total","EXPORT","Total","Jan.-Dec. 2024","VALUE_IN_EUR_MIRROR",3104407654
"Poland","Austria","Total","IMPORT","Total","Jan.-Dec. 2024","VALUE_IN_EUR",7325242540
"Poland","Austria","Total","IMPORT","Total","Jan.-Dec. 2024","VALUE_IN_EUR_MIRROR",7736710205
"Poland","Austria","Total","EXPORT","Total","Jan.-Dec. 2024","VALUE_IN_EUR",7222229268
"Poland","Austria","Total","EXPORT","Total","Jan.-Dec. 2024","VALUE_IN_EUR_MIRROR",6329568295
"Poland","Belgium (incl. Luxembourg 'LU' -> 1998)","Total","IMPORT","Total","Jan.-Dec. 2024","VALUE_IN_EUR",14380813235
"Poland","Belgium (incl. Luxembourg 'LU' -> 1998)","Total","IMPORT","Total","Jan.-Dec. 2024","VALUE_IN_EUR_MIRROR",14434345608
"Poland","Belgium (incl. Luxembourg 'LU' -> 1998)","Total","EXPORT","Total","Jan.-Dec. 2024","VALUE_IN_EUR",7868237705
"Poland","Belgium (incl. Luxembourg 'LU' -> 1998)","Total","EXPORT","Total","Jan.-Dec. 2024","VALUE_IN_EUR_MIRROR",7323468430
"Poland","Bulgaria","Total","IMPORT","Total","Jan.-Dec. 2024","VALUE_IN_EUR",2781965995
"Poland","Bulgaria","Total","IMPORT","Total","Jan.-Dec. 2024","VALUE_IN_EUR_MIRROR",1107530819
"Poland","Bulgaria","Total","EXPORT","Total","Jan.-Dec. 2024","VALUE_IN_EUR",2209694950
"Poland","Bulgaria","Total","EXPORT","Total","Jan.-Dec. 2024","VALUE_IN_EUR_MIRROR",1891916145
"Poland","Cyprus","Total","IMPORT","Total","Jan.-Dec. 2024","VALUE_IN_EUR",165527253
"Poland","Cyprus","Total","IMPORT","Total","Jan.-Dec. 2024","VALUE_IN_EUR_MIRROR",26199948
"Poland","Cyprus","Total","EXPORT","Total","Jan.-Dec. 2024","VALUE_IN_EUR",233497330
"Poland","Cyprus","Total","EXPORT","Total","Jan.-Dec. 2024","VALUE_IN_EUR_MIRROR",103555383
"Poland","Czechia","Total","IMPORT","Total","Jan.-Dec. 2025","VALUE_IN_EUR_MIRROR",18349520309
"Poland","Czechia","Total","IMPORT","Total","Jan.-Dec. 2024","VALUE_IN_EUR",15280510375
"Poland","Czechia","Total","IMPORT","Total","Jan.-Dec. 2024","VALUE_IN_EUR_MIRROR",18100846490
"Poland","Czechia","Total","EXPORT","Total","Jan.-Dec. 2025","VALUE_IN_EUR_MIRROR",21208880823
"Poland","Czechia","Total","EXPORT","Total","Jan.-Dec. 2024","VALUE_IN_EUR",21730233919
"Poland","Czechia","Total","EXPORT","Total","Jan.-Dec. 2024","VALUE_IN_EUR_MIRROR",20224807568
"Poland","Germany (incl. German Democratic Republic 'DD' from 1991)","Total","IMPORT","Total","Jan.-Dec. 2024","VALUE_IN_EUR",89014662254
"Poland","Germany (incl. German Democratic Republic 'DD' from 1991)","Total","IMPORT","Total","Jan.-Dec. 2024","VALUE_IN_EUR_MIRROR",93109848818
"Poland","Germany (incl. German Democratic Republic 'DD' from 1991)","Total","EXPORT","Total","Jan.-Dec. 2024","VALUE_IN_EUR",96039069885
"Poland","Germany (incl. German Democratic Republic 'DD' from 1991)","Total","EXPORT","Total","Jan.-Dec. 2024","VALUE_IN_EUR_MIRROR",92162588717
"Poland","Denmark","Total","IMPORT","Total","Jan.-Dec. 2024","VALUE_IN_EUR",7264556063
"Poland","Denmark","Total","IMPORT","Total","Jan.-Dec. 2024","VALUE_IN_EUR_MIRROR",5446346340
"Poland","Denmark","Total","EXPORT","Total","Jan.-Dec. 2024","VALUE_IN_EUR",5879646703
"Poland","Denmark","Total","EXPORT","Total","Jan.-Dec. 2024","VALUE_IN_EUR_MIRROR",5440300167
"Poland","Estonia","Total","IMPORT","Total","Jan.-Dec. 2025","VALUE_IN_EUR_MIRROR",801339758
"Poland","Estonia","Total","IMPORT","Total","Jan.-Dec. 2024","VALUE_IN_EUR",612162839
"Poland","Estonia","Total","IMPORT","Total","Jan.-Dec. 2024","VALUE_IN_EUR_MIRROR",650822200
"Poland","Estonia","Total","EXPORT","Total","Jan.-Dec. 2025","VALUE_IN_EUR_MIRROR",1704234326
"Poland","Estonia","Total","EXPORT","Total","Jan.-Dec. 2024","VALUE_IN_EUR",1612993986
"Poland","Estonia","Total","EXPORT","Total","Jan.-Dec. 2024","VALUE_IN_EUR_MIRROR",1677504438
"Poland","Spain (incl. Canary Islands 'XB' from 1997)","Total","IMPORT","Total","Jan.-Dec. 2025","VALUE_IN_EUR_MIRROR",10598176478
"Poland","Spain (incl. Canary Islands 'XB' from 1997)","Total","IMPORT","Total","Jan.-Dec. 2024","VALUE_IN_EUR",8984986756
"Poland","Spain (incl. Canary Islands 'XB' from 1997)","Total","IMPORT","Total","Jan.-Dec. 2024","VALUE_IN_EUR_MIRROR",10105093000
"Poland","Spain (incl. Canary Islands 'XB' from 1997)","Total","EXPORT","Total","Jan.-Dec. 2025","VALUE_IN_EUR_MIRROR",10572449268
"Poland","Spain (incl. Canary Islands 'XB' from 1997)","Total","EXPORT","Total","Jan.-Dec. 2024","VALUE_IN_EUR",10070222550
"Poland","Spain (incl. Canary Islands 'XB' from 1997)","Total","EXPORT","Total","Jan.-Dec. 2024","VALUE_IN_EUR_MIRROR",9587023296
"Poland","Finland","Total","IMPORT","Total","Jan.-Dec. 2024","VALUE_IN_EUR",2298644017
"Poland","Finland","Total","IMPORT","Total","Jan.-Dec. 2024","VALUE_IN_EUR_MIRROR",2454165769
"Poland","Finland","Total","EXPORT","Total","Jan.-Dec. 2024","VALUE_IN_EUR",2800501587
"Poland","Finland","Total","EXPORT","Total","Jan.-Dec. 2024","VALUE_IN_EUR_MIRROR",2688213883
"Poland","France (incl. Saint Barthélemy 'BL' -> 2012; incl. French Guiana 'GF', Guadeloupe 'GP', Martinique 'MQ', Réunion 'RE' from 1997; incl. Mayotte 'YT' from 2014)","Total","IMPORT","Total","Jan.-Dec. 2024","VALUE_IN_EUR",14220986669
"Poland","France (incl. Saint Barthélemy 'BL' -> 2012; incl. French Guiana 'GF', Guadeloupe 'GP', Martinique 'MQ', Réunion 'RE' from 1997; incl. Mayotte 'YT' from 2014)","Total","IMPORT","Total","Jan.-Dec. 2024","VALUE_IN_EUR_MIRROR",15163286645
"Poland","France (incl. Saint Barthélemy 'BL' -> 2012; incl. French Guiana 'GF', Guadeloupe 'GP', Martinique 'MQ', Réunion 'RE' from 1997; incl. Mayotte 'YT' from 2014)","Total","EXPORT","Total","Jan.-Dec. 2024","VALUE_IN_EUR",21347845348
"Poland","France (incl. Saint Barthélemy 'BL' -> 2012; incl. French Guiana 'GF', Guadeloupe 'GP', Martinique 'MQ', Réunion 'RE' from 1997; incl. Mayotte 'YT' from 2014)","Total","EXPORT","Total","Jan.-Dec. 2024","VALUE_IN_EUR_MIRROR",17029920169
"Poland","Greece","Total","IMPORT","Total","Jan.-Dec. 2025","VALUE_IN_EUR_MIRROR",1221647646
"Poland","Greece","Total","IMPORT","Total","Jan.-Dec. 2024","VALUE_IN_EUR",907766335
"Poland","Greece","Total","IMPORT","Total","Jan.-Dec. 2024","VALUE_IN_EUR_MIRROR",1158904705
"Poland","Greece","Total","EXPORT","Total","Jan.-Dec. 2025","VALUE_IN_EUR_MIRROR",1799066963
"Poland","Greece","Total","EXPORT","Total","Jan.-Dec. 2024","VALUE_IN_EUR",1826497845
"Poland","Greece","Total","EXPORT","Total","Jan.-Dec. 2024","VALUE_IN_EUR_MIRROR",1686325429
"Poland","Croatia","Total","IMPORT","Total","Jan.-Dec. 2024","VALUE_IN_EUR",460101752
"Poland","Croatia","Total","IMPORT","Total","Jan.-Dec. 2024","VALUE_IN_EUR_MIRROR",523451139
"Poland","Croatia","Total","EXPORT","Total","Jan.-Dec. 2024","VALUE_IN_EUR",1676460958
"Poland","Croatia","Total","EXPORT","Total","Jan.-Dec. 2024","VALUE_IN_EUR_MIRROR",1739668958
"Poland","Hungary","Total","IMPORT","Total","Jan.-Dec. 2025","VALUE_IN_EUR_MIRROR",7285353211
"Poland","Hungary","Total","IMPORT","Total","Jan.-Dec. 2024","VALUE_IN_EUR",7224466488
"Poland","Hungary","Total","IMPORT","Total","Jan.-Dec. 2024","VALUE_IN_EUR_MIRROR",7952676506
"Poland","Hungary","Total","EXPORT","Total","Jan.-Dec. 2025","VALUE_IN_EUR_MIRROR",8405773829
"Poland","Hungary","Total","EXPORT","Total","Jan.-Dec. 2024","VALUE_IN_EUR",8876473486
"Poland","Hungary","Total","EXPORT","Total","Jan.-Dec. 2024","VALUE_IN_EUR_MIRROR",8107973669
"Poland","Ireland (Eire)","Total","IMPORT","Total","Jan.-Dec. 2025","VALUE_IN_EUR_MIRROR",1948817375
"Poland","Ireland (Eire)","Total","IMPORT","Total","Jan.-Dec. 2024","VALUE_IN_EUR",2004263242
"Poland","Ireland (Eire)","Total","IMPORT","Total","Jan.-Dec. 2024","VALUE_IN_EUR_MIRROR",1758363903
"Poland","Ireland (Eire)","Total","EXPORT","Total","Jan.-Dec. 2025","VALUE_IN_EUR_MIRROR",1858766800
"Poland","Ireland (Eire)","Total","EXPORT","Total","Jan.-Dec. 2024","VALUE_IN_EUR",1648893621
"Poland","Ireland (Eire)","Total","EXPORT","Total","Jan.-Dec. 2024","VALUE_IN_EUR_MIRROR",1389990860
"Poland","Italy (incl. San Marino 'SM' -> 1993)","Total","IMPORT","Total","Jan.-Dec. 2024","VALUE_IN_EUR",16562763584
"Poland","Italy (incl. San Marino 'SM' -> 1993)","Total","IMPORT","Total","Jan.-Dec. 2024","VALUE_IN_EUR_MIRROR",19655253147
"Poland","Italy (incl. San Marino 'SM' -> 1993)","Total","EXPORT","Total","Jan.-Dec. 2024","VALUE_IN_EUR",16223476286
"Poland","Italy (incl. San Marino 'SM' -> 1993)","Total","EXPORT","Total","Jan.-Dec. 2024","VALUE_IN_EUR_MIRROR",16271309089
"Poland","Lithuania","Total","IMPORT","Total","Jan.-Dec. 2025","VALUE_IN_EUR_MIRROR",3769158351
"Poland","Lithuania","Total","IMPORT","Total","Jan.-Dec. 2024","VALUE_IN_EUR",3276266866
"Poland","Lithuania","Total","IMPORT","Total","Jan.-Dec. 2024","VALUE_IN_EUR_MIRROR",3636655826
"Poland","Lithuania","Total","EXPORT","Total","Jan.-Dec. 2025","VALUE_IN_EUR_MIRROR",6016909956
"Poland","Lithuania","Total","EXPORT","Total","Jan.-Dec. 2024","VALUE_IN_EUR",5979771098
"Poland","Lithuania","Total","EXPORT","Total","Jan.-Dec. 2024","VALUE_IN_EUR_MIRROR",5792027093
"Poland","Luxembourg","Total","IMPORT","Total","Jan.-Dec. 2024","VALUE_IN_EUR",447084377
"Poland","Luxembourg","Total","IMPORT","Total","Jan.-Dec. 2024","VALUE_IN_EUR_MIRROR",377595695
"Poland","Luxembourg","Total","EXPORT","Total","Jan.-Dec. 2024","VALUE_IN_EUR",565520341
"Poland","Luxembourg","Total","EXPORT","Total","Jan.-Dec. 2024","VALUE_IN_EUR_MIRROR",480117746
"Poland","Latvia","Total","IMPORT","Total","Jan.-Dec. 2025","VALUE_IN_EUR_MIRROR",916646429
"Poland","Latvia","Total","IMPORT","Total","Jan.-Dec. 2024","VALUE_IN_EUR",746452878
"Poland","Latvia","Total","IMPORT","Total","Jan.-Dec. 2024","VALUE_IN_EUR_MIRROR",884067632
"Poland","Latvia","Total","EXPORT","Total","Jan.-Dec. 2025","VALUE_IN_EUR_MIRROR",2580953494
"Poland","Latvia","Total","EXPORT","Total","Jan.-Dec. 2024","VALUE_IN_EUR",2407878746
"Poland","Latvia","Total","EXPORT","Total","Jan.-Dec. 2024","VALUE_IN_EUR_MIRROR",2444654655
"Poland","Malta","Total","IMPORT","Total","Jan.-Dec. 2024","VALUE_IN_EUR",111233810
"Poland","Malta","Total","IMPORT","Total","Jan.-Dec. 2024","VALUE_IN_EUR_MIRROR",49573963
"Poland","Malta","Total","EXPORT","Total","Jan.-Dec. 2024","VALUE_IN_EUR",135109645
"Poland","Malta","Total","EXPORT","Total","Jan.-Dec. 2024","VALUE_IN_EUR_MIRROR",69785775
"Poland","Netherlands","Total","IMPORT","Total","Jan.-Dec. 2024","VALUE_IN_EUR",22981613132
"Poland","Netherlands","Total","IMPORT","Total","Jan.-Dec. 2024","VALUE_IN_EUR_MIRROR",27333454300
"Poland","Netherlands","Total","EXPORT","Total","Jan.-Dec. 2024","VALUE_IN_EUR",16353922695
"Poland","Netherlands","Total","EXPORT","Total","Jan.-Dec. 2024","VALUE_IN_EUR_MIRROR",15835437233
"Poland","Portugal","Total","IMPORT","Total","Jan.-Dec. 2025","VALUE_IN_EUR_MIRROR",1226030517
"Poland","Portugal","Total","IMPORT","Total","Jan.-Dec. 2024","VALUE_IN_EUR",1078421449
"Poland","Portugal","Total","IMPORT","Total","Jan.-Dec. 2024","VALUE_IN_EUR_MIRROR",1202252637
"Poland","Portugal","Total","EXPORT","Total","Jan.-Dec. 2025","VALUE_IN_EUR_MIRROR",1967266248
"Poland","Portugal","Total","EXPORT","Total","Jan.-Dec. 2024","VALUE_IN_EUR",1908863526
"Poland","Portugal","Total","EXPORT","Total","Jan.-Dec. 2024","VALUE_IN_EUR_MIRROR",1832492580
"Poland","Romania","Total","IMPORT","Total","Jan.-Dec. 2024","VALUE_IN_EUR",3359374149
"Poland","Romania","Total","IMPORT","Total","Jan.-Dec. 2024","VALUE_IN_EUR_MIRROR",3713736527
"Poland","Romania","Total","EXPORT","Total","Jan.-Dec. 2024","VALUE_IN_EUR",7938975507
"Poland","Romania","Total","EXPORT","Total","Jan.-Dec. 2024","VALUE_IN_EUR_MIRROR",8006457880
"Poland","Sweden","Total","IMPORT","Total","Jan.-Dec. 2024","VALUE_IN_EUR",7269419635
"Poland","Sweden","Total","IMPORT","Total","Jan.-Dec. 2024","VALUE_IN_EUR_MIRROR",7005223854
"Poland","Sweden","Total","EXPORT","Total","Jan.-Dec. 2024","VALUE_IN_EUR",8515956847
"Poland","Sweden","Total","EXPORT","Total","Jan.-Dec. 2024","VALUE_IN_EUR_MIRROR",8041386318
"Poland","Slovenia","Total","IMPORT","Total","Jan.-Dec. 2024","VALUE_IN_EUR",2754935002
"Poland","Slovenia","Total","IMPORT","Total","Jan.-Dec. 2024","VALUE_IN_EUR_MIRROR",2857696189
"Poland","Slovenia","Total","EXPORT","Total","Jan.-Dec. 2024","VALUE_IN_EUR",1353522577
"Poland","Slovenia","Total","EXPORT","Total","Jan.-Dec. 2024","VALUE_IN_EUR_MIRROR",1356468467
"Poland","Slovakia","Total","IMPORT","Total","Jan.-Dec. 2024","VALUE_IN_EUR",7259937048
"Poland","Slovakia","Total","IMPORT","Total","Jan.-Dec. 2024","VALUE_IN_EUR_MIRROR",8125912284
"Poland","Slovakia","Total","EXPORT","Total","Jan.-Dec. 2024","VALUE_IN_EUR",9457129093
"Poland","Slovakia","Total","EXPORT","Total","Jan.-Dec. 2024","VALUE_IN_EUR_MIRROR",8998665621
"Portugal","Austria","Total","IMPORT","Total","Jan.-Dec. 2025","VALUE_IN_EUR",594207965
"Portugal","Austria","Total","IMPORT","Total","Jan.-Dec. 2024","VALUE_IN_EUR",714454830
"Portugal","Austria","Total","IMPORT","Total","Jan.-Dec. 2024","VALUE_IN_EUR_MIRROR",590836377
"Portugal","Austria","Total","EXPORT","Total","Jan.-Dec. 2025","VALUE_IN_EUR",485576406
"Portugal","Austria","Total","EXPORT","Total","Jan.-Dec. 2024","VALUE_IN_EUR",459574330
"Portugal","Austria","Total","EXPORT","Total","Jan.-Dec. 2024","VALUE_IN_EUR_MIRROR",368735535
"Portugal","Belgium (incl. Luxembourg 'LU' -> 1998)","Total","IMPORT","Total","Jan.-Dec. 2025","VALUE_IN_EUR",3698803770
"Portugal","Belgium (incl. Luxembourg 'LU' -> 1998)","Total","IMPORT","Total","Jan.-Dec. 2024","VALUE_IN_EUR",3374032561
"Portugal","Belgium (incl. Luxembourg 'LU' -> 1998)","Total","IMPORT","Total","Jan.-Dec. 2024","VALUE_IN_EUR_MIRROR",3449619853
"Portugal","Belgium (incl. Luxembourg 'LU' -> 1998)","Total","EXPORT","Total","Jan.-Dec. 2025","VALUE_IN_EUR",2038308110
"Portugal","Belgium (incl. Luxembourg 'LU' -> 1998)","Total","EXPORT","Total","Jan.-Dec. 2024","VALUE_IN_EUR",2020888584
"Portugal","Belgium (incl. Luxembourg 'LU' -> 1998)","Total","EXPORT","Total","Jan.-Dec. 2024","VALUE_IN_EUR_MIRROR",1988712574
"Portugal","Bulgaria","Total","IMPORT","Total","Jan.-Dec. 2025","VALUE_IN_EUR",136956232
"Portugal","Bulgaria","Total","IMPORT","Total","Jan.-Dec. 2024","VALUE_IN_EUR",143456693
"Portugal","Bulgaria","Total","IMPORT","Total","Jan.-Dec. 2024","VALUE_IN_EUR_MIRROR",127000355
"Portugal","Bulgaria","Total","EXPORT","Total","Jan.-Dec. 2025","VALUE_IN_EUR",110293998
"Portugal","Bulgaria","Total","EXPORT","Total","Jan.-Dec. 2024","VALUE_IN_EUR",134386908
"Portugal","Bulgaria","Total","EXPORT","Total","Jan.-Dec. 2024","VALUE_IN_EUR_MIRROR",110266758
"Portugal","Cyprus","Total","IMPORT","Total","Jan.-Dec. 2025","VALUE_IN_EUR",13415765
"Portugal","Cyprus","Total","IMPORT","Total","Jan.-Dec. 2024","VALUE_IN_EUR",11963257
"Portugal","Cyprus","Total","IMPORT","Total","Jan.-Dec. 2024","VALUE_IN_EUR_MIRROR",10341508
"Portugal","Cyprus","Total","EXPORT","Total","Jan.-Dec. 2025","VALUE_IN_EUR",68323056
"Portugal","Cyprus","Total","EXPORT","Total","Jan.-Dec. 2024","VALUE_IN_EUR",60991415
"Portugal","Cyprus","Total","EXPORT","Total","Jan.-Dec. 2024","VALUE_IN_EUR_MIRROR",34237161
"Portugal","Czechia","Total","IMPORT","Total","Jan.-Dec. 2025","VALUE_IN_EUR",915297332
"Portugal","Czechia","Total","IMPORT","Total","Jan.-Dec. 2025","VALUE_IN_EUR_MIRROR",1073288873
"Portugal","Czechia","Total","IMPORT","Total","Jan.-Dec. 2024","VALUE_IN_EUR",849028904
"Portugal","Czechia","Total","IMPORT","Total","Jan.-Dec. 2024","VALUE_IN_EUR_MIRROR",955195912
"Portugal","Czechia","Total","EXPORT","Total","Jan.-Dec. 2025","VALUE_IN_EUR",691854395
"Portugal","Czechia","Total","EXPORT","Total","Jan.-Dec. 2025","VALUE_IN_EUR_MIRROR",616720069
"Portugal","Czechia","Total","EXPORT","Total","Jan.-Dec. 2024","VALUE_IN_EUR",668987650
"Portugal","Czechia","Total","EXPORT","Total","Jan.-Dec. 2024","VALUE_IN_EUR_MIRROR",631392111
"Portugal","Germany (incl. German Democratic Republic 'DD' from 1991)","Total","IMPORT","Total","Jan.-Dec. 2025","VALUE_IN_EUR",13217923681
"Portugal","Germany (incl. German Democratic Republic 'DD' from 1991)","Total","IMPORT","Total","Jan.-Dec. 2024","VALUE_IN_EUR",12127175416
"Portugal","Germany (incl. German Democratic Republic 'DD' from 1991)","Total","IMPORT","Total","Jan.-Dec. 2024","VALUE_IN_EUR_MIRROR",12035120392
"Portugal","Germany (incl. German Democratic Republic 'DD' from 1991)","Total","EXPORT","Total","Jan.-Dec. 2025","VALUE_IN_EUR",11060601356
"Portugal","Germany (incl. German Democratic Republic 'DD' from 1991)","Total","EXPORT","Total","Jan.-Dec. 2024","VALUE_IN_EUR",9658927525
"Portugal","Germany (incl. German Democratic Republic 'DD' from 1991)","Total","EXPORT","Total","Jan.-Dec. 2024","VALUE_IN_EUR_MIRROR",9555834684
"Portugal","Denmark","Total","IMPORT","Total","Jan.-Dec. 2025","VALUE_IN_EUR",613413335
"Portugal","Denmark","Total","IMPORT","Total","Jan.-Dec. 2024","VALUE_IN_EUR",514751602
"Portugal","Denmark","Total","IMPORT","Total","Jan.-Dec. 2024","VALUE_IN_EUR_MIRROR",516750047
"Portugal","Denmark","Total","EXPORT","Total","Jan.-Dec. 2025","VALUE_IN_EUR",588482275
"Portugal","Denmark","Total","EXPORT","Total","Jan.-Dec. 2024","VALUE_IN_EUR",574257761
"Portugal","Denmark","Total","EXPORT","Total","Jan.-Dec. 2024","VALUE_IN_EUR_MIRROR",465138705
"Portugal","Estonia","Total","IMPORT","Total","Jan.-Dec. 2025","VALUE_IN_EUR",46355197
"Portugal","Estonia","Total","IMPORT","Total","Jan.-Dec. 2025","VALUE_IN_EUR_MIRROR",74760503
"Portugal","Estonia","Total","IMPORT","Total","Jan.-Dec. 2024","VALUE_IN_EUR",48050860
"Portugal","Estonia","Total","IMPORT","Total","Jan.-Dec. 2024","VALUE_IN_EUR_MIRROR",45156252
"Portugal","Estonia","Total","EXPORT","Total","Jan.-Dec. 2025","VALUE_IN_EUR",69401776
"Portugal","Estonia","Total","EXPORT","Total","Jan.-Dec. 2025","VALUE_IN_EUR_MIRROR",62644752
"Portugal","Estonia","Total","EXPORT","Total","Jan.-Dec. 2024","VALUE_IN_EUR",69758618
"Portugal","Estonia","Total","EXPORT","Total","Jan.-Dec. 2024","VALUE_IN_EUR_MIRROR",57573961
"Portugal","Spain (incl. Canary Islands 'XB' from 1997)","Total","IMPORT","Total","Jan.-Dec. 2025","VALUE_IN_EUR",36615594384
"Portugal","Spain (incl. Canary Islands 'XB' from 1997)","Total","IMPORT","Total","Jan.-Dec. 2025","VALUE_IN_EUR_MIRROR",34979217463
"Portugal","Spain (incl. Canary Islands 'XB' from 1997)","Total","IMPORT","Total","Jan.-Dec. 2024","VALUE_IN_EUR",35226875970
"Portugal","Spain (incl. Canary Islands 'XB' from 1997)","Total","IMPORT","Total","Jan.-Dec. 2024","VALUE_IN_EUR_MIRROR",33710689937
"Portugal","Spain (incl. Canary Islands 'XB' from 1997)","Total","EXPORT","Total","Jan.-Dec. 2025","VALUE_IN_EUR",20586470354
"Portugal","Spain (incl. Canary Islands 'XB' from 1997)","Total","EXPORT","Total","Jan.-Dec. 2025","VALUE_IN_EUR_MIRROR",18823558466
"Portugal","Spain (incl. Canary Islands 'XB' from 1997)","Total","EXPORT","Total","Jan.-Dec. 2024","VALUE_IN_EUR",20455960548
"Portugal","Spain (incl. Canary Islands 'XB' from 1997)","Total","EXPORT","Total","Jan.-Dec. 2024","VALUE_IN_EUR_MIRROR",19174035601
"Portugal","Finland","Total","IMPORT","Total","Jan.-Dec. 2025","VALUE_IN_EUR",300446937
"Portugal","Finland","Total","IMPORT","Total","Jan.-Dec. 2024","VALUE_IN_EUR",322164748
"Portugal","Finland","Total","IMPORT","Total","Jan.-Dec. 2024","VALUE_IN_EUR_MIRROR",235098093
"Portugal","Finland","Total","EXPORT","Total","Jan.-Dec. 2025","VALUE_IN_EUR",328549805
"Portugal","Finland","Total","EXPORT","Total","Jan.-Dec. 2024","VALUE_IN_EUR",496015832
"Portugal","Finland","Total","EXPORT","Total","Jan.-Dec. 2024","VALUE_IN_EUR_MIRROR",478428863
"Portugal","France (incl. Saint Barthélemy 'BL' -> 2012; incl. French Guiana 'GF', Guadeloupe 'GP', Martinique 'MQ', Réunion 'RE' from 1997; incl. Mayotte 'YT' from 2014)","Total","IMPORT","Total","Jan.-Dec. 2025","VALUE_IN_EUR",8103123574
"Portugal","France (incl. Saint Barthélemy 'BL' -> 2012; incl. French Guiana 'GF', Guadeloupe 'GP', Martinique 'MQ', Réunion 'RE' from 1997; incl. Mayotte 'YT' from 2014)","Total","IMPORT","Total","Jan.-Dec. 2024","VALUE_IN_EUR",7726619775
"Portugal","France (incl. Saint Barthélemy 'BL' -> 2012; incl. French Guiana 'GF', Guadeloupe 'GP', Martinique 'MQ', Réunion 'RE' from 1997; incl. Mayotte 'YT' from 2014)","Total","IMPORT","Total","Jan.-Dec. 2024","VALUE_IN_EUR_MIRROR",7501833595
"Portugal","France (incl. Saint Barthélemy 'BL' -> 2012; incl. French Guiana 'GF', Guadeloupe 'GP', Martinique 'MQ', Réunion 'RE' from 1997; incl. Mayotte 'YT' from 2014)","Total","EXPORT","Total","Jan.-Dec. 2025","VALUE_IN_EUR",9539532669
"Portugal","France (incl. Saint Barthélemy 'BL' -> 2012; incl. French Guiana 'GF', Guadeloupe 'GP', Martinique 'MQ', Réunion 'RE' from 1997; incl. Mayotte 'YT' from 2014)","Total","EXPORT","Total","Jan.-Dec. 2024","VALUE_IN_EUR",9534422560
"Portugal","France (incl. Saint Barthélemy 'BL' -> 2012; incl. French Guiana 'GF', Guadeloupe 'GP', Martinique 'MQ', Réunion 'RE' from 1997; incl. Mayotte 'YT' from 2014)","Total","EXPORT","Total","Jan.-Dec. 2024","VALUE_IN_EUR_MIRROR",7960419991
"Portugal","Greece","Total","IMPORT","Total","Jan.-Dec. 2025","VALUE_IN_EUR",221354766
"Portugal","Greece","Total","IMPORT","Total","Jan.-Dec. 2025","VALUE_IN_EUR_MIRROR",305934471
"Portugal","Greece","Total","IMPORT","Total","Jan.-Dec. 2024","VALUE_IN_EUR",230127257
"Portugal","Greece","Total","IMPORT","Total","Jan.-Dec. 2024","VALUE_IN_EUR_MIRROR",324089418
"Portugal","Greece","Total","EXPORT","Total","Jan.-Dec. 2025","VALUE_IN_EUR",237875865
"Portugal","Greece","Total","EXPORT","Total","Jan.-Dec. 2025","VALUE_IN_EUR_MIRROR",157200602
"Portugal","Greece","Total","EXPORT","Total","Jan.-Dec. 2024","VALUE_IN_EUR",253574927
"Portugal","Greece","Total","EXPORT","Total","Jan.-Dec. 2024","VALUE_IN_EUR_MIRROR",183802039
"Portugal","Croatia","Total","IMPORT","Total","Jan.-Dec. 2025","VALUE_IN_EUR",70343590
"Portugal","Croatia","Total","IMPORT","Total","Jan.-Dec. 2024","VALUE_IN_EUR",66148264
"Portugal","Croatia","Total","IMPORT","Total","Jan.-Dec. 2024","VALUE_IN_EUR_MIRROR",89455041
"Portugal","Croatia","Total","EXPORT","Total","Jan.-Dec. 2025","VALUE_IN_EUR",77040150
"Portugal","Croatia","Total","EXPORT","Total","Jan.-Dec. 2024","VALUE_IN_EUR",77445554
"Portugal","Croatia","Total","EXPORT","Total","Jan.-Dec. 2024","VALUE_IN_EUR_MIRROR",59488395
"Portugal","Hungary","Total","IMPORT","Total","Jan.-Dec. 2025","VALUE_IN_EUR",847843503
"Portugal","Hungary","Total","IMPORT","Total","Jan.-Dec. 2025","VALUE_IN_EUR_MIRROR",951048278
"Portugal","Hungary","Total","IMPORT","Total","Jan.-Dec. 2024","VALUE_IN_EUR",614490915
"Portugal","Hungary","Total","IMPORT","Total","Jan.-Dec. 2024","VALUE_IN_EUR_MIRROR",708575869
"Portugal","Hungary","Total","EXPORT","Total","Jan.-Dec. 2025","VALUE_IN_EUR",472523078
"Portugal","Hungary","Total","EXPORT","Total","Jan.-Dec. 2025","VALUE_IN_EUR_MIRROR",346553594
"Portugal","Hungary","Total","EXPORT","Total","Jan.-Dec. 2024","VALUE_IN_EUR",416317131
"Portugal","Hungary","Total","EXPORT","Total","Jan.-Dec. 2024","VALUE_IN_EUR_MIRROR",351890188
"Portugal","Ireland (Eire)","Total","IMPORT","Total","Jan.-Dec. 2025","VALUE_IN_EUR",3265850094
"Portugal","Ireland (Eire)","Total","IMPORT","Total","Jan.-Dec. 2025","VALUE_IN_EUR_MIRROR",3020576955
"Portugal","Ireland (Eire)","Total","IMPORT","Total","Jan.-Dec. 2024","VALUE_IN_EUR",2031445165
"Portugal","Ireland (Eire)","Total","IMPORT","Total","Jan.-Dec. 2024","VALUE_IN_EUR_MIRROR",1741763578
"Portugal","Ireland (Eire)","Total","EXPORT","Total","Jan.-Dec. 2025","VALUE_IN_EUR",534039025
"Portugal","Ireland (Eire)","Total","EXPORT","Total","Jan.-Dec. 2025","VALUE_IN_EUR_MIRROR",389753346
"Portugal","Ireland (Eire)","Total","EXPORT","Total","Jan.-Dec. 2024","VALUE_IN_EUR",475194667
"Portugal","Ireland (Eire)","Total","EXPORT","Total","Jan.-Dec. 2024","VALUE_IN_EUR_MIRROR",650404000
"Portugal","Italy (incl. San Marino 'SM' -> 1993)","Total","IMPORT","Total","Jan.-Dec. 2025","VALUE_IN_EUR",5581161395
"Portugal","Italy (incl. San Marino 'SM' -> 1993)","Total","IMPORT","Total","Jan.-Dec. 2024","VALUE_IN_EUR",5556462117
"Portugal","Italy (incl. San Marino 'SM' -> 1993)","Total","IMPORT","Total","Jan.-Dec. 2024","VALUE_IN_EUR_MIRROR",5666271620
"Portugal","Italy (incl. San Marino 'SM' -> 1993)","Total","EXPORT","Total","Jan.-Dec. 2025","VALUE_IN_EUR",3535688334
"Portugal","Italy (incl. San Marino 'SM' -> 1993)","Total","EXPORT","Total","Jan.-Dec. 2024","VALUE_IN_EUR",3570319777
"Portugal","Italy (incl. San Marino 'SM' -> 1993)","Total","EXPORT","Total","Jan.-Dec. 2024","VALUE_IN_EUR_MIRROR",3709374133
"Portugal","Lithuania","Total","IMPORT","Total","Jan.-Dec. 2025","VALUE_IN_EUR",102860274
"Portugal","Lithuania","Total","IMPORT","Total","Jan.-Dec. 2025","VALUE_IN_EUR_MIRROR",143944402
"Portugal","Lithuania","Total","IMPORT","Total","Jan.-Dec. 2024","VALUE_IN_EUR",101912329
"Portugal","Lithuania","Total","IMPORT","Total","Jan.-Dec. 2024","VALUE_IN_EUR_MIRROR",119040963
"Portugal","Lithuania","Total","EXPORT","Total","Jan.-Dec. 2025","VALUE_IN_EUR",80351369
"Portugal","Lithuania","Total","EXPORT","Total","Jan.-Dec. 2025","VALUE_IN_EUR_MIRROR",60871814
"Portugal","Lithuania","Total","EXPORT","Total","Jan.-Dec. 2024","VALUE_IN_EUR",84811876
"Portugal","Lithuania","Total","EXPORT","Total","Jan.-Dec. 2024","VALUE_IN_EUR_MIRROR",63654572
"Portugal","Luxembourg","Total","IMPORT","Total","Jan.-Dec. 2025","VALUE_IN_EUR",103036077
"Portugal","Luxembourg","Total","IMPORT","Total","Jan.-Dec. 2024","VALUE_IN_EUR",93635330
"Portugal","Luxembourg","Total","IMPORT","Total","Jan.-Dec. 2024","VALUE_IN_EUR_MIRROR",93005212
"Portugal","Luxembourg","Total","EXPORT","Total","Jan.-Dec. 2025","VALUE_IN_EUR",133856322
"Portugal","Luxembourg","Total","EXPORT","Total","Jan.-Dec. 2024","VALUE_IN_EUR",128715532
"Portugal","Luxembourg","Total","EXPORT","Total","Jan.-Dec. 2024","VALUE_IN_EUR_MIRROR",90117473
"Portugal","Latvia","Total","IMPORT","Total","Jan.-Dec. 2025","VALUE_IN_EUR",40605684
"Portugal","Latvia","Total","IMPORT","Total","Jan.-Dec. 2025","VALUE_IN_EUR_MIRROR",45992429
"Portugal","Latvia","Total","IMPORT","Total","Jan.-Dec. 2024","VALUE_IN_EUR",46191283
"Portugal","Latvia","Total","IMPORT","Total","Jan.-Dec. 2024","VALUE_IN_EUR_MIRROR",55493003
"Portugal","Latvia","Total","EXPORT","Total","Jan.-Dec. 2025","VALUE_IN_EUR",90861531
"Portugal","Latvia","Total","EXPORT","Total","Jan.-Dec. 2025","VALUE_IN_EUR_MIRROR",34073575
"Portugal","Latvia","Total","EXPORT","Total","Jan.-Dec. 2024","VALUE_IN_EUR",74302718
"Portugal","Latvia","Total","EXPORT","Total","Jan.-Dec. 2024","VALUE_IN_EUR_MIRROR",61231524
"Portugal","Malta","Total","IMPORT","Total","Jan.-Dec. 2025","VALUE_IN_EUR",66451955
"Portugal","Malta","Total","IMPORT","Total","Jan.-Dec. 2024","VALUE_IN_EUR",116532288
"Portugal","Malta","Total","IMPORT","Total","Jan.-Dec. 2024","VALUE_IN_EUR_MIRROR",27267175
"Portugal","Malta","Total","EXPORT","Total","Jan.-Dec. 2025","VALUE_IN_EUR",64559467
"Portugal","Malta","Total","EXPORT","Total","Jan.-Dec. 2024","VALUE_IN_EUR",49800289
"Portugal","Malta","Total","EXPORT","Total","Jan.-Dec. 2024","VALUE_IN_EUR_MIRROR",22687872
"Portugal","Netherlands","Total","IMPORT","Total","Jan.-Dec. 2025","VALUE_IN_EUR",6594961974
"Portugal","Netherlands","Total","IMPORT","Total","Jan.-Dec. 2024","VALUE_IN_EUR",6045584001
"Portugal","Netherlands","Total","IMPORT","Total","Jan.-Dec. 2024","VALUE_IN_EUR_MIRROR",6593390221
"Portugal","Netherlands","Total","EXPORT","Total","Jan.-Dec. 2025","VALUE_IN_EUR",2638356482
"Portugal","Netherlands","Total","EXPORT","Total","Jan.-Dec. 2024","VALUE_IN_EUR",2834154085
"Portugal","Netherlands","Total","EXPORT","Total","Jan.-Dec. 2024","VALUE_IN_EUR_MIRROR",2528054432
"Portugal","Poland","Total","IMPORT","Total","Jan.-Dec. 2025","VALUE_IN_EUR",1967266248
"Portugal","Poland","Total","IMPORT","Total","Jan.-Dec. 2024","VALUE_IN_EUR",1832492580
"Portugal","Poland","Total","IMPORT","Total","Jan.-Dec. 2024","VALUE_IN_EUR_MIRROR",1908863526
"Portugal","Poland","Total","EXPORT","Total","Jan.-Dec. 2025","VALUE_IN_EUR",1226030517
"Portugal","Poland","Total","EXPORT","Total","Jan.-Dec. 2024","VALUE_IN_EUR",1202252637
"Portugal","Poland","Total","EXPORT","Total","Jan.-Dec. 2024","VALUE_IN_EUR_MIRROR",1078421449
"Portugal","Romania","Total","IMPORT","Total","Jan.-Dec. 2025","VALUE_IN_EUR",439290111
"Portugal","Romania","Total","IMPORT","Total","Jan.-Dec. 2024","VALUE_IN_EUR",545361847
"Portugal","Romania","Total","IMPORT","Total","Jan.-Dec. 2024","VALUE_IN_EUR_MIRROR",532236892
"Portugal","Romania","Total","EXPORT","Total","Jan.-Dec. 2025","VALUE_IN_EUR",568621594
"Portugal","Romania","Total","EXPORT","Total","Jan.-Dec. 2024","VALUE_IN_EUR",545561954
"Portugal","Romania","Total","EXPORT","Total","Jan.-Dec. 2024","VALUE_IN_EUR_MIRROR",558321164
"Portugal","Sweden","Total","IMPORT","Total","Jan.-Dec. 2025","VALUE_IN_EUR",1024090437
"Portugal","Sweden","Total","IMPORT","Total","Jan.-Dec. 2024","VALUE_IN_EUR",1005374101
"Portugal","Sweden","Total","IMPORT","Total","Jan.-Dec. 2024","VALUE_IN_EUR_MIRROR",836898087
"Portugal","Sweden","Total","EXPORT","Total","Jan.-Dec. 2025","VALUE_IN_EUR",1072675845
"Portugal","Sweden","Total","EXPORT","Total","Jan.-Dec. 2024","VALUE_IN_EUR",1072134348
"Portugal","Sweden","Total","EXPORT","Total","Jan.-Dec. 2024","VALUE_IN_EUR_MIRROR",1093761087
"Portugal","Slovenia","Total","IMPORT","Total","Jan.-Dec. 2025","VALUE_IN_EUR",194979630
"Portugal","Slovenia","Total","IMPORT","Total","Jan.-Dec. 2024","VALUE_IN_EUR",207270041
"Portugal","Slovenia","Total","IMPORT","Total","Jan.-Dec. 2024","VALUE_IN_EUR_MIRROR",205633319
"Portugal","Slovenia","Total","EXPORT","Total","Jan.-Dec. 2025","VALUE_IN_EUR",85358136
"Portugal","Slovenia","Total","EXPORT","Total","Jan.-Dec. 2024","VALUE_IN_EUR",75053697
"Portugal","Slovenia","Total","EXPORT","Total","Jan.-Dec. 2024","VALUE_IN_EUR_MIRROR",104186753
"Portugal","Slovakia","Total","IMPORT","Total","Jan.-Dec. 2025","VALUE_IN_EUR",430068658
"Portugal","Slovakia","Total","IMPORT","Total","Jan.-Dec. 2024","VALUE_IN_EUR",324417480
"Portugal","Slovakia","Total","IMPORT","Total","Jan.-Dec. 2024","VALUE_IN_EUR_MIRROR",331754183
"Portugal","Slovakia","Total","EXPORT","Total","Jan.-Dec. 2025","VALUE_IN_EUR",461899782
"Portugal","Slovakia","Total","EXPORT","Total","Jan.-Dec. 2024","VALUE_IN_EUR",470442312
"Portugal","Slovakia","Total","EXPORT","Total","Jan.-Dec. 2024","VALUE_IN_EUR_MIRROR",448212493
"Romania","Austria","Total","IMPORT","Total","Jan.-Dec. 2024","VALUE_IN_EUR",3904939183
"Romania","Austria","Total","IMPORT","Total","Jan.-Dec. 2024","VALUE_IN_EUR_MIRROR",3721379891
"Romania","Austria","Total","EXPORT","Total","Jan.-Dec. 2024","VALUE_IN_EUR",1884833168
"Romania","Austria","Total","EXPORT","Total","Jan.-Dec. 2024","VALUE_IN_EUR_MIRROR",1809121831
"Romania","Belgium (incl. Luxembourg 'LU' -> 1998)","Total","IMPORT","Total","Jan.-Dec. 2024","VALUE_IN_EUR",3134271593
"Romania","Belgium (incl. Luxembourg 'LU' -> 1998)","Total","IMPORT","Total","Jan.-Dec. 2024","VALUE_IN_EUR_MIRROR",3398925110
"Romania","Belgium (incl. Luxembourg 'LU' -> 1998)","Total","EXPORT","Total","Jan.-Dec. 2024","VALUE_IN_EUR",1875542263
"Romania","Belgium (incl. Luxembourg 'LU' -> 1998)","Total","EXPORT","Total","Jan.-Dec. 2024","VALUE_IN_EUR_MIRROR",1612895755
"Romania","Bulgaria","Total","IMPORT","Total","Jan.-Dec. 2024","VALUE_IN_EUR",5644773362
"Romania","Bulgaria","Total","IMPORT","Total","Jan.-Dec. 2024","VALUE_IN_EUR_MIRROR",4366181463
"Romania","Bulgaria","Total","EXPORT","Total","Jan.-Dec. 2024","VALUE_IN_EUR",4106614952
"Romania","Bulgaria","Total","EXPORT","Total","Jan.-Dec. 2024","VALUE_IN_EUR_MIRROR",4115098326
"Romania","Cyprus","Total","IMPORT","Total","Jan.-Dec. 2024","VALUE_IN_EUR",90972139
"Romania","Cyprus","Total","IMPORT","Total","Jan.-Dec. 2024","VALUE_IN_EUR_MIRROR",46167350
"Romania","Cyprus","Total","EXPORT","Total","Jan.-Dec. 2024","VALUE_IN_EUR",97563959
"Romania","Cyprus","Total","EXPORT","Total","Jan.-Dec. 2024","VALUE_IN_EUR_MIRROR",79817749
"Romania","Czechia","Total","IMPORT","Total","Jan.-Dec. 2025","VALUE_IN_EUR_MIRROR",3970251466
"Romania","Czechia","Total","IMPORT","Total","Jan.-Dec. 2024","VALUE_IN_EUR",3632410652
"Romania","Czechia","Total","IMPORT","Total","Jan.-Dec. 2024","VALUE_IN_EUR_MIRROR",3828402193
"Romania","Czechia","Total","EXPORT","Total","Jan.-Dec. 2025","VALUE_IN_EUR_MIRROR",2991331341
"Romania","Czechia","Total","EXPORT","Total","Jan.-Dec. 2024","VALUE_IN_EUR",3086687784
"Romania","Czechia","Total","EXPORT","Total","Jan.-Dec. 2024","VALUE_IN_EUR_MIRROR",2942787951
"Romania","Germany (incl. German Democratic Republic 'DD' from 1991)","Total","IMPORT","Total","Jan.-Dec. 2024","VALUE_IN_EUR",23511899676
"Romania","Germany (incl. German Democratic Republic 'DD' from 1991)","Total","IMPORT","Total","Jan.-Dec. 2024","VALUE_IN_EUR_MIRROR",22138896333
"Romania","Germany (incl. German Democratic Republic 'DD' from 1991)","Total","EXPORT","Total","Jan.-Dec. 2024","VALUE_IN_EUR",19041900987
"Romania","Germany (incl. German Democratic Republic 'DD' from 1991)","Total","EXPORT","Total","Jan.-Dec. 2024","VALUE_IN_EUR_MIRROR",17642162074
"Romania","Denmark","Total","IMPORT","Total","Jan.-Dec. 2024","VALUE_IN_EUR",796418823
"Romania","Denmark","Total","IMPORT","Total","Jan.-Dec. 2024","VALUE_IN_EUR_MIRROR",662216358
"Romania","Denmark","Total","EXPORT","Total","Jan.-Dec. 2024","VALUE_IN_EUR",339196031
"Romania","Denmark","Total","EXPORT","Total","Jan.-Dec. 2024","VALUE_IN_EUR_MIRROR",285739215
"Romania","Estonia","Total","IMPORT","Total","Jan.-Dec. 2025","VALUE_IN_EUR_MIRROR",99055305
"Romania","Estonia","Total","IMPORT","Total","Jan.-Dec. 2024","VALUE_IN_EUR",93861107
"Romania","Estonia","Total","IMPORT","Total","Jan.-Dec. 2024","VALUE_IN_EUR_MIRROR",73972973
"Romania","Estonia","Total","EXPORT","Total","Jan.-Dec. 2025","VALUE_IN_EUR_MIRROR",111026895
"Romania","Estonia","Total","EXPORT","Total","Jan.-Dec. 2024","VALUE_IN_EUR",78693238
"Romania","Estonia","Total","EXPORT","Total","Jan.-Dec. 2024","VALUE_IN_EUR_MIRROR",79701438
"Romania","Spain (incl. Canary Islands 'XB' from 1997)","Total","IMPORT","Total","Jan.-Dec. 2025","VALUE_IN_EUR_MIRROR",3794922360
"Romania","Spain (incl. Canary Islands 'XB' from 1997)","Total","IMPORT","Total","Jan.-Dec. 2024","VALUE_IN_EUR",3848779643
"Romania","Spain (incl. Canary Islands 'XB' from 1997)","Total","IMPORT","Total","Jan.-Dec. 2024","VALUE_IN_EUR_MIRROR",3617148671
"Romania","Spain (incl. Canary Islands 'XB' from 1997)","Total","EXPORT","Total","Jan.-Dec. 2025","VALUE_IN_EUR_MIRROR",2508622743
"Romania","Spain (incl. Canary Islands 'XB' from 1997)","Total","EXPORT","Total","Jan.-Dec. 2024","VALUE_IN_EUR",2879251011
"Romania","Spain (incl. Canary Islands 'XB' from 1997)","Total","EXPORT","Total","Jan.-Dec. 2024","VALUE_IN_EUR_MIRROR",2666189136
"Romania","Finland","Total","IMPORT","Total","Jan.-Dec. 2024","VALUE_IN_EUR",268175929
"Romania","Finland","Total","IMPORT","Total","Jan.-Dec. 2024","VALUE_IN_EUR_MIRROR",306100482
"Romania","Finland","Total","EXPORT","Total","Jan.-Dec. 2024","VALUE_IN_EUR",226196710
"Romania","Finland","Total","EXPORT","Total","Jan.-Dec. 2024","VALUE_IN_EUR_MIRROR",199980149
"Romania","France (incl. Saint Barthélemy 'BL' -> 2012; incl. French Guiana 'GF', Guadeloupe 'GP', Martinique 'MQ', Réunion 'RE' from 1997; incl. Mayotte 'YT' from 2014)","Total","IMPORT","Total","Jan.-Dec. 2024","VALUE_IN_EUR",5329224571
"Romania","France (incl. Saint Barthélemy 'BL' -> 2012; incl. French Guiana 'GF', Guadeloupe 'GP', Martinique 'MQ', Réunion 'RE' from 1997; incl. Mayotte 'YT' from 2014)","Total","IMPORT","Total","Jan.-Dec. 2024","VALUE_IN_EUR_MIRROR",5312740134
"Romania","France (incl. Saint Barthélemy 'BL' -> 2012; incl. French Guiana 'GF', Guadeloupe 'GP', Martinique 'MQ', Réunion 'RE' from 1997; incl. Mayotte 'YT' from 2014)","Total","EXPORT","Total","Jan.-Dec. 2024","VALUE_IN_EUR",5867395127
"Romania","France (incl. Saint Barthélemy 'BL' -> 2012; incl. French Guiana 'GF', Guadeloupe 'GP', Martinique 'MQ', Réunion 'RE' from 1997; incl. Mayotte 'YT' from 2014)","Total","EXPORT","Total","Jan.-Dec. 2024","VALUE_IN_EUR_MIRROR",5835474187
"Romania","Greece","Total","IMPORT","Total","Jan.-Dec. 2025","VALUE_IN_EUR_MIRROR",2080169650
"Romania","Greece","Total","IMPORT","Total","Jan.-Dec. 2024","VALUE_IN_EUR",1984975576
"Romania","Greece","Total","IMPORT","Total","Jan.-Dec. 2024","VALUE_IN_EUR_MIRROR",1823411327
"Romania","Greece","Total","EXPORT","Total","Jan.-Dec. 2025","VALUE_IN_EUR_MIRROR",1246354248
"Romania","Greece","Total","EXPORT","Total","Jan.-Dec. 2024","VALUE_IN_EUR",1238227935
"Romania","Greece","Total","EXPORT","Total","Jan.-Dec. 2024","VALUE_IN_EUR_MIRROR",1172230978
"Romania","Croatia","Total","IMPORT","Total","Jan.-Dec. 2024","VALUE_IN_EUR",327041902
"Romania","Croatia","Total","IMPORT","Total","Jan.-Dec. 2024","VALUE_IN_EUR_MIRROR",361382144
"Romania","Croatia","Total","EXPORT","Total","Jan.-Dec. 2024","VALUE_IN_EUR",508329007
"Romania","Croatia","Total","EXPORT","Total","Jan.-Dec. 2024","VALUE_IN_EUR_MIRROR",566706368
"Romania","Hungary","Total","IMPORT","Total","Jan.-Dec. 2025","VALUE_IN_EUR_MIRROR",8446021926
"Romania","Hungary","Total","IMPORT","Total","Jan.-Dec. 2024","VALUE_IN_EUR",8318863511
"Romania","Hungary","Total","IMPORT","Total","Jan.-Dec. 2024","VALUE_IN_EUR_MIRROR",8116925031
"Romania","Hungary","Total","EXPORT","Total","Jan.-Dec. 2025","VALUE_IN_EUR_MIRROR",4054322187
"Romania","Hungary","Total","EXPORT","Total","Jan.-Dec. 2024","VALUE_IN_EUR",4922811743
"Romania","Hungary","Total","EXPORT","Total","Jan.-Dec. 2024","VALUE_IN_EUR_MIRROR",3613277528
"Romania","Ireland (Eire)","Total","IMPORT","Total","Jan.-Dec. 2025","VALUE_IN_EUR_MIRROR",431918843
"Romania","Ireland (Eire)","Total","IMPORT","Total","Jan.-Dec. 2024","VALUE_IN_EUR",627950399
"Romania","Ireland (Eire)","Total","IMPORT","Total","Jan.-Dec. 2024","VALUE_IN_EUR_MIRROR",426652750
"Romania","Ireland (Eire)","Total","EXPORT","Total","Jan.-Dec. 2025","VALUE_IN_EUR_MIRROR",140085651
"Romania","Ireland (Eire)","Total","EXPORT","Total","Jan.-Dec. 2024","VALUE_IN_EUR",243839381
"Romania","Ireland (Eire)","Total","EXPORT","Total","Jan.-Dec. 2024","VALUE_IN_EUR_MIRROR",119870559
"Romania","Italy (incl. San Marino 'SM' -> 1993)","Total","IMPORT","Total","Jan.-Dec. 2024","VALUE_IN_EUR",10442742668
"Romania","Italy (incl. San Marino 'SM' -> 1993)","Total","IMPORT","Total","Jan.-Dec. 2024","VALUE_IN_EUR_MIRROR",10146729092
"Romania","Italy (incl. San Marino 'SM' -> 1993)","Total","EXPORT","Total","Jan.-Dec. 2024","VALUE_IN_EUR",8847860786
"Romania","Italy (incl. San Marino 'SM' -> 1993)","Total","EXPORT","Total","Jan.-Dec. 2024","VALUE_IN_EUR_MIRROR",8506802986
"Romania","Lithuania","Total","IMPORT","Total","Jan.-Dec. 2025","VALUE_IN_EUR_MIRROR",279017462
"Romania","Lithuania","Total","IMPORT","Total","Jan.-Dec. 2024","VALUE_IN_EUR",280846615
"Romania","Lithuania","Total","IMPORT","Total","Jan.-Dec. 2024","VALUE_IN_EUR_MIRROR",274118399
"Romania","Lithuania","Total","EXPORT","Total","Jan.-Dec. 2025","VALUE_IN_EUR_MIRROR",179130984
"Romania","Lithuania","Total","EXPORT","Total","Jan.-Dec. 2024","VALUE_IN_EUR",204719119
"Romania","Lithuania","Total","EXPORT","Total","Jan.-Dec. 2024","VALUE_IN_EUR_MIRROR",161770022
"Romania","Luxembourg","Total","IMPORT","Total","Jan.-Dec. 2024","VALUE_IN_EUR",140413276
"Romania","Luxembourg","Total","IMPORT","Total","Jan.-Dec. 2024","VALUE_IN_EUR_MIRROR",109278484
"Romania","Luxembourg","Total","EXPORT","Total","Jan.-Dec. 2024","VALUE_IN_EUR",22978624
"Romania","Luxembourg","Total","EXPORT","Total","Jan.-Dec. 2024","VALUE_IN_EUR_MIRROR",11454438
"Romania","Latvia","Total","IMPORT","Total","Jan.-Dec. 2025","VALUE_IN_EUR_MIRROR",126188713
"Romania","Latvia","Total","IMPORT","Total","Jan.-Dec. 2024","VALUE_IN_EUR",82908968
"Romania","Latvia","Total","IMPORT","Total","Jan.-Dec. 2024","VALUE_IN_EUR_MIRROR",85927152
"Romania","Latvia","Total","EXPORT","Total","Jan.-Dec. 2025","VALUE_IN_EUR_MIRROR",77029611
"Romania","Latvia","Total","EXPORT","Total","Jan.-Dec. 2024","VALUE_IN_EUR",79835235
"Romania","Latvia","Total","EXPORT","Total","Jan.-Dec. 2024","VALUE_IN_EUR_MIRROR",71986818
"Romania","Malta","Total","IMPORT","Total","Jan.-Dec. 2024","VALUE_IN_EUR",28092171
"Romania","Malta","Total","IMPORT","Total","Jan.-Dec. 2024","VALUE_IN_EUR_MIRROR",18021653
"Romania","Malta","Total","EXPORT","Total","Jan.-Dec. 2024","VALUE_IN_EUR",46287201
"Romania","Malta","Total","EXPORT","Total","Jan.-Dec. 2024","VALUE_IN_EUR_MIRROR",35127067
"Romania","Netherlands","Total","IMPORT","Total","Jan.-Dec. 2024","VALUE_IN_EUR",5433307989
"Romania","Netherlands","Total","IMPORT","Total","Jan.-Dec. 2024","VALUE_IN_EUR_MIRROR",5687241797
"Romania","Netherlands","Total","EXPORT","Total","Jan.-Dec. 2024","VALUE_IN_EUR",3376231646
"Romania","Netherlands","Total","EXPORT","Total","Jan.-Dec. 2024","VALUE_IN_EUR_MIRROR",2963291256
"Romania","Poland","Total","IMPORT","Total","Jan.-Dec. 2024","VALUE_IN_EUR",8006457880
"Romania","Poland","Total","IMPORT","Total","Jan.-Dec. 2024","VALUE_IN_EUR_MIRROR",7938975507
"Romania","Poland","Total","EXPORT","Total","Jan.-Dec. 2024","VALUE_IN_EUR",3713736527
"Romania","Poland","Total","EXPORT","Total","Jan.-Dec. 2024","VALUE_IN_EUR_MIRROR",3359374149
"Romania","Portugal","Total","IMPORT","Total","Jan.-Dec. 2025","VALUE_IN_EUR_MIRROR",568621594
"Romania","Portugal","Total","IMPORT","Total","Jan.-Dec. 2024","VALUE_IN_EUR",558321164
"Romania","Portugal","Total","IMPORT","Total","Jan.-Dec. 2024","VALUE_IN_EUR_MIRROR",545561954
"Romania","Portugal","Total","EXPORT","Total","Jan.-Dec. 2025","VALUE_IN_EUR_MIRROR",439290111
"Romania","Portugal","Total","EXPORT","Total","Jan.-Dec. 2024","VALUE_IN_EUR",532236892
"Romania","Portugal","Total","EXPORT","Total","Jan.-Dec. 2024","VALUE_IN_EUR_MIRROR",545361847
"Romania","Sweden","Total","IMPORT","Total","Jan.-Dec. 2024","VALUE_IN_EUR",692860421
"Romania","Sweden","Total","IMPORT","Total","Jan.-Dec. 2024","VALUE_IN_EUR_MIRROR",583158723
"Romania","Sweden","Total","EXPORT","Total","Jan.-Dec. 2024","VALUE_IN_EUR",746618614
"Romania","Sweden","Total","EXPORT","Total","Jan.-Dec. 2024","VALUE_IN_EUR_MIRROR",613533004
"Romania","Slovenia","Total","IMPORT","Total","Jan.-Dec. 2024","VALUE_IN_EUR",1116506874
"Romania","Slovenia","Total","IMPORT","Total","Jan.-Dec. 2024","VALUE_IN_EUR_MIRROR",1282169511
"Romania","Slovenia","Total","EXPORT","Total","Jan.-Dec. 2024","VALUE_IN_EUR",470771021
"Romania","Slovenia","Total","EXPORT","Total","Jan.-Dec. 2024","VALUE_IN_EUR_MIRROR",497133231
"Romania","Slovakia","Total","IMPORT","Total","Jan.-Dec. 2024","VALUE_IN_EUR",2583853253
"Romania","Slovakia","Total","IMPORT","Total","Jan.-Dec. 2024","VALUE_IN_EUR_MIRROR",2813792260
"Romania","Slovakia","Total","EXPORT","Total","Jan.-Dec. 2024","VALUE_IN_EUR",2045427992
"Romania","Slovakia","Total","EXPORT","Total","Jan.-Dec. 2024","VALUE_IN_EUR_MIRROR",2111792022
"Sweden","Austria","Total","IMPORT","Total","Jan.-Dec. 2024","VALUE_IN_EUR",1992969214
"Sweden","Austria","Total","IMPORT","Total","Jan.-Dec. 2024","VALUE_IN_EUR_MIRROR",1797108226
"Sweden","Austria","Total","EXPORT","Total","Jan.-Dec. 2024","VALUE_IN_EUR",1897383010
"Sweden","Austria","Total","EXPORT","Total","Jan.-Dec. 2024","VALUE_IN_EUR_MIRROR",2081940630
"Sweden","Belgium (incl. Luxembourg 'LU' -> 1998)","Total","IMPORT","Total","Jan.-Dec. 2024","VALUE_IN_EUR",8400877567
"Sweden","Belgium (incl. Luxembourg 'LU' -> 1998)","Total","IMPORT","Total","Jan.-Dec. 2024","VALUE_IN_EUR_MIRROR",9278765825
"Sweden","Belgium (incl. Luxembourg 'LU' -> 1998)","Total","EXPORT","Total","Jan.-Dec. 2024","VALUE_IN_EUR",8581268461
"Sweden","Belgium (incl. Luxembourg 'LU' -> 1998)","Total","EXPORT","Total","Jan.-Dec. 2024","VALUE_IN_EUR_MIRROR",9743296959
"Sweden","Bulgaria","Total","IMPORT","Total","Jan.-Dec. 2024","VALUE_IN_EUR",319894532
"Sweden","Bulgaria","Total","IMPORT","Total","Jan.-Dec. 2024","VALUE_IN_EUR_MIRROR",360628417
"Sweden","Bulgaria","Total","EXPORT","Total","Jan.-Dec. 2024","VALUE_IN_EUR",368119258
"Sweden","Bulgaria","Total","EXPORT","Total","Jan.-Dec. 2024","VALUE_IN_EUR_MIRROR",294918674
"Sweden","Cyprus","Total","IMPORT","Total","Jan.-Dec. 2024","VALUE_IN_EUR",65322355
"Sweden","Cyprus","Total","IMPORT","Total","Jan.-Dec. 2024","VALUE_IN_EUR_MIRROR",66152240
"Sweden","Cyprus","Total","EXPORT","Total","Jan.-Dec. 2024","VALUE_IN_EUR",40342650
"Sweden","Cyprus","Total","EXPORT","Total","Jan.-Dec. 2024","VALUE_IN_EUR_MIRROR",118612802
"Sweden","Czechia","Total","IMPORT","Total","Jan.-Dec. 2025","VALUE_IN_EUR_MIRROR",3893833866
"Sweden","Czechia","Total","IMPORT","Total","Jan.-Dec. 2024","VALUE_IN_EUR",3372806049
"Sweden","Czechia","Total","IMPORT","Total","Jan.-Dec. 2024","VALUE_IN_EUR_MIRROR",3653354062
"Sweden","Czechia","Total","EXPORT","Total","Jan.-Dec. 2025","VALUE_IN_EUR_MIRROR",1784423153
"Sweden","Czechia","Total","EXPORT","Total","Jan.-Dec. 2024","VALUE_IN_EUR",1582262705
"Sweden","Czechia","Total","EXPORT","Total","Jan.-Dec. 2024","VALUE_IN_EUR_MIRROR",1779602681
"Sweden","Germany (incl. German Democratic Republic 'DD' from 1991)","Total","IMPORT","Total","Jan.-Dec. 2024","VALUE_IN_EUR",28125759163
"Sweden","Germany (incl. German Democratic Republic 'DD' from 1991)","Total","IMPORT","Total","Jan.-Dec. 2024","VALUE_IN_EUR_MIRROR",27879480251
"Sweden","Germany (incl. German Democratic Republic 'DD' from 1991)","Total","EXPORT","Total","Jan.-Dec. 2024","VALUE_IN_EUR",18370030345
"Sweden","Germany (incl. German Democratic Republic 'DD' from 1991)","Total","EXPORT","Total","Jan.-Dec. 2024","VALUE_IN_EUR_MIRROR",18995616954
"Sweden","Denmark","Total","IMPORT","Total","Jan.-Dec. 2024","VALUE_IN_EUR",11616212955
"Sweden","Denmark","Total","IMPORT","Total","Jan.-Dec. 2024","VALUE_IN_EUR_MIRROR",10941457659
"Sweden","Denmark","Total","EXPORT","Total","Jan.-Dec. 2024","VALUE_IN_EUR",12264429524
"Sweden","Denmark","Total","EXPORT","Total","Jan.-Dec. 2024","VALUE_IN_EUR_MIRROR",13155039758
"Sweden","Estonia","Total","IMPORT","Total","Jan.-Dec. 2025","VALUE_IN_EUR_MIRROR",1616734417
"Sweden","Estonia","Total","IMPORT","Total","Jan.-Dec. 2024","VALUE_IN_EUR",1443599492
"Sweden","Estonia","Total","IMPORT","Total","Jan.-Dec. 2024","VALUE_IN_EUR_MIRROR",1549051479
"Sweden","Estonia","Total","EXPORT","Total","Jan.-Dec. 2025","VALUE_IN_EUR_MIRROR",1594171880
"Sweden","Estonia","Total","EXPORT","Total","Jan.-Dec. 2024","VALUE_IN_EUR",1666867840
"Sweden","Estonia","Total","EXPORT","Total","Jan.-Dec. 2024","VALUE_IN_EUR_MIRROR",1621395107
"Sweden","Spain (incl. Canary Islands 'XB' from 1997)","Total","IMPORT","Total","Jan.-Dec. 2025","VALUE_IN_EUR_MIRROR",3672681260
"Sweden","Spain (incl. Canary Islands 'XB' from 1997)","Total","IMPORT","Total","Jan.-Dec. 2024","VALUE_IN_EUR",3182631952
"Sweden","Spain (incl. Canary Islands 'XB' from 1997)","Total","IMPORT","Total","Jan.-Dec. 2024","VALUE_IN_EUR_MIRROR",3365260404
"Sweden","Spain (incl. Canary Islands 'XB' from 1997)","Total","EXPORT","Total","Jan.-Dec. 2025","VALUE_IN_EUR_MIRROR",4494392424
"Sweden","Spain (incl. Canary Islands 'XB' from 1997)","Total","EXPORT","Total","Jan.-Dec. 2024","VALUE_IN_EUR",4025799873
"Sweden","Spain (incl. Canary Islands 'XB' from 1997)","Total","EXPORT","Total","Jan.-Dec. 2024","VALUE_IN_EUR_MIRROR",4403468088
"Sweden","Finland","Total","IMPORT","Total","Jan.-Dec. 2024","VALUE_IN_EUR",8830019975
"Sweden","Finland","Total","IMPORT","Total","Jan.-Dec. 2024","VALUE_IN_EUR_MIRROR",8146062597
"Sweden","Finland","Total","EXPORT","Total","Jan.-Dec. 2024","VALUE_IN_EUR",12117113958
"Sweden","Finland","Total","EXPORT","Total","Jan.-Dec. 2024","VALUE_IN_EUR_MIRROR",12781562045
"Sweden","France (incl. Saint Barthélemy 'BL' -> 2012; incl. French Guiana 'GF', Guadeloupe 'GP', Martinique 'MQ', Réunion 'RE' from 1997; incl. Mayotte 'YT' from 2014)","Total","IMPORT","Total","Jan.-Dec. 2024","VALUE_IN_EUR",6015651180
"Sweden","France (incl. Saint Barthélemy 'BL' -> 2012; incl. French Guiana 'GF', Guadeloupe 'GP', Martinique 'MQ', Réunion 'RE' from 1997; incl. Mayotte 'YT' from 2014)","Total","IMPORT","Total","Jan.-Dec. 2024","VALUE_IN_EUR_MIRROR",5689140778
"Sweden","France (incl. Saint Barthélemy 'BL' -> 2012; incl. French Guiana 'GF', Guadeloupe 'GP', Martinique 'MQ', Réunion 'RE' from 1997; incl. Mayotte 'YT' from 2014)","Total","EXPORT","Total","Jan.-Dec. 2024","VALUE_IN_EUR",7451377741
"Sweden","France (incl. Saint Barthélemy 'BL' -> 2012; incl. French Guiana 'GF', Guadeloupe 'GP', Martinique 'MQ', Réunion 'RE' from 1997; incl. Mayotte 'YT' from 2014)","Total","EXPORT","Total","Jan.-Dec. 2024","VALUE_IN_EUR_MIRROR",8131346282
"Sweden","Greece","Total","IMPORT","Total","Jan.-Dec. 2025","VALUE_IN_EUR_MIRROR",362806859
"Sweden","Greece","Total","IMPORT","Total","Jan.-Dec. 2024","VALUE_IN_EUR",213693518
"Sweden","Greece","Total","IMPORT","Total","Jan.-Dec. 2024","VALUE_IN_EUR_MIRROR",330781928
"Sweden","Greece","Total","EXPORT","Total","Jan.-Dec. 2025","VALUE_IN_EUR_MIRROR",665658828
"Sweden","Greece","Total","EXPORT","Total","Jan.-Dec. 2024","VALUE_IN_EUR",531287725
"Sweden","Greece","Total","EXPORT","Total","Jan.-Dec. 2024","VALUE_IN_EUR_MIRROR",639731504
"Sweden","Croatia","Total","IMPORT","Total","Jan.-Dec. 2024","VALUE_IN_EUR",244476653
"Sweden","Croatia","Total","IMPORT","Total","Jan.-Dec. 2024","VALUE_IN_EUR_MIRROR",241968043
"Sweden","Croatia","Total","EXPORT","Total","Jan.-Dec. 2024","VALUE_IN_EUR",255724933
"Sweden","Croatia","Total","EXPORT","Total","Jan.-Dec. 2024","VALUE_IN_EUR_MIRROR",321947251
"Sweden","Hungary","Total","IMPORT","Total","Jan.-Dec. 2025","VALUE_IN_EUR_MIRROR",1656295871
"Sweden","Hungary","Total","IMPORT","Total","Jan.-Dec. 2024","VALUE_IN_EUR",1607895864
"Sweden","Hungary","Total","IMPORT","Total","Jan.-Dec. 2024","VALUE_IN_EUR_MIRROR",1688624394
"Sweden","Hungary","Total","EXPORT","Total","Jan.-Dec. 2025","VALUE_IN_EUR_MIRROR",940294488
"Sweden","Hungary","Total","EXPORT","Total","Jan.-Dec. 2024","VALUE_IN_EUR",798660403
"Sweden","Hungary","Total","EXPORT","Total","Jan.-Dec. 2024","VALUE_IN_EUR_MIRROR",867898699
"Sweden","Ireland (Eire)","Total","IMPORT","Total","Jan.-Dec. 2025","VALUE_IN_EUR_MIRROR",1427451987
"Sweden","Ireland (Eire)","Total","IMPORT","Total","Jan.-Dec. 2024","VALUE_IN_EUR",1935024072
"Sweden","Ireland (Eire)","Total","IMPORT","Total","Jan.-Dec. 2024","VALUE_IN_EUR_MIRROR",1259333172
"Sweden","Ireland (Eire)","Total","EXPORT","Total","Jan.-Dec. 2025","VALUE_IN_EUR_MIRROR",713792902
"Sweden","Ireland (Eire)","Total","EXPORT","Total","Jan.-Dec. 2024","VALUE_IN_EUR",815217794
"Sweden","Ireland (Eire)","Total","EXPORT","Total","Jan.-Dec. 2024","VALUE_IN_EUR_MIRROR",841366763
"Sweden","Italy (incl. San Marino 'SM' -> 1993)","Total","IMPORT","Total","Jan.-Dec. 2024","VALUE_IN_EUR",5711986801
"Sweden","Italy (incl. San Marino 'SM' -> 1993)","Total","IMPORT","Total","Jan.-Dec. 2024","VALUE_IN_EUR_MIRROR",5952815045
"Sweden","Italy (incl. San Marino 'SM' -> 1993)","Total","EXPORT","Total","Jan.-Dec. 2024","VALUE_IN_EUR",5311969934
"Sweden","Italy (incl. San Marino 'SM' -> 1993)","Total","EXPORT","Total","Jan.-Dec. 2024","VALUE_IN_EUR_MIRROR",5519317777
"Sweden","Lithuania","Total","IMPORT","Total","Jan.-Dec. 2025","VALUE_IN_EUR_MIRROR",1602942723
"Sweden","Lithuania","Total","IMPORT","Total","Jan.-Dec. 2024","VALUE_IN_EUR",1451537041
"Sweden","Lithuania","Total","IMPORT","Total","Jan.-Dec. 2024","VALUE_IN_EUR_MIRROR",1573550181
"Sweden","Lithuania","Total","EXPORT","Total","Jan.-Dec. 2025","VALUE_IN_EUR_MIRROR",1833880532
"Sweden","Lithuania","Total","EXPORT","Total","Jan.-Dec. 2024","VALUE_IN_EUR",1372450650
"Sweden","Lithuania","Total","EXPORT","Total","Jan.-Dec. 2024","VALUE_IN_EUR_MIRROR",1719232781
"Sweden","Luxembourg","Total","IMPORT","Total","Jan.-Dec. 2024","VALUE_IN_EUR",266601351
"Sweden","Luxembourg","Total","IMPORT","Total","Jan.-Dec. 2024","VALUE_IN_EUR_MIRROR",170874740
"Sweden","Luxembourg","Total","EXPORT","Total","Jan.-Dec. 2024","VALUE_IN_EUR",92888365
"Sweden","Luxembourg","Total","EXPORT","Total","Jan.-Dec. 2024","VALUE_IN_EUR_MIRROR",88258037
"Sweden","Latvia","Total","IMPORT","Total","Jan.-Dec. 2025","VALUE_IN_EUR_MIRROR",1025461397
"Sweden","Latvia","Total","IMPORT","Total","Jan.-Dec. 2024","VALUE_IN_EUR",971089872
"Sweden","Latvia","Total","IMPORT","Total","Jan.-Dec. 2024","VALUE_IN_EUR_MIRROR",1044366174
"Sweden","Latvia","Total","EXPORT","Total","Jan.-Dec. 2025","VALUE_IN_EUR_MIRROR",770126599
"Sweden","Latvia","Total","EXPORT","Total","Jan.-Dec. 2024","VALUE_IN_EUR",677666310
"Sweden","Latvia","Total","EXPORT","Total","Jan.-Dec. 2024","VALUE_IN_EUR_MIRROR",711660561
"Sweden","Malta","Total","IMPORT","Total","Jan.-Dec. 2024","VALUE_IN_EUR",83227386
"Sweden","Malta","Total","IMPORT","Total","Jan.-Dec. 2024","VALUE_IN_EUR_MIRROR",16725274
"Sweden","Malta","Total","EXPORT","Total","Jan.-Dec. 2024","VALUE_IN_EUR",132465283
"Sweden","Malta","Total","EXPORT","Total","Jan.-Dec. 2024","VALUE_IN_EUR_MIRROR",179341820
"Sweden","Netherlands","Total","IMPORT","Total","Jan.-Dec. 2024","VALUE_IN_EUR",19491133422
"Sweden","Netherlands","Total","IMPORT","Total","Jan.-Dec. 2024","VALUE_IN_EUR_MIRROR",19633615407
"Sweden","Netherlands","Total","EXPORT","Total","Jan.-Dec. 2024","VALUE_IN_EUR",9461920340
"Sweden","Netherlands","Total","EXPORT","Total","Jan.-Dec. 2024","VALUE_IN_EUR_MIRROR",10064553749
"Sweden","Poland","Total","IMPORT","Total","Jan.-Dec. 2024","VALUE_IN_EUR",8041386318
"Sweden","Poland","Total","IMPORT","Total","Jan.-Dec. 2024","VALUE_IN_EUR_MIRROR",8515956847
"Sweden","Poland","Total","EXPORT","Total","Jan.-Dec. 2024","VALUE_IN_EUR",7005223854
"Sweden","Poland","Total","EXPORT","Total","Jan.-Dec. 2024","VALUE_IN_EUR_MIRROR",7269419635
"Sweden","Portugal","Total","IMPORT","Total","Jan.-Dec. 2025","VALUE_IN_EUR_MIRROR",1072675845
"Sweden","Portugal","Total","IMPORT","Total","Jan.-Dec. 2024","VALUE_IN_EUR",1093761087
"Sweden","Portugal","Total","IMPORT","Total","Jan.-Dec. 2024","VALUE_IN_EUR_MIRROR",1072134348
"Sweden","Portugal","Total","EXPORT","Total","Jan.-Dec. 2025","VALUE_IN_EUR_MIRROR",1024090437
"Sweden","Portugal","Total","EXPORT","Total","Jan.-Dec. 2024","VALUE_IN_EUR",836898087
"Sweden","Portugal","Total","EXPORT","Total","Jan.-Dec. 2024","VALUE_IN_EUR_MIRROR",1005374101
"Sweden","Romania","Total","IMPORT","Total","Jan.-Dec. 2024","VALUE_IN_EUR",613533004
"Sweden","Romania","Total","IMPORT","Total","Jan.-Dec. 2024","VALUE_IN_EUR_MIRROR",746618614
"Sweden","Romania","Total","EXPORT","Total","Jan.-Dec. 2024","VALUE_IN_EUR",583158723
"Sweden","Romania","Total","EXPORT","Total","Jan.-Dec. 2024","VALUE_IN_EUR_MIRROR",692860421
"Sweden","Slovenia","Total","IMPORT","Total","Jan.-Dec. 2024","VALUE_IN_EUR",356017465
"Sweden","Slovenia","Total","IMPORT","Total","Jan.-Dec. 2024","VALUE_IN_EUR_MIRROR",412002930
"Sweden","Slovenia","Total","EXPORT","Total","Jan.-Dec. 2024","VALUE_IN_EUR",263158958
"Sweden","Slovenia","Total","EXPORT","Total","Jan.-Dec. 2024","VALUE_IN_EUR_MIRROR",304333029
"Sweden","Slovakia","Total","IMPORT","Total","Jan.-Dec. 2024","VALUE_IN_EUR",1508343483
"Sweden","Slovakia","Total","IMPORT","Total","Jan.-Dec. 2024","VALUE_IN_EUR_MIRROR",1514530580
"Sweden","Slovakia","Total","EXPORT","Total","Jan.-Dec. 2024","VALUE_IN_EUR",475212743
"Sweden","Slovakia","Total","EXPORT","Total","Jan.-Dec. 2024","VALUE_IN_EUR_MIRROR",668627484
"Slovenia","Austria","Total","IMPORT","Total","Jan.-Dec. 2024","VALUE_IN_EUR",4134602538
"Slovenia","Austria","Total","IMPORT","Total","Jan.-Dec. 2024","VALUE_IN_EUR_MIRROR",4129867057
"Slovenia","Austria","Total","EXPORT","Total","Jan.-Dec. 2024","VALUE_IN_EUR",3357106667
"Slovenia","Austria","Total","EXPORT","Total","Jan.-Dec. 2024","VALUE_IN_EUR_MIRROR",3348757318
"Slovenia","Belgium (incl. Luxembourg 'LU' -> 1998)","Total","IMPORT","Total","Jan.-Dec. 2024","VALUE_IN_EUR",944756579
"Slovenia","Belgium (incl. Luxembourg 'LU' -> 1998)","Total","IMPORT","Total","Jan.-Dec. 2024","VALUE_IN_EUR_MIRROR",993767611
"Slovenia","Belgium (incl. Luxembourg 'LU' -> 1998)","Total","EXPORT","Total","Jan.-Dec. 2024","VALUE_IN_EUR",450488460
"Slovenia","Belgium (incl. Luxembourg 'LU' -> 1998)","Total","EXPORT","Total","Jan.-Dec. 2024","VALUE_IN_EUR_MIRROR",394586871
"Slovenia","Bulgaria","Total","IMPORT","Total","Jan.-Dec. 2024","VALUE_IN_EUR",204182578
"Slovenia","Bulgaria","Total","IMPORT","Total","Jan.-Dec. 2024","VALUE_IN_EUR_MIRROR",252494113
"Slovenia","Bulgaria","Total","EXPORT","Total","Jan.-Dec. 2024","VALUE_IN_EUR",483045024
"Slovenia","Bulgaria","Total","EXPORT","Total","Jan.-Dec. 2024","VALUE_IN_EUR_MIRROR",463392588
"Slovenia","Cyprus","Total","IMPORT","Total","Jan.-Dec. 2024","VALUE_IN_EUR",34009128
"Slovenia","Cyprus","Total","IMPORT","Total","Jan.-Dec. 2024","VALUE_IN_EUR_MIRROR",17282764
"Slovenia","Cyprus","Total","EXPORT","Total","Jan.-Dec. 2024","VALUE_IN_EUR",33704808
"Slovenia","Cyprus","Total","EXPORT","Total","Jan.-Dec. 2024","VALUE_IN_EUR_MIRROR",27565830
"Slovenia","Czechia","Total","IMPORT","Total","Jan.-Dec. 2025","VALUE_IN_EUR_MIRROR",1155416998
"Slovenia","Czechia","Total","IMPORT","Total","Jan.-Dec. 2024","VALUE_IN_EUR",948409973
"Slovenia","Czechia","Total","IMPORT","Total","Jan.-Dec. 2024","VALUE_IN_EUR_MIRROR",1236822446
"Slovenia","Czechia","Total","EXPORT","Total","Jan.-Dec. 2025","VALUE_IN_EUR_MIRROR",1551212660
"Slovenia","Czechia","Total","EXPORT","Total","Jan.-Dec. 2024","VALUE_IN_EUR",1729248186
"Slovenia","Czechia","Total","EXPORT","Total","Jan.-Dec. 2024","VALUE_IN_EUR_MIRROR",1550718234
"Slovenia","Germany (incl. German Democratic Republic 'DD' from 1991)","Total","IMPORT","Total","Jan.-Dec. 2024","VALUE_IN_EUR",7357562999
"Slovenia","Germany (incl. German Democratic Republic 'DD' from 1991)","Total","IMPORT","Total","Jan.-Dec. 2024","VALUE_IN_EUR_MIRROR",7079925066
"Slovenia","Germany (incl. German Democratic Republic 'DD' from 1991)","Total","EXPORT","Total","Jan.-Dec. 2024","VALUE_IN_EUR",8613722007
"Slovenia","Germany (incl. German Democratic Republic 'DD' from 1991)","Total","EXPORT","Total","Jan.-Dec. 2024","VALUE_IN_EUR_MIRROR",8082745459
"Slovenia","Denmark","Total","IMPORT","Total","Jan.-Dec. 2024","VALUE_IN_EUR",156771575
"Slovenia","Denmark","Total","IMPORT","Total","Jan.-Dec. 2024","VALUE_IN_EUR_MIRROR",169139909
"Slovenia","Denmark","Total","EXPORT","Total","Jan.-Dec. 2024","VALUE_IN_EUR",596992259
"Slovenia","Denmark","Total","EXPORT","Total","Jan.-Dec. 2024","VALUE_IN_EUR_MIRROR",471829534
"Slovenia","Estonia","Total","IMPORT","Total","Jan.-Dec. 2025","VALUE_IN_EUR_MIRROR",24758046
"Slovenia","Estonia","Total","IMPORT","Total","Jan.-Dec. 2024","VALUE_IN_EUR",34710905
"Slovenia","Estonia","Total","IMPORT","Total","Jan.-Dec. 2024","VALUE_IN_EUR_MIRROR",23784931
"Slovenia","Estonia","Total","EXPORT","Total","Jan.-Dec. 2025","VALUE_IN_EUR_MIRROR",100895943
"Slovenia","Estonia","Total","EXPORT","Total","Jan.-Dec. 2024","VALUE_IN_EUR",107524231
"Slovenia","Estonia","Total","EXPORT","Total","Jan.-Dec. 2024","VALUE_IN_EUR_MIRROR",94616533
"Slovenia","Spain (incl. Canary Islands 'XB' from 1997)","Total","IMPORT","Total","Jan.-Dec. 2025","VALUE_IN_EUR_MIRROR",990121804
"Slovenia","Spain (incl. Canary Islands 'XB' from 1997)","Total","IMPORT","Total","Jan.-Dec. 2024","VALUE_IN_EUR",888195959
"Slovenia","Spain (incl. Canary Islands 'XB' from 1997)","Total","IMPORT","Total","Jan.-Dec. 2024","VALUE_IN_EUR_MIRROR",869148640
"Slovenia","Spain (incl. Canary Islands 'XB' from 1997)","Total","EXPORT","Total","Jan.-Dec. 2025","VALUE_IN_EUR_MIRROR",896197830
"Slovenia","Spain (incl. Canary Islands 'XB' from 1997)","Total","EXPORT","Total","Jan.-Dec. 2024","VALUE_IN_EUR",992756442
"Slovenia","Spain (incl. Canary Islands 'XB' from 1997)","Total","EXPORT","Total","Jan.-Dec. 2024","VALUE_IN_EUR_MIRROR",970980362
"Slovenia","Finland","Total","IMPORT","Total","Jan.-Dec. 2024","VALUE_IN_EUR",94330439
"Slovenia","Finland","Total","IMPORT","Total","Jan.-Dec. 2024","VALUE_IN_EUR_MIRROR",84125470
"Slovenia","Finland","Total","EXPORT","Total","Jan.-Dec. 2024","VALUE_IN_EUR",107268978
"Slovenia","Finland","Total","EXPORT","Total","Jan.-Dec. 2024","VALUE_IN_EUR_MIRROR",106079192
"Slovenia","France (incl. Saint Barthélemy 'BL' -> 2012; incl. French Guiana 'GF', Guadeloupe 'GP', Martinique 'MQ', Réunion 'RE' from 1997; incl. Mayotte 'YT' from 2014)","Total","IMPORT","Total","Jan.-Dec. 2024","VALUE_IN_EUR",1262812353
"Slovenia","France (incl. Saint Barthélemy 'BL' -> 2012; incl. French Guiana 'GF', Guadeloupe 'GP', Martinique 'MQ', Réunion 'RE' from 1997; incl. Mayotte 'YT' from 2014)","Total","IMPORT","Total","Jan.-Dec. 2024","VALUE_IN_EUR_MIRROR",1211629686
"Slovenia","France (incl. Saint Barthélemy 'BL' -> 2012; incl. French Guiana 'GF', Guadeloupe 'GP', Martinique 'MQ', Réunion 'RE' from 1997; incl. Mayotte 'YT' from 2014)","Total","EXPORT","Total","Jan.-Dec. 2024","VALUE_IN_EUR",2010252702
"Slovenia","France (incl. Saint Barthélemy 'BL' -> 2012; incl. French Guiana 'GF', Guadeloupe 'GP', Martinique 'MQ', Réunion 'RE' from 1997; incl. Mayotte 'YT' from 2014)","Total","EXPORT","Total","Jan.-Dec. 2024","VALUE_IN_EUR_MIRROR",1960060553
"Slovenia","Greece","Total","IMPORT","Total","Jan.-Dec. 2025","VALUE_IN_EUR_MIRROR",319680050
"Slovenia","Greece","Total","IMPORT","Total","Jan.-Dec. 2024","VALUE_IN_EUR",363405430
"Slovenia","Greece","Total","IMPORT","Total","Jan.-Dec. 2024","VALUE_IN_EUR_MIRROR",469790787
"Slovenia","Greece","Total","EXPORT","Total","Jan.-Dec. 2025","VALUE_IN_EUR_MIRROR",274383169
"Slovenia","Greece","Total","EXPORT","Total","Jan.-Dec. 2024","VALUE_IN_EUR",242554494
"Slovenia","Greece","Total","EXPORT","Total","Jan.-Dec. 2024","VALUE_IN_EUR_MIRROR",288265298
"Slovenia","Croatia","Total","IMPORT","Total","Jan.-Dec. 2024","VALUE_IN_EUR",2784664694
"Slovenia","Croatia","Total","IMPORT","Total","Jan.-Dec. 2024","VALUE_IN_EUR_MIRROR",2631258778
"Slovenia","Croatia","Total","EXPORT","Total","Jan.-Dec. 2024","VALUE_IN_EUR",4993337605
"Slovenia","Croatia","Total","EXPORT","Total","Jan.-Dec. 2024","VALUE_IN_EUR_MIRROR",5063802651
"Slovenia","Hungary","Total","IMPORT","Total","Jan.-Dec. 2025","VALUE_IN_EUR_MIRROR",2308007245
"Slovenia","Hungary","Total","IMPORT","Total","Jan.-Dec. 2024","VALUE_IN_EUR",2033265589
"Slovenia","Hungary","Total","IMPORT","Total","Jan.-Dec. 2024","VALUE_IN_EUR_MIRROR",2166615978
"Slovenia","Hungary","Total","EXPORT","Total","Jan.-Dec. 2025","VALUE_IN_EUR_MIRROR",2277985562
"Slovenia","Hungary","Total","EXPORT","Total","Jan.-Dec. 2024","VALUE_IN_EUR",2654734517
"Slovenia","Hungary","Total","EXPORT","Total","Jan.-Dec. 2024","VALUE_IN_EUR_MIRROR",2380312279
"Slovenia","Ireland (Eire)","Total","IMPORT","Total","Jan.-Dec. 2025","VALUE_IN_EUR_MIRROR",156905061
"Slovenia","Ireland (Eire)","Total","IMPORT","Total","Jan.-Dec. 2024","VALUE_IN_EUR",176465559
"Slovenia","Ireland (Eire)","Total","IMPORT","Total","Jan.-Dec. 2024","VALUE_IN_EUR_MIRROR",145213884
"Slovenia","Ireland (Eire)","Total","EXPORT","Total","Jan.-Dec. 2025","VALUE_IN_EUR_MIRROR",50385836
"Slovenia","Ireland (Eire)","Total","EXPORT","Total","Jan.-Dec. 2024","VALUE_IN_EUR",71210785
"Slovenia","Ireland (Eire)","Total","EXPORT","Total","Jan.-Dec. 2024","VALUE_IN_EUR_MIRROR",48969860
"Slovenia","Italy (incl. San Marino 'SM' -> 1993)","Total","IMPORT","Total","Jan.-Dec. 2024","VALUE_IN_EUR",5773478371
"Slovenia","Italy (incl. San Marino 'SM' -> 1993)","Total","IMPORT","Total","Jan.-Dec. 2024","VALUE_IN_EUR_MIRROR",5635454733
"Slovenia","Italy (incl. San Marino 'SM' -> 1993)","Total","EXPORT","Total","Jan.-Dec. 2024","VALUE_IN_EUR",5930156296
"Slovenia","Italy (incl. San Marino 'SM' -> 1993)","Total","EXPORT","Total","Jan.-Dec. 2024","VALUE_IN_EUR_MIRROR",5460374749
"Slovenia","Lithuania","Total","IMPORT","Total","Jan.-Dec. 2025","VALUE_IN_EUR_MIRROR",63679165
"Slovenia","Lithuania","Total","IMPORT","Total","Jan.-Dec. 2024","VALUE_IN_EUR",104287198
"Slovenia","Lithuania","Total","IMPORT","Total","Jan.-Dec. 2024","VALUE_IN_EUR_MIRROR",89225417
"Slovenia","Lithuania","Total","EXPORT","Total","Jan.-Dec. 2025","VALUE_IN_EUR_MIRROR",231565833
"Slovenia","Lithuania","Total","EXPORT","Total","Jan.-Dec. 2024","VALUE_IN_EUR",224920727
"Slovenia","Lithuania","Total","EXPORT","Total","Jan.-Dec. 2024","VALUE_IN_EUR_MIRROR",203084983
"Slovenia","Luxembourg","Total","IMPORT","Total","Jan.-Dec. 2024","VALUE_IN_EUR",51362276
"Slovenia","Luxembourg","Total","IMPORT","Total","Jan.-Dec. 2024","VALUE_IN_EUR_MIRROR",42824327
"Slovenia","Luxembourg","Total","EXPORT","Total","Jan.-Dec. 2024","VALUE_IN_EUR",32575456
"Slovenia","Luxembourg","Total","EXPORT","Total","Jan.-Dec. 2024","VALUE_IN_EUR_MIRROR",20648551
"Slovenia","Latvia","Total","IMPORT","Total","Jan.-Dec. 2025","VALUE_IN_EUR_MIRROR",28917920
"Slovenia","Latvia","Total","IMPORT","Total","Jan.-Dec. 2024","VALUE_IN_EUR",31789927
"Slovenia","Latvia","Total","IMPORT","Total","Jan.-Dec. 2024","VALUE_IN_EUR_MIRROR",32469087
"Slovenia","Latvia","Total","EXPORT","Total","Jan.-Dec. 2025","VALUE_IN_EUR_MIRROR",84905284
"Slovenia","Latvia","Total","EXPORT","Total","Jan.-Dec. 2024","VALUE_IN_EUR",99702578
"Slovenia","Latvia","Total","EXPORT","Total","Jan.-Dec. 2024","VALUE_IN_EUR_MIRROR",86054583
"Slovenia","Malta","Total","IMPORT","Total","Jan.-Dec. 2024","VALUE_IN_EUR",8377989
"Slovenia","Malta","Total","IMPORT","Total","Jan.-Dec. 2024","VALUE_IN_EUR_MIRROR",24106184
"Slovenia","Malta","Total","EXPORT","Total","Jan.-Dec. 2024","VALUE_IN_EUR",30239083
"Slovenia","Malta","Total","EXPORT","Total","Jan.-Dec. 2024","VALUE_IN_EUR_MIRROR",24456190
"Slovenia","Netherlands","Total","IMPORT","Total","Jan.-Dec. 2024","VALUE_IN_EUR",2062347393
"Slovenia","Netherlands","Total","IMPORT","Total","Jan.-Dec. 2024","VALUE_IN_EUR_MIRROR",1970892691
"Slovenia","Netherlands","Total","EXPORT","Total","Jan.-Dec. 2024","VALUE_IN_EUR",1072789245
"Slovenia","Netherlands","Total","EXPORT","Total","Jan.-Dec. 2024","VALUE_IN_EUR_MIRROR",875373773
"Slovenia","Poland","Total","IMPORT","Total","Jan.-Dec. 2024","VALUE_IN_EUR",1356468467
"Slovenia","Poland","Total","IMPORT","Total","Jan.-Dec. 2024","VALUE_IN_EUR_MIRROR",1353522577
"Slovenia","Poland","Total","EXPORT","Total","Jan.-Dec. 2024","VALUE_IN_EUR",2857696189
"Slovenia","Poland","Total","EXPORT","Total","Jan.-Dec. 2024","VALUE_IN_EUR_MIRROR",2754935002
"Slovenia","Portugal","Total","IMPORT","Total","Jan.-Dec. 2025","VALUE_IN_EUR_MIRROR",85358136
"Slovenia","Portugal","Total","IMPORT","Total","Jan.-Dec. 2024","VALUE_IN_EUR",104186753
"Slovenia","Portugal","Total","IMPORT","Total","Jan.-Dec. 2024","VALUE_IN_EUR_MIRROR",75053697
"Slovenia","Portugal","Total","EXPORT","Total","Jan.-Dec. 2025","VALUE_IN_EUR_MIRROR",194979630
"Slovenia","Portugal","Total","EXPORT","Total","Jan.-Dec. 2024","VALUE_IN_EUR",205633319
"Slovenia","Portugal","Total","EXPORT","Total","Jan.-Dec. 2024","VALUE_IN_EUR_MIRROR",207270041
"Slovenia","Romania","Total","IMPORT","Total","Jan.-Dec. 2024","VALUE_IN_EUR",497133231
"Slovenia","Romania","Total","IMPORT","Total","Jan.-Dec. 2024","VALUE_IN_EUR_MIRROR",470771021
"Slovenia","Romania","Total","EXPORT","Total","Jan.-Dec. 2024","VALUE_IN_EUR",1282169511
"Slovenia","Romania","Total","EXPORT","Total","Jan.-Dec. 2024","VALUE_IN_EUR_MIRROR",1116506874
"Slovenia","Sweden","Total","IMPORT","Total","Jan.-Dec. 2024","VALUE_IN_EUR",304333029
"Slovenia","Sweden","Total","IMPORT","Total","Jan.-Dec. 2024","VALUE_IN_EUR_MIRROR",263158958
"Slovenia","Sweden","Total","EXPORT","Total","Jan.-Dec. 2024","VALUE_IN_EUR",412002930
"Slovenia","Sweden","Total","EXPORT","Total","Jan.-Dec. 2024","VALUE_IN_EUR_MIRROR",356017465
"Slovenia","Slovakia","Total","IMPORT","Total","Jan.-Dec. 2024","VALUE_IN_EUR",692426992
"Slovenia","Slovakia","Total","IMPORT","Total","Jan.-Dec. 2024","VALUE_IN_EUR_MIRROR",788725021
"Slovenia","Slovakia","Total","EXPORT","Total","Jan.-Dec. 2024","VALUE_IN_EUR",1595726690
"Slovenia","Slovakia","Total","EXPORT","Total","Jan.-Dec. 2024","VALUE_IN_EUR_MIRROR",1482145872
"Slovakia","Austria","Total","IMPORT","Total","Jan.-Dec. 2024","VALUE_IN_EUR",8562990078
"Slovakia","Austria","Total","IMPORT","Total","Jan.-Dec. 2024","VALUE_IN_EUR_MIRROR",7887490270
"Slovakia","Austria","Total","EXPORT","Total","Jan.-Dec. 2024","VALUE_IN_EUR",5703946614
"Slovakia","Austria","Total","EXPORT","Total","Jan.-Dec. 2024","VALUE_IN_EUR_MIRROR",6101570624
"Slovakia","Belgium (incl. Luxembourg 'LU' -> 1998)","Total","IMPORT","Total","Jan.-Dec. 2024","VALUE_IN_EUR",1441796860
"Slovakia","Belgium (incl. Luxembourg 'LU' -> 1998)","Total","IMPORT","Total","Jan.-Dec. 2024","VALUE_IN_EUR_MIRROR",1670063639
"Slovakia","Belgium (incl. Luxembourg 'LU' -> 1998)","Total","EXPORT","Total","Jan.-Dec. 2024","VALUE_IN_EUR",1415293433
"Slovakia","Belgium (incl. Luxembourg 'LU' -> 1998)","Total","EXPORT","Total","Jan.-Dec. 2024","VALUE_IN_EUR_MIRROR",1582919957
"Slovakia","Bulgaria","Total","IMPORT","Total","Jan.-Dec. 2024","VALUE_IN_EUR",504363257
"Slovakia","Bulgaria","Total","IMPORT","Total","Jan.-Dec. 2024","VALUE_IN_EUR_MIRROR",450515854
"Slovakia","Bulgaria","Total","EXPORT","Total","Jan.-Dec. 2024","VALUE_IN_EUR",833870801
"Slovakia","Bulgaria","Total","EXPORT","Total","Jan.-Dec. 2024","VALUE_IN_EUR_MIRROR",616682167
"Slovakia","Cyprus","Total","IMPORT","Total","Jan.-Dec. 2024","VALUE_IN_EUR",42625408
"Slovakia","Cyprus","Total","IMPORT","Total","Jan.-Dec. 2024","VALUE_IN_EUR_MIRROR",15261538
"Slovakia","Cyprus","Total","EXPORT","Total","Jan.-Dec. 2024","VALUE_IN_EUR",58291568
"Slovakia","Cyprus","Total","EXPORT","Total","Jan.-Dec. 2024","VALUE_IN_EUR_MIRROR",56136532
"Slovakia","Czechia","Total","IMPORT","Total","Jan.-Dec. 2025","VALUE_IN_EUR_MIRROR",18856004423
"Slovakia","Czechia","Total","IMPORT","Total","Jan.-Dec. 2024","VALUE_IN_EUR",18473370288
"Slovakia","Czechia","Total","IMPORT","Total","Jan.-Dec. 2024","VALUE_IN_EUR_MIRROR",18080717753
"Slovakia","Czechia","Total","EXPORT","Total","Jan.-Dec. 2025","VALUE_IN_EUR_MIRROR",13353625302
"Slovakia","Czechia","Total","EXPORT","Total","Jan.-Dec. 2024","VALUE_IN_EUR",13026758171
"Slovakia","Czechia","Total","EXPORT","Total","Jan.-Dec. 2024","VALUE_IN_EUR_MIRROR",13134095662
"Slovakia","Germany (incl. German Democratic Republic 'DD' from 1991)","Total","IMPORT","Total","Jan.-Dec. 2024","VALUE_IN_EUR",20225037388
"Slovakia","Germany (incl. German Democratic Republic 'DD' from 1991)","Total","IMPORT","Total","Jan.-Dec. 2024","VALUE_IN_EUR_MIRROR",17797569739
"Slovakia","Germany (incl. German Democratic Republic 'DD' from 1991)","Total","EXPORT","Total","Jan.-Dec. 2024","VALUE_IN_EUR",22858304915
"Slovakia","Germany (incl. German Democratic Republic 'DD' from 1991)","Total","EXPORT","Total","Jan.-Dec. 2024","VALUE_IN_EUR_MIRROR",21384486315
"Slovakia","Denmark","Total","IMPORT","Total","Jan.-Dec. 2024","VALUE_IN_EUR",403797618
"Slovakia","Denmark","Total","IMPORT","Total","Jan.-Dec. 2024","VALUE_IN_EUR_MIRROR",401192368
"Slovakia","Denmark","Total","EXPORT","Total","Jan.-Dec. 2024","VALUE_IN_EUR",467989224
"Slovakia","Denmark","Total","EXPORT","Total","Jan.-Dec. 2024","VALUE_IN_EUR_MIRROR",404555995
"Slovakia","Estonia","Total","IMPORT","Total","Jan.-Dec. 2025","VALUE_IN_EUR_MIRROR",52710809
"Slovakia","Estonia","Total","IMPORT","Total","Jan.-Dec. 2024","VALUE_IN_EUR",58018815
"Slovakia","Estonia","Total","IMPORT","Total","Jan.-Dec. 2024","VALUE_IN_EUR_MIRROR",43620393
"Slovakia","Estonia","Total","EXPORT","Total","Jan.-Dec. 2025","VALUE_IN_EUR_MIRROR",254373700
"Slovakia","Estonia","Total","EXPORT","Total","Jan.-Dec. 2024","VALUE_IN_EUR",179015786
"Slovakia","Estonia","Total","EXPORT","Total","Jan.-Dec. 2024","VALUE_IN_EUR_MIRROR",149323633
"Slovakia","Spain (incl. Canary Islands 'XB' from 1997)","Total","IMPORT","Total","Jan.-Dec. 2025","VALUE_IN_EUR_MIRROR",2309708409
"Slovakia","Spain (incl. Canary Islands 'XB' from 1997)","Total","IMPORT","Total","Jan.-Dec. 2024","VALUE_IN_EUR",1874806091
"Slovakia","Spain (incl. Canary Islands 'XB' from 1997)","Total","IMPORT","Total","Jan.-Dec. 2024","VALUE_IN_EUR_MIRROR",2068660342
"Slovakia","Spain (incl. Canary Islands 'XB' from 1997)","Total","EXPORT","Total","Jan.-Dec. 2025","VALUE_IN_EUR_MIRROR",2428805601
"Slovakia","Spain (incl. Canary Islands 'XB' from 1997)","Total","EXPORT","Total","Jan.-Dec. 2024","VALUE_IN_EUR",2427334413
"Slovakia","Spain (incl. Canary Islands 'XB' from 1997)","Total","EXPORT","Total","Jan.-Dec. 2024","VALUE_IN_EUR_MIRROR",2370659687
"Slovakia","Finland","Total","IMPORT","Total","Jan.-Dec. 2024","VALUE_IN_EUR",209382951
"Slovakia","Finland","Total","IMPORT","Total","Jan.-Dec. 2024","VALUE_IN_EUR_MIRROR",168155827
"Slovakia","Finland","Total","EXPORT","Total","Jan.-Dec. 2024","VALUE_IN_EUR",291407146
"Slovakia","Finland","Total","EXPORT","Total","Jan.-Dec. 2024","VALUE_IN_EUR_MIRROR",242378483
"Slovakia","France (incl. Saint Barthélemy 'BL' -> 2012; incl. French Guiana 'GF', Guadeloupe 'GP', Martinique 'MQ', Réunion 'RE' from 1997; incl. Mayotte 'YT' from 2014)","Total","IMPORT","Total","Jan.-Dec. 2024","VALUE_IN_EUR",3094707631
"Slovakia","France (incl. Saint Barthélemy 'BL' -> 2012; incl. French Guiana 'GF', Guadeloupe 'GP', Martinique 'MQ', Réunion 'RE' from 1997; incl. Mayotte 'YT' from 2014)","Total","IMPORT","Total","Jan.-Dec. 2024","VALUE_IN_EUR_MIRROR",2730014100
"Slovakia","France (incl. Saint Barthélemy 'BL' -> 2012; incl. French Guiana 'GF', Guadeloupe 'GP', Martinique 'MQ', Réunion 'RE' from 1997; incl. Mayotte 'YT' from 2014)","Total","EXPORT","Total","Jan.-Dec. 2024","VALUE_IN_EUR",5065675860
"Slovakia","France (incl. Saint Barthélemy 'BL' -> 2012; incl. French Guiana 'GF', Guadeloupe 'GP', Martinique 'MQ', Réunion 'RE' from 1997; incl. Mayotte 'YT' from 2014)","Total","EXPORT","Total","Jan.-Dec. 2024","VALUE_IN_EUR_MIRROR",4157603085
"Slovakia","Greece","Total","IMPORT","Total","Jan.-Dec. 2025","VALUE_IN_EUR_MIRROR",164752841
"Slovakia","Greece","Total","IMPORT","Total","Jan.-Dec. 2024","VALUE_IN_EUR",221972776
"Slovakia","Greece","Total","IMPORT","Total","Jan.-Dec. 2024","VALUE_IN_EUR_MIRROR",253809811
"Slovakia","Greece","Total","EXPORT","Total","Jan.-Dec. 2025","VALUE_IN_EUR_MIRROR",283706128
"Slovakia","Greece","Total","EXPORT","Total","Jan.-Dec. 2024","VALUE_IN_EUR",308779079
"Slovakia","Greece","Total","EXPORT","Total","Jan.-Dec. 2024","VALUE_IN_EUR_MIRROR",255763174
"Slovakia","Croatia","Total","IMPORT","Total","Jan.-Dec. 2024","VALUE_IN_EUR",552237604
"Slovakia","Croatia","Total","IMPORT","Total","Jan.-Dec. 2024","VALUE_IN_EUR_MIRROR",572567532
"Slovakia","Croatia","Total","EXPORT","Total","Jan.-Dec. 2024","VALUE_IN_EUR",979493068
"Slovakia","Croatia","Total","EXPORT","Total","Jan.-Dec. 2024","VALUE_IN_EUR_MIRROR",971656417
"Slovakia","Hungary","Total","IMPORT","Total","Jan.-Dec. 2025","VALUE_IN_EUR_MIRROR",6961223210
"Slovakia","Hungary","Total","IMPORT","Total","Jan.-Dec. 2024","VALUE_IN_EUR",6878542640
"Slovakia","Hungary","Total","IMPORT","Total","Jan.-Dec. 2024","VALUE_IN_EUR_MIRROR",6805163544
"Slovakia","Hungary","Total","EXPORT","Total","Jan.-Dec. 2025","VALUE_IN_EUR_MIRROR",8354548956
"Slovakia","Hungary","Total","EXPORT","Total","Jan.-Dec. 2024","VALUE_IN_EUR",8319743309
"Slovakia","Hungary","Total","EXPORT","Total","Jan.-Dec. 2024","VALUE_IN_EUR_MIRROR",7727375953
"Slovakia","Ireland (Eire)","Total","IMPORT","Total","Jan.-Dec. 2025","VALUE_IN_EUR_MIRROR",167930888
"Slovakia","Ireland (Eire)","Total","IMPORT","Total","Jan.-Dec. 2024","VALUE_IN_EUR",434358683
"Slovakia","Ireland (Eire)","Total","IMPORT","Total","Jan.-Dec. 2024","VALUE_IN_EUR_MIRROR",194831137
"Slovakia","Ireland (Eire)","Total","EXPORT","Total","Jan.-Dec. 2025","VALUE_IN_EUR_MIRROR",218511231
"Slovakia","Ireland (Eire)","Total","EXPORT","Total","Jan.-Dec. 2024","VALUE_IN_EUR",314467737
"Slovakia","Ireland (Eire)","Total","EXPORT","Total","Jan.-Dec. 2024","VALUE_IN_EUR_MIRROR",236625563
"Slovakia","Italy (incl. San Marino 'SM' -> 1993)","Total","IMPORT","Total","Jan.-Dec. 2024","VALUE_IN_EUR",3823402513
"Slovakia","Italy (incl. San Marino 'SM' -> 1993)","Total","IMPORT","Total","Jan.-Dec. 2024","VALUE_IN_EUR_MIRROR",3815275535
"Slovakia","Italy (incl. San Marino 'SM' -> 1993)","Total","EXPORT","Total","Jan.-Dec. 2024","VALUE_IN_EUR",4632683073
"Slovakia","Italy (incl. San Marino 'SM' -> 1993)","Total","EXPORT","Total","Jan.-Dec. 2024","VALUE_IN_EUR_MIRROR",4463181165
"Slovakia","Lithuania","Total","IMPORT","Total","Jan.-Dec. 2025","VALUE_IN_EUR_MIRROR",235772578
"Slovakia","Lithuania","Total","IMPORT","Total","Jan.-Dec. 2024","VALUE_IN_EUR",238145833
"Slovakia","Lithuania","Total","IMPORT","Total","Jan.-Dec. 2024","VALUE_IN_EUR_MIRROR",226573281
"Slovakia","Lithuania","Total","EXPORT","Total","Jan.-Dec. 2025","VALUE_IN_EUR_MIRROR",225553657
"Slovakia","Lithuania","Total","EXPORT","Total","Jan.-Dec. 2024","VALUE_IN_EUR",267168868
"Slovakia","Lithuania","Total","EXPORT","Total","Jan.-Dec. 2024","VALUE_IN_EUR_MIRROR",207872814
"Slovakia","Luxembourg","Total","IMPORT","Total","Jan.-Dec. 2024","VALUE_IN_EUR",161233853
"Slovakia","Luxembourg","Total","IMPORT","Total","Jan.-Dec. 2024","VALUE_IN_EUR_MIRROR",70575647
"Slovakia","Luxembourg","Total","EXPORT","Total","Jan.-Dec. 2024","VALUE_IN_EUR",116772681
"Slovakia","Luxembourg","Total","EXPORT","Total","Jan.-Dec. 2024","VALUE_IN_EUR_MIRROR",63574773
"Slovakia","Latvia","Total","IMPORT","Total","Jan.-Dec. 2025","VALUE_IN_EUR_MIRROR",81719251
"Slovakia","Latvia","Total","IMPORT","Total","Jan.-Dec. 2024","VALUE_IN_EUR",72217618
"Slovakia","Latvia","Total","IMPORT","Total","Jan.-Dec. 2024","VALUE_IN_EUR_MIRROR",63974580
"Slovakia","Latvia","Total","EXPORT","Total","Jan.-Dec. 2025","VALUE_IN_EUR_MIRROR",219924451
"Slovakia","Latvia","Total","EXPORT","Total","Jan.-Dec. 2024","VALUE_IN_EUR",252629284
"Slovakia","Latvia","Total","EXPORT","Total","Jan.-Dec. 2024","VALUE_IN_EUR_MIRROR",223641069
"Slovakia","Malta","Total","IMPORT","Total","Jan.-Dec. 2024","VALUE_IN_EUR",30973974
"Slovakia","Malta","Total","IMPORT","Total","Jan.-Dec. 2024","VALUE_IN_EUR_MIRROR",5264498
"Slovakia","Malta","Total","EXPORT","Total","Jan.-Dec. 2024","VALUE_IN_EUR",12004310
"Slovakia","Malta","Total","EXPORT","Total","Jan.-Dec. 2024","VALUE_IN_EUR_MIRROR",5547125
"Slovakia","Netherlands","Total","IMPORT","Total","Jan.-Dec. 2024","VALUE_IN_EUR",3104407654
"Slovakia","Netherlands","Total","IMPORT","Total","Jan.-Dec. 2024","VALUE_IN_EUR_MIRROR",2871117428
"Slovakia","Netherlands","Total","EXPORT","Total","Jan.-Dec. 2024","VALUE_IN_EUR",2073395520
"Slovakia","Netherlands","Total","EXPORT","Total","Jan.-Dec. 2024","VALUE_IN_EUR_MIRROR",1515780775
"Slovakia","Poland","Total","IMPORT","Total","Jan.-Dec. 2024","VALUE_IN_EUR",8998665621
"Slovakia","Poland","Total","IMPORT","Total","Jan.-Dec. 2024","VALUE_IN_EUR_MIRROR",9457129093
"Slovakia","Poland","Total","EXPORT","Total","Jan.-Dec. 2024","VALUE_IN_EUR",8125912284
"Slovakia","Poland","Total","EXPORT","Total","Jan.-Dec. 2024","VALUE_IN_EUR_MIRROR",7259937048
"Slovakia","Portugal","Total","IMPORT","Total","Jan.-Dec. 2025","VALUE_IN_EUR_MIRROR",461899782
"Slovakia","Portugal","Total","IMPORT","Total","Jan.-Dec. 2024","VALUE_IN_EUR",448212493
"Slovakia","Portugal","Total","IMPORT","Total","Jan.-Dec. 2024","VALUE_IN_EUR_MIRROR",470442312
"Slovakia","Portugal","Total","EXPORT","Total","Jan.-Dec. 2025","VALUE_IN_EUR_MIRROR",430068658
"Slovakia","Portugal","Total","EXPORT","Total","Jan.-Dec. 2024","VALUE_IN_EUR",331754183
"Slovakia","Portugal","Total","EXPORT","Total","Jan.-Dec. 2024","VALUE_IN_EUR_MIRROR",324417480
"Slovakia","Romania","Total","IMPORT","Total","Jan.-Dec. 2024","VALUE_IN_EUR",2111792022
"Slovakia","Romania","Total","IMPORT","Total","Jan.-Dec. 2024","VALUE_IN_EUR_MIRROR",2045427992
"Slovakia","Romania","Total","EXPORT","Total","Jan.-Dec. 2024","VALUE_IN_EUR",2813792260
"Slovakia","Romania","Total","EXPORT","Total","Jan.-Dec. 2024","VALUE_IN_EUR_MIRROR",2583853253
"Slovakia","Sweden","Total","IMPORT","Total","Jan.-Dec. 2024","VALUE_IN_EUR",668627484
"Slovakia","Sweden","Total","IMPORT","Total","Jan.-Dec. 2024","VALUE_IN_EUR_MIRROR",475212743
"Slovakia","Sweden","Total","EXPORT","Total","Jan.-Dec. 2024","VALUE_IN_EUR",1514530580
"Slovakia","Sweden","Total","EXPORT","Total","Jan.-Dec. 2024","VALUE_IN_EUR_MIRROR",1508343483
"Slovakia","Slovenia","Total","IMPORT","Total","Jan.-Dec. 2024","VALUE_IN_EUR",1482145872
"Slovakia","Slovenia","Total","IMPORT","Total","Jan.-Dec. 2024","VALUE_IN_EUR_MIRROR",1595726690
"Slovakia","Slovenia","Total","EXPORT","Total","Jan.-Dec. 2024","VALUE_IN_EUR",788725021
"Slovakia","Slovenia","Total","EXPORT","Total","Jan.-Dec. 2024","VALUE_IN_EUR_MIRROR",692426992
